kind,id,slug,family,contentClass,indexable
product,prod-nox-at10-18k-2026,nox-at10-genius-18k-2026,Rackets,EXCELLENT,true
product,prod-bullpadel-vertex-04,bullpadel-vertex-04,Rackets,EXCELLENT,true
product,prod-babolat-technical-viper,babolat-technical-viper-3-0,Rackets,EXCELLENT,true
product,prod-head-coello-pro,head-coello-pro-2026,Rackets,EXCELLENT,true
product,prod-siux-diablo,siux-diablo-pro-2026,Rackets,EXCELLENT,true
product,prod-adidas-courtstabil,adidas-courtquick-padel,Shoes,EXCELLENT,true
product,prod-head-padel-pro-s,head-padel-pro-s-balls,Balls,EXCELLENT,true
product,prod-wilson-overgrip,wilson-padel-overgrip-pack,Grips,EXCELLENT,true
product,prod-wilson-bela-pro,wilson-bela-pro-v3,Rackets,EXCELLENT,true
product,prod-starvie-titania-kepler,starvie-titania-kepler,Rackets,EXCELLENT,true
product,prod-adidas-metalbone-hrd,adidas-metalbone-hrd-2026,Rackets,EXCELLENT,true
product,prod-varlion-lw-carbon-difusor,varlion-lw-carbon-difusor,Rackets,EXCELLENT,true
product,prod-nox-ml10-pro-cup,nox-ml10-pro-cup,Rackets,EXCELLENT,true
product,prod-bullpadel-hack-03,bullpadel-hack-03,Rackets,EXCELLENT,true
product,prod-babolat-counter-viper,babolat-counter-viper,Rackets,EXCELLENT,true
product,prod-head-extreme-pro-padel,head-extreme-pro-padel,Rackets,EXCELLENT,true
product,prod-wilson-blade-pro-padel,wilson-blade-pro-v3-padel,Rackets,EXCELLENT,true
product,prod-starvie-basalto-osiris,starvie-basalto-osiris,Rackets,EXCELLENT,true
product,prod-bullpadel-vertex-05,bullpadel-vertex-05-2026,Rackets,EXCELLENT,true
product,prod-bullpadel-hack-04,bullpadel-hack-04-2026,Rackets,EXCELLENT,true
product,prod-nox-at10-12k-2026,nox-at10-genius-12k-alum-xtrem-2026,Rackets,EXCELLENT,true
product,prod-adidas-metalbone-3-3-2026,adidas-metalbone-3-3,Rackets,EXCELLENT,true
product,prod-head-extreme-motion-2026,head-extreme-motion,Rackets,EXCELLENT,true
product,prod-tecnifibre-wall-breaker-365-2026,tecnifibre-wall-breaker-365,Rackets,EXCELLENT,true
product,prod-oxdog-sense-pro-2026,oxdog-sense-pro,Rackets,EXCELLENT,true
product,prod-lok-maxx-flow,lok-maxx-flow,Rackets,EXCELLENT,true
product,prod-asics-gel-resolution-padel,asics-gel-resolution-padel,Shoes,EXCELLENT,true
product,prod-asics-gel-challenger-court,asics-gel-challenger-court,Shoes,EXCELLENT,true
product,prod-babolat-jet-premura,babolat-jet-premura,Shoes,EXCELLENT,true
product,prod-joma-t-slam,joma-t-slam,Shoes,EXCELLENT,true
product,prod-head-revolt-pro-court,head-revolt-pro-court,Shoes,GOOD,true
product,prod-adidas-crazyquick-boost-m,adidas-crazyquick-boost-padel,Shoes,GOOD,true
product,prod-adidas-courtquick-w,adidas-courtquick-padel-women,Shoes,EXCELLENT,true
product,prod-adidas-crazyquick-boost-w,adidas-crazyquick-boost-padel-women,Shoes,GOOD,true
product,prod-asics-gel-dedicate-8-padel,asics-gel-dedicate-8-padel,Shoes,EXCELLENT,true
product,prod-asics-game-ff-padel,asics-game-ff-padel,Shoes,GOOD,true
product,prod-asics-solution-swift-ff2-padel,asics-solution-swift-ff2-padel,Shoes,GOOD,true
product,prod-bullpadel-hybrid-fly,bullpadel-hybrid-fly,Shoes,EXCELLENT,true
product,prod-bullpadel-ionic-woman,bullpadel-ionic-woman,Shoes,EXCELLENT,true
product,prod-nox-at10-lux,nox-at10-lux,Shoes,GOOD,true
product,prod-nox-ml10-hexa,nox-ml10-hexa,Shoes,GOOD,true
product,prod-babolat-movea-2,babolat-movea-2,Shoes,EXCELLENT,true
product,prod-babolat-sensa-women,babolat-sensa-women,Shoes,EXCELLENT,true
product,prod-joma-slam-lady,joma-slam-lady,Shoes,GOOD,true
product,prod-joma-spin-men,joma-spin-men,Shoes,GOOD,true
product,prod-head-sprint-pro-4-padel,head-sprint-pro-4-padel,Shoes,GOOD,true
product,prod-wilson-rush-pro-5-padel,wilson-rush-pro-5-padel,Shoes,GOOD,true
product,prod-kuikma-ps-990,kuikma-ps-990,Shoes,GOOD,true
product,prod-asics-gel-resolution-padel-w,asics-gel-resolution-padel-women,Shoes,GOOD,true
product,prod-joma-spin-lady,joma-spin-lady,Shoes,GOOD,true
product,prod-babolat-jet-premura-2-men,babolat-jet-premura-2,Shoes,EXCELLENT,true
product,prod-nox-at10-attack-18k-2026,nox-at10-genius-attack-18k-2026,Rackets,EXCELLENT,true
product,prod-nox-equation-soft-2026,nox-equation-soft-advanced-2026,Rackets,EXCELLENT,true
product,prod-bullpadel-vertex-05-hybrid,bullpadel-vertex-05-hybrid-2026,Rackets,EXCELLENT,true
product,prod-bullpadel-vertex-05-w,bullpadel-vertex-05-w-2026,Rackets,EXCELLENT,true
product,prod-bullpadel-hack-04-hybrid,bullpadel-hack-04-hybrid-2026,Rackets,EXCELLENT,true
product,prod-bullpadel-hack-04-comfort,bullpadel-hack-04-comfort-2026,Rackets,EXCELLENT,true
product,prod-bullpadel-neuron-02,bullpadel-neuron-02-2026,Rackets,EXCELLENT,true
product,prod-bullpadel-neuron-02-edge,bullpadel-neuron-02-edge-2026,Rackets,EXCELLENT,true
product,prod-bullpadel-xplo,bullpadel-xplo-2026,Rackets,EXCELLENT,true
product,prod-bullpadel-xplo-comfort,bullpadel-xplo-comfort-2026,Rackets,EXCELLENT,true
product,prod-bullpadel-ionic-light,bullpadel-ionic-light-2026,Rackets,EXCELLENT,true
product,prod-bullpadel-indiga-ctr,bullpadel-indiga-ctr-2026,Rackets,EXCELLENT,true
product,prod-bullpadel-vertex-advance,bullpadel-vertex-advance-2026,Rackets,EXCELLENT,true
product,prod-adidas-metalbone-3-5-2026,adidas-metalbone-3-5-2026,Rackets,EXCELLENT,true
product,prod-adidas-metalbone-ctrl,adidas-metalbone-ctrl-2026,Rackets,EXCELLENT,true
product,prod-adidas-metalbone-team-light,adidas-metalbone-team-light-2026,Rackets,EXCELLENT,true
product,prod-adidas-cross-it-light,adidas-cross-it-light-2026,Rackets,EXCELLENT,true
product,prod-adidas-cross-it-ctrl,adidas-cross-it-ctrl-2026,Rackets,EXCELLENT,true
product,prod-adidas-arrow-hit-ctrl,adidas-arrow-hit-ctrl-2026,Rackets,EXCELLENT,true
product,prod-adidas-arrow-hit-attk,adidas-arrow-hit-2026,Rackets,EXCELLENT,true
product,prod-adidas-match-light,adidas-match-light-2026,Rackets,EXCELLENT,true
product,prod-head-coello-motion,head-coello-motion-2026,Rackets,EXCELLENT,true
product,prod-head-coello-team,head-coello-team-2026,Rackets,EXCELLENT,true
product,prod-head-gravity-pro,head-gravity-pro,Rackets,EXCELLENT,true
product,prod-head-gravity-motion,head-gravity-motion,Rackets,EXCELLENT,true
product,prod-head-speed-pro,head-speed-pro,Rackets,EXCELLENT,true
product,prod-head-one-ultralight,head-one-ultralight,Rackets,EXCELLENT,true
product,prod-babolat-air-viper,babolat-air-viper-2-6,Rackets,EXCELLENT,true
product,prod-babolat-air-veron,babolat-air-veron-2-6,Rackets,EXCELLENT,true
product,prod-siux-electra,siux-electra-pro-2026,Rackets,EXCELLENT,true
product,prod-siux-fenix,siux-fenix-pro-2026,Rackets,EXCELLENT,true
product,prod-starvie-astrum,starvie-astrum-plus-2026,Rackets,EXCELLENT,true
product,prod-kuikma-pr-hybrid-carbon,kuikma-pr-hybrid-carbon,Rackets,EXCELLENT,true
product,prod-kuikma-pr-comfort-soft,kuikma-pr-comfort-soft,Rackets,EXCELLENT,true
product,prod-head-padel-pro-plus,head-padel-pro-plus,Balls,EXCELLENT,true
product,prod-head-padel-team,head-padel-team,Balls,GOOD,true
product,prod-head-padel-one,head-padel-one,Balls,GOOD,true
product,prod-kuikma-pb-speed,kuikma-pb-speed,Balls,EXCELLENT,true
product,prod-kuikma-pb-control,kuikma-pb-control,Balls,GOOD,true
product,prod-kuikma-pb-club,kuikma-pb-club,Balls,GOOD,true
product,prod-wilson-padel-premier,wilson-padel-premier,Balls,GOOD,true
product,prod-wilson-padel-premier-speed,wilson-padel-premier-speed,Balls,EXCELLENT,true
product,prod-bullpadel-premium-pro,bullpadel-premium-pro,Balls,GOOD,true
product,prod-adidas-speed-rx,adidas-speed-rx-padel-balls,Balls,GOOD,true
product,prod-babolat-court-padel-balls,babolat-court-padel-balls,Balls,GOOD,true
product,prod-dunlop-pro-padel,dunlop-pro-padel,Balls,GOOD,true
product,prod-tecnifibre-padel-team,tecnifibre-padel-team-balls,Balls,GOOD,true
product,prod-nox-at10-team-bag,nox-at10-team-paletero,Bags,EXCELLENT,true
product,prod-babolat-rh-pro-padel,babolat-rh-pro-padel,Bags,GOOD,true
product,prod-bullpadel-vertex-backpack,bullpadel-vertex-geo-backpack,Bags,EXCELLENT,true
product,prod-tecnifibre-tour-endurance-backpack,tecnifibre-tour-endurance-padel-backpack,Bags,EXCELLENT,true
product,prod-babolat-court-backpack,babolat-court-backpack,Bags,GOOD,true
product,prod-adidas-protour-padel,adidas-protour-padel-bag,Bags,EXCELLENT,true
product,prod-head-tour-team-padel,head-tour-team-padel-bag,Bags,EXCELLENT,true
product,prod-head-elite-backpack,head-elite-padel-backpack,Bags,EXCELLENT,true
product,prod-wilson-super-tour-padel,wilson-super-tour-padel-bag,Bags,EXCELLENT,true
product,prod-nox-at10-xxl-bag,nox-at10-xxl-padel-bag,Bags,EXCELLENT,true
product,prod-bullpadel-gb1200,bullpadel-hac-overgrip,Grips,EXCELLENT,true
product,prod-nox-pro-overgrip,nox-pro-overgrip,Grips,EXCELLENT,true
product,prod-head-xtreme-soft,head-xtreme-soft-overgrip,Grips,EXCELLENT,true
product,prod-babolat-pro-response,babolat-pro-response-overgrip,Grips,EXCELLENT,true
product,prod-kuikma-overgrip,kuikma-padel-overgrip,Grips,EXCELLENT,true
product,prod-babolat-syntec-pro,babolat-syntec-pro-replacement-grip,Grips,EXCELLENT,true
product,prod-hesacore-padel,hesacore-padel-grip,Grips,EXCELLENT,true
product,prod-adidas-padel-overgrip,adidas-padel-overgrip,Grips,EXCELLENT,true
product,prod-bullpadel-frame-protector,bullpadel-frame-protector-3-pack,Accessories,GOOD,true
product,prod-nox-frame-protector,nox-transparent-frame-protector,Accessories,EXCELLENT,true
product,prod-bullpadel-pascal-box,bullpadel-pascal-box-3b,Accessories,GOOD,true
product,prod-head-x3-pressurizer,head-x3-ball-pressurizer,Accessories,GOOD,true
product,prod-bullpadel-custom-weight,bullpadel-protector-custom-weight,Accessories,EXCELLENT,true
product,prod-4on-totalgrip,4on-totalgrip,Accessories,EXCELLENT,true
product,prod-ball-rescuer-ball-rescuer,ball-rescuer-ball-rescuer,Accessories,GOOD,true
product,prod-black-crown-black-crown-wristband,black-crown-black-crown-wristband,Accessories,EXCELLENT,true
product,prod-bullpadel-custom-weight-grip,bullpadel-custom-weight-grip,Accessories,EXCELLENT,true
product,prod-bullpadel-frame-protector-uni,bullpadel-frame-protector-uni,Accessories,EXCELLENT,true
product,prod-enebe-enebe-protector-line,enebe-enebe-protector-line,Accessories,EXCELLENT,true
product,prod-head-antishock-skin,head-antishock-skin,Accessories,EXCELLENT,true
product,prod-head-x3-pump,head-x3-pump,Accessories,GOOD,true
product,prod-nox-weight-balancer-2-4g,nox-weight-balancer-2-4g,Accessories,EXCELLENT,true
product,prod-shockout-gravity,shockout-gravity,Accessories,EXCELLENT,true
product,prod-softee-softee-protector,softee-softee-protector,Accessories,EXCELLENT,true
product,prod-starvie-transparent-protector-2026,starvie-transparent-protector-2026,Accessories,EXCELLENT,true
product,prod-vibora-vibor-a-transparent,vibora-vibor-a-transparent,Accessories,EXCELLENT,true
product,prod-adidas-control-2026,adidas-control-2026,Bags,GOOD,true
product,prod-adidas-protour-backpack-2026,adidas-protour-backpack-2026,Bags,GOOD,true
product,prod-adidas-tour,adidas-tour,Bags,GOOD,true
product,prod-babolat-rh-perf,babolat-rh-perf,Bags,GOOD,true
product,prod-black-crown-spartan,black-crown-spartan,Bags,GOOD,true
product,prod-black-crown-thunder,black-crown-thunder,Bags,GOOD,true
product,prod-black-crown-ultimate-pro-2-0,black-crown-ultimate-pro-2-0,Bags,GOOD,true
product,prod-bullpadel-casual-bpp26016,bullpadel-casual-bpp26016,Bags,GOOD,true
product,prod-bullpadel-elite-bpp26019,bullpadel-elite-bpp26019,Bags,GOOD,true
product,prod-bullpadel-icon-bpp26023,bullpadel-icon-bpp26023,Bags,GOOD,true
product,prod-bullpadel-ionic-bpp26005,bullpadel-ionic-bpp26005,Bags,GOOD,true
product,prod-bullpadel-neuron-bpm26020,bullpadel-neuron-bpm26020,Bags,GOOD,true
product,prod-bullpadel-pearl-bpm27017,bullpadel-pearl-bpm27017,Bags,GOOD,true
product,prod-bullpadel-tour-bpp26015,bullpadel-tour-bpp26015,Bags,GOOD,true
product,prod-bullpadel-wonder-bpp26024,bullpadel-wonder-bpp26024,Bags,GOOD,true
product,prod-bullpadel-xplo-bpp26022,bullpadel-xplo-bpp26022,Bags,GOOD,true
product,prod-bullpadel-bpm26002-hack,bullpadel-bpm26002-hack,Bags,GOOD,true
product,prod-bullpadel-bpm26007-bpm26008-vertex,bullpadel-bpm26007-bpm26008-vertex,Bags,GOOD,true
product,prod-bullpadel-bpp26001-vertex,bullpadel-bpp26001-vertex,Bags,GOOD,true
product,prod-bullpadel-bpp26022-xplo,bullpadel-bpp26022-xplo,Bags,GOOD,true
product,prod-drop-shot-blitz,drop-shot-blitz,Bags,GOOD,true
product,prod-head-coello-pro-x-backpack,head-coello-pro-x-backpack,Bags,GOOD,true
product,prod-head-coello-pro-x-duffle-l,head-coello-pro-x-duffle-l,Bags,GOOD,true
product,prod-head-coello-tour-backpack,head-coello-tour-backpack,Bags,GOOD,true
product,prod-head-coello-tour-bag,head-coello-tour-bag,Bags,GOOD,true
product,prod-head-tour-backpack-25l,head-tour-backpack-25l,Bags,GOOD,true
product,prod-head-pro-x-bag-l,head-pro-x-bag-l,Bags,GOOD,true
product,prod-kuikma-pl-900-elite,kuikma-pl-900-elite,Bags,GOOD,true
product,prod-lok-aventure-gen-2,lok-aventure-gen-2,Bags,GOOD,true
product,prod-lok-maxx-gen-2,lok-maxx-gen-2-paletero,Bags,EXCELLENT,true
product,prod-nox-at10-competition-trolley,nox-at10-competition-trolley,Bags,GOOD,true
product,prod-nox-at10-team,nox-at10-team,Bags,GOOD,true
product,prod-nox-luxury-master-backpack,nox-luxury-master-backpack,Bags,GOOD,true
product,prod-nox-luxury-master-series,nox-luxury-master-series,Bags,GOOD,true
product,prod-nox-luxury-open-backpack,nox-luxury-open-backpack,Bags,GOOD,true
product,prod-nox-luxury-open-series,nox-luxury-open-series,Bags,GOOD,true
product,prod-nox-pro-series-backpack,nox-pro-series-backpack,Bags,GOOD,true
product,prod-oxdog-hyper-tour-thermo-backpack,oxdog-hyper-tour-thermo-backpack,Bags,EXCELLENT,true
product,prod-royal-padel-force,royal-padel-force,Bags,GOOD,true
product,prod-siux-nomad,siux-nomad,Bags,GOOD,true
product,prod-siux-electra-stupa-2026,siux-electra-stupa-2026,Bags,GOOD,true
product,prod-siux-tour,siux-tour,Bags,GOOD,true
product,prod-siux-trail,siux-trail,Bags,GOOD,true
product,prod-starvie-hard-eva,starvie-hard-eva,Bags,EXCELLENT,true
product,prod-starvie-hard-eva-backpack,starvie-hard-eva-backpack,Bags,EXCELLENT,true
product,prod-starvie-pro-master,starvie-pro-master,Bags,GOOD,true
product,prod-starvie-tactic-pro,starvie-tactic-pro,Bags,GOOD,true
product,prod-tecnifibre-tour-endurance-bag,tecnifibre-tour-endurance-bag,Bags,GOOD,true
product,prod-varlion-summum-pro,varlion-summum-pro,Bags,GOOD,true
product,prod-wilson-bela-super-tour-backpack,wilson-bela-super-tour-backpack,Bags,GOOD,true
product,prod-wilson-super-tour-2026,wilson-super-tour-2026,Bags,GOOD,true
product,prod-babolat-court,babolat-court,Balls,GOOD,true
product,prod-black-crown-one,black-crown-one,Balls,GOOD,true
product,prod-black-crown-pro,black-crown-pro,Balls,GOOD,true
product,prod-bullpadel-fip-next-pro,bullpadel-fip-next-pro,Balls,GOOD,true
product,prod-bullpadel-next,bullpadel-next,Balls,GOOD,true
product,prod-drop-shot-speed-tech,drop-shot-speed-tech,Balls,GOOD,true
product,prod-drop-shot-tournament-tech,drop-shot-tournament-tech,Balls,GOOD,true
product,prod-drop-shot-training-tech,drop-shot-training-tech,Balls,GOOD,true
product,prod-dunlop-eco,dunlop-eco,Balls,GOOD,true
product,prod-dunlop-pro,dunlop-pro,Balls,GOOD,true
product,prod-fila-premium-pro,fila-premium-pro,Balls,GOOD,true
product,prod-nox-nerbo,nox-nerbo,Balls,GOOD,true
product,prod-nox-nerbo-speed,nox-nerbo-speed,Balls,GOOD,true
product,prod-nox-pro-titanium,nox-pro-titanium,Balls,GOOD,true
product,prod-osaka-pro-tour,osaka-pro-tour,Balls,GOOD,true
product,prod-osaka-vision,osaka-vision,Balls,GOOD,true
product,prod-oxdog-boost,oxdog-boost,Balls,GOOD,true
product,prod-rs-champions-choice,rs-champions-choice,Balls,GOOD,true
product,prod-rs-nova-x,rs-nova-x,Balls,GOOD,true
product,prod-siux-neo,siux-neo,Balls,GOOD,true
product,prod-siux-neo-speed-neo-s,siux-neo-speed-neo-s,Balls,GOOD,true
product,prod-tecnifibre-padel-tour,tecnifibre-padel-tour,Balls,GOOD,true
product,prod-tretorn-serie-padel-control,tretorn-serie-padel-control,Balls,GOOD,true
product,prod-tretorn-serie-padel-tour,tretorn-serie-padel-tour,Balls,GOOD,true
product,prod-varlion-summum-pro-s,varlion-summum-pro-s,Balls,GOOD,true
product,prod-varlion-summum-pro-w,varlion-summum-pro-w,Balls,GOOD,true
product,prod-volt-premium,volt-premium,Balls,GOOD,true
product,prod-wilson-premier-padel,wilson-premier-padel,Balls,GOOD,true
product,prod-wilson-rush-100,wilson-rush-100,Balls,GOOD,true
product,prod-babolat-vs-original,babolat-vs-original,Grips,EXCELLENT,true
product,prod-black-crown-black-crown-perforated,black-crown-black-crown-perforated,Grips,EXCELLENT,true
product,prod-bullpadel-comfort-overgrip,bullpadel-comfort-overgrip,Grips,EXCELLENT,true
product,prod-drop-shot-club,drop-shot-club,Grips,EXCELLENT,true
product,prod-drop-shot-super-tacky,drop-shot-super-tacky,Grips,EXCELLENT,true
product,prod-head-xtreme-soft-xtremesoft,head-xtreme-soft-xtremesoft,Grips,EXCELLENT,true
product,prod-hesacore-pro-carbon,hesacore-pro-carbon,Grips,EXCELLENT,true
product,prod-hesacore-tour-original,hesacore-tour-original,Grips,EXCELLENT,true
product,prod-siux-elite-overgrip,siux-elite-overgrip,Grips,EXCELLENT,true
product,prod-starvie-premier-soft,starvie-premier-soft,Grips,EXCELLENT,true
product,prod-tecnifibre-players-pro-feel,tecnifibre-players-pro-feel,Grips,EXCELLENT,true
product,prod-wilson-wilson-replacement-grip,wilson-wilson-replacement-grip,Grips,EXCELLENT,true
product,prod-wilson-profile-padel,wilson-profile-padel,Grips,EXCELLENT,true
product,prod-yonex-super-grap,yonex-super-grap,Grips,EXCELLENT,true
product,prod-adidas-accessory-pouch-2026,adidas-accessory-pouch-2026,Accessories,EXCELLENT,true
product,prod-adidas-shoe-bag-ale-gal-n,adidas-shoe-bag-ale-gal-n,Accessories,EXCELLENT,true
product,prod-oxdog-gold-pro,oxdog-gold-pro,Grips,EXCELLENT,true
product,prod-oxdog-gold-sticky,oxdog-gold-sticky,Grips,EXCELLENT,true
product,prod-black-crown-plus,black-crown-plus,Bags,GOOD,true
product,prod-lok-one-gen-2,lok-one-gen-2,Bags,GOOD,true
product,prod-lok-accessory-bag-gen-2,lok-accessory-bag-gen-2,Bags,GOOD,true
product,prod-volt-volt-padelbag,volt-volt-padelbag,Bags,GOOD,true
product,prod-volt-volt-premium,volt-volt-premium,Grips,EXCELLENT,true
product,prod-royal-padel-royal-overgrip,royal-padel-royal-overgrip,Grips,EXCELLENT,true
product,prod-4on-totalgrip-paste,4on-totalgrip-paste,Accessories,EXCELLENT,true
product,prod-4on-swiftgrip,4on-swiftgrip,Grips,EXCELLENT,true
product,prod-4on-pro-t1,4on-pro-t1,Balls,GOOD,true
product,prod-head-prime-tour,head-prime-tour,Grips,EXCELLENT,true
product,prod-bullpadel-vertex-w,bullpadel-vertex-w,Shoes,EXCELLENT,true
review,review-bullpadel-vertex-05,bullpadel-vertex-05-2026,Rackets,EXCELLENT,true
review,review-bullpadel-hack-04,bullpadel-hack-04-2026,Rackets,EXCELLENT,true
review,review-bullpadel-vertex-05-hybrid,bullpadel-vertex-05-hybrid-2026,Rackets,EXCELLENT,true
review,review-bullpadel-indiga-ctr,bullpadel-indiga-ctr-2026,Rackets,EXCELLENT,true
review,review-nox-at10-18k-2026,nox-at10-genius-18k-2026,Rackets,EXCELLENT,true
review,review-nox-at10-12k-2026,nox-at10-genius-12k-alum-xtrem-2026,Rackets,EXCELLENT,true
review,review-nox-ml10-pro-cup,nox-ml10-pro-cup,Rackets,EXCELLENT,true
review,review-adidas-metalbone-3-5-2026,adidas-metalbone-3-5-2026,Rackets,EXCELLENT,true
review,review-head-coello-pro,head-coello-pro-2026,Rackets,EXCELLENT,true
review,review-head-gravity-pro,head-gravity-pro,Rackets,EXCELLENT,true
review,review-babolat-technical-viper,babolat-technical-viper-3-0,Rackets,EXCELLENT,true
review,review-kuikma-pr-comfort-soft,kuikma-pr-comfort-soft,Rackets,EXCELLENT,true
review,review-asics-gel-resolution-padel,asics-gel-resolution-padel,Shoes,EXCELLENT,true
review,review-adidas-crazyquick-boost-m,adidas-crazyquick-boost-padel,Shoes,EXCELLENT,true
review,review-adidas-courtquick,adidas-courtquick-padel,Shoes,EXCELLENT,true
review,review-joma-t-slam,joma-t-slam,Shoes,EXCELLENT,true
review,review-babolat-jet-premura,babolat-jet-premura,Shoes,EXCELLENT,true
review,review-nox-at10-lux,nox-at10-lux,Shoes,EXCELLENT,true
review,review-head-sprint-pro-4-padel,head-sprint-pro-4-padel,Shoes,EXCELLENT,true
review,review-kuikma-ps-990,kuikma-ps-990,Shoes,EXCELLENT,true
review,review-wilson-overgrip,wilson-padel-overgrip-pack,Grips,EXCELLENT,true
review,review-hesacore-padel,hesacore-padel-grip,Grips,EXCELLENT,true
review,review-bullpadel-hac-overgrip,bullpadel-hac-overgrip,Grips,EXCELLENT,true
review,review-head-padel-pro-s,head-padel-pro-s,Balls,GOOD,true
review,review-nox-at10-team-bag,nox-at10-team-bag,Bags,EXCELLENT,true
review,review-bullpadel-pascal-box,bullpadel-pascal-box-3b,Accessories,EXCELLENT,true
best,best-padel-rackets,padel-rackets,Best,EXCELLENT,true
best,best-padel-rackets-beginners,padel-rackets-beginners,Best,EXCELLENT,true
best,best-padel-rackets-intermediate,padel-rackets-intermediate,Best,EXCELLENT,true
best,best-padel-rackets-advanced,padel-rackets-advanced,Best,EXCELLENT,true
best,best-padel-rackets-control,padel-rackets-control,Best,EXCELLENT,true
best,best-padel-rackets-power,padel-rackets-power,Best,EXCELLENT,true
best,best-padel-rackets-all-round,padel-rackets-all-round,Best,EXCELLENT,true
best,best-padel-rackets-lightweight,padel-rackets-lightweight,Best,EXCELLENT,true
best,best-padel-rackets-comfort,padel-rackets-comfort,Best,EXCELLENT,true
best,best-padel-rackets-maneuverability,padel-rackets-maneuverability,Best,EXCELLENT,true
best,best-padel-rackets-women,padel-rackets-women,Best,EXCELLENT,true
best,best-padel-rackets-value,padel-rackets-value,Best,EXCELLENT,true
best,best-padel-shoes,padel-shoes,Best,EXCELLENT,true
best,best-padel-shoes-men,padel-shoes-men,Best,EXCELLENT,true
best,best-padel-shoes-women,padel-shoes-women,Best,EXCELLENT,true
best,best-padel-shoes-stability,padel-shoes-stability,Best,EXCELLENT,true
best,best-padel-shoes-comfort,padel-shoes-comfort,Best,EXCELLENT,true
best,best-padel-shoes-lightweight,padel-shoes-lightweight,Best,EXCELLENT,true
best,best-padel-shoes-value,padel-shoes-value,Best,EXCELLENT,true
best,best-padel-balls,padel-balls,Best,EXCELLENT,true
best,best-padel-overgrips,padel-overgrips,Best,EXCELLENT,true
best,best-padel-overgrips-sweaty,padel-overgrips-sweaty-hands,Best,EXCELLENT,true
best,best-padel-tacky-overgrips,padel-tacky-overgrips,Best,EXCELLENT,true
best,best-padel-ergonomic-grips,padel-ergonomic-grip-systems,Best,EXCELLENT,true
best,best-padel-bags,padel-bags,Best,EXCELLENT,true
best,best-padel-ball-pressurizers,padel-ball-pressurizers,Best,EXCELLENT,true
buying,guide-choose-padel-racket,how-to-choose-a-padel-racket,Buying,EXCELLENT,true
buying,guide-padel-racket-shapes,padel-racket-shapes-explained,Buying,EXCELLENT,true
buying,guide-round-vs-teardrop-vs-diamond,round-vs-teardrop-vs-diamond-padel-rackets,Buying,EXCELLENT,true
buying,guide-padel-racket-balance,padel-racket-balance-explained,Buying,EXCELLENT,true
buying,guide-padel-racket-weight,padel-racket-weight-explained,Buying,EXCELLENT,true
buying,guide-padel-racket-materials,padel-racket-materials-explained,Buying,EXCELLENT,true
buying,guide-carbon-vs-fiberglass-padel,carbon-vs-fiberglass-padel-rackets,Buying,EXCELLENT,true
buying,guide-padel-racket-cores-eva,padel-racket-cores-eva-foam-explained,Buying,EXCELLENT,true
buying,guide-soft-vs-hard-padel-rackets,soft-vs-hard-padel-rackets,Buying,EXCELLENT,true
buying,guide-padel-racket-sweet-spots,how-padel-racket-sweet-spots-work,Buying,EXCELLENT,true
buying,guide-choose-padel-shoes,how-to-choose-padel-shoes,Buying,EXCELLENT,true
buying,guide-padel-vs-tennis-shoes,padel-vs-tennis-shoes,Buying,EXCELLENT,true
buying,guide-padel-shoe-outsoles,padel-shoe-outsoles-explained,Buying,EXCELLENT,true
buying,guide-how-long-padel-balls-last,how-long-do-padel-balls-last,Buying,GOOD,true
buying,guide-choose-padel-balls,how-to-choose-padel-balls,Buying,GOOD,true
buying,guide-choose-padel-bag,how-to-choose-a-padel-bag,Buying,EXCELLENT,true
buying,guide-padel-grips,padel-grips-overgrips-explained,Buying,EXCELLENT,true
buying,guide-padel-grip-vs-overgrip,padel-grip-vs-overgrip,Buying,EXCELLENT,true
buying,guide-how-often-replace-padel-overgrip,how-often-should-you-replace-a-padel-overgrip,Buying,EXCELLENT,true
buying,guide-beginner-padel-gear,beginner-padel-gear-guide,Buying,EXCELLENT,true
buying,guide-complete-padel-gear-checklist,complete-padel-gear-checklist,Buying,EXCELLENT,true
