"kind","slug","hero","shared_with_unrelated_guide"
"buying","how-to-choose-a-padel-racket","/images/padel/guides/choose-racket.jpg","no"
"buying","padel-racket-shapes-explained","/images/padel/products/bullpadel-vertex-05-hybrid-hero.jpg","no"
"buying","round-vs-teardrop-vs-diamond-padel-rackets","/images/padel/products/bullpadel-hack-04-hero.png","no"
"buying","padel-racket-balance-explained","/images/padel/products/adidas-metalbone-3-5-2026-hero.jpg","no"
"buying","padel-racket-weight-explained","/images/padel/products/bullpadel-ionic-light-hero.jpg","no"
"buying","padel-racket-materials-explained","/images/padel/products/kuikma-pr-comfort-soft-hero.jpg","no"
"buying","carbon-vs-fiberglass-padel-rackets","/images/padel/products/bullpadel-hack-04-comfort-hero.jpg","no"
"buying","padel-racket-cores-eva-foam-explained","/images/padel/products/nox-equation-soft-advanced-2026-hero.jpg","no"
"buying","soft-vs-hard-padel-rackets","/images/padel/products/adidas-metalbone-hrd-hero.png","no"
"buying","how-padel-racket-sweet-spots-work","/images/padel/products/nox-ml10-pro-cup-2026-hero.jpg","no"
"buying","how-to-choose-padel-shoes","/images/padel/guides/choose-shoes.jpg","no"
"buying","padel-vs-tennis-shoes","/images/padel/products/head-revolt-pro-court-hero.jpg","no"
"buying","padel-shoe-outsoles-explained","/images/padel/products/joma-t-slam-hero.jpg","no"
"buying","how-long-do-padel-balls-last","/images/padel/products/head-padel-pro-s-hero.jpg","no"
"buying","how-to-choose-padel-balls","/images/padel/products/kuikma-pb-speed-hero.jpg","no"
"buying","fast-vs-standard-padel-balls","/images/padel/products/wilson-padel-premier-speed-hero.jpg","no"
"buying","padel-ball-pressurizers","/images/padel/products/head-x3-ball-pressurizer-hero.jpg","no"
"buying","how-to-choose-a-padel-bag","/images/padel/products/nox-at10-team-paletero-hero.jpg","no"
"buying","padel-bag-vs-backpack","/images/padel/products/tecnifibre-tour-endurance-padel-backpack-hero.jpg","no"
"buying","padel-racket-frame-protectors","/images/padel/products/bullpadel-frame-protector-3-pack-hero.jpg","no"
"buying","padel-racket-customization","/images/padel/products/bullpadel-protector-custom-weight-hero.jpg","no"
"buying","padel-grips-overgrips-explained","/images/padel/guides/grips.jpg","no"
"buying","padel-grip-vs-overgrip","/images/padel/products/hesacore-padel-grip-hero.jpg","no"
"buying","how-often-should-you-replace-a-padel-overgrip","/images/padel/products/bullpadel-hac-overgrip-hero.jpg","no"
"buying","beginner-padel-gear-guide","/images/padel/products/bullpadel-indiga-ctr-hero.jpg","no"
"buying","complete-padel-gear-checklist","/images/padel/products/babolat-rh-pro-padel-hero.jpg","no"
"best","padel-rackets","/images/padel/hero.jpg","no"
"best","padel-rackets-beginners","/images/padel/products/bullpadel-indiga-ctr-hero.jpg","no"
"best","padel-rackets-intermediate","/images/padel/products/bullpadel-ionic-light-hero.jpg","no"
"best","padel-rackets-advanced","/images/padel/products/bullpadel-vertex-05-hero.png","no"
"best","padel-rackets-control","/images/padel/products/nox-ml10-pro-cup-2026-hero.jpg","no"
"best","padel-rackets-power","/images/padel/products/bullpadel-hack-04-hero.png","no"
"best","padel-rackets-all-round","/images/padel/products/bullpadel-vertex-05-hybrid-hero.jpg","no"
"best","padel-rackets-lightweight","/images/padel/products/head-one-ultralight-hero.jpg","no"
"best","padel-rackets-comfort","/images/padel/products/kuikma-pr-comfort-soft-hero.jpg","no"
"best","padel-rackets-maneuverability","/images/padel/products/babolat-air-viper-hero.jpg","no"
"best","padel-rackets-women","/images/padel/products/bullpadel-vertex-05-w-hero.jpg","no"
"best","padel-rackets-value","/images/padel/products/kuikma-pr-hybrid-carbon-hero.jpg","no"
"best","padel-shoes","/images/padel/products/asics-gel-resolution-padel-hero.jpg","no"
"best","padel-shoes-men","/images/padel/products/adidas-courtquick-padel-hero.jpg","no"
"best","padel-shoes-women","/images/padel/products/adidas-courtquick-padel-women-hero.jpg","no"
"best","padel-shoes-stability","/images/padel/products/joma-t-slam-hero.jpg","no"
"best","padel-shoes-comfort","/images/padel/products/adidas-crazyquick-boost-padel-hero.jpg","no"
"best","padel-shoes-lightweight","/images/padel/products/babolat-jet-premura-hero.jpg","no"
"best","padel-shoes-value","/images/padel/products/kuikma-ps-990-hero.jpg","no"
"best","padel-balls","/images/padel/products/head-padel-pro-s-hero.jpg","no"
"best","padel-competition-balls","/images/padel/products/head-padel-pro-plus-hero.jpg","no"
"best","padel-training-balls","/images/padel/products/tecnifibre-padel-team-balls-hero.jpg","no"
"best","padel-fast-balls","/images/padel/balls/drop-shot-tournament-tech-hero.jpg","no"
"best","padel-value-balls","/images/padel/products/kuikma-pb-speed-hero.jpg","no"
"best","padel-overgrips","/images/padel/products/wilson-padel-overgrip-hero.jpg","no"
"best","padel-overgrips-sweaty-hands","/images/padel/products/nox-pro-overgrip-hero.jpg","no"
"best","padel-tacky-overgrips","/images/padel/products/head-xtreme-soft-overgrip-hero.jpg","no"
"best","padel-dry-feel-overgrips","/images/padel/products/bullpadel-hac-overgrip-hero.jpg","no"
"best","padel-value-overgrips-multipacks","/images/padel/products/kuikma-padel-overgrip-hero.jpg","no"
"best","padel-ergonomic-grip-systems","/images/padel/products/hesacore-padel-grip-hero.jpg","no"
"best","padel-bags","/images/padel/products/nox-at10-team-paletero-hero.jpg","semantic-same-lead"
"best","padel-backpacks","/images/padel/products/tecnifibre-tour-endurance-padel-backpack-hero.jpg","no"
"best","large-padel-bags","/images/padel/products/babolat-rh-pro-padel-hero.jpg","no"
"best","compact-padel-bags","/images/padel/bags/head-tour-team-elite-hero.jpg","no"
"best","padel-bags-with-shoe-compartments","/images/padel/products/nox-at10-team-paletero-hero.jpg","semantic-same-lead"
"best","padel-tournament-bags","/images/padel/products/nox-at10-xxl-padel-bag-hero.jpg","no"
"best","padel-bags-commuting","/images/padel/products/bullpadel-vertex-geo-backpack-hero.jpg","no"
"best","padel-ball-pressurizers","/images/padel/products/bullpadel-pascal-box-3b-hero.jpg","no"
"best","padel-racket-protectors","/images/padel/products/bullpadel-frame-protector-3-pack-hero.jpg","no"
"comparison","bullpadel-vertex-05-vs-hack-04-2026","/images/padel/products/bullpadel-vertex-05-hero.png | /images/padel/products/bullpadel-hack-04-hero.png","no"
"comparison","bullpadel-vertex-05-vs-nox-at10-12k-2026","/images/padel/products/bullpadel-vertex-05-hero.png | /images/padel/products/nox-at10-genius-12k-alum-xtrem-2026-hero.jpg","no"
"comparison","nox-at10-12k-vs-adidas-metalbone-2026","/images/padel/products/nox-at10-genius-12k-alum-xtrem-2026-hero.jpg | /images/padel/products/adidas-metalbone-3-5-2026-hero.jpg","no"
"comparison","nox-at10-genius-18k-2026-vs-babolat-technical-viper-2026","/images/padel/products/nox-at10-genius-18k-2026-hero.jpg | /images/padel/products/babolat-technical-viper-hero.png","no"
"comparison","babolat-technical-viper-vs-counter-viper","/images/padel/products/babolat-technical-viper-hero.png | /images/padel/products/babolat-counter-viper-hero.png","no"
"comparison","nox-at10-genius-12k-vs-at10-attack-18k-2026","/images/padel/products/nox-at10-genius-12k-alum-xtrem-2026-hero.jpg | /images/padel/products/nox-at10-genius-attack-18k-2026-hero.jpg","no"
"comparison","bullpadel-vertex-05-vs-vertex-05-hybrid","/images/padel/products/bullpadel-vertex-05-hero.png | /images/padel/products/bullpadel-vertex-05-hybrid-hero.jpg","no"
"comparison","bullpadel-vertex-04-vs-vertex-05","/images/padel/products/bullpadel-vertex-04-hero.png | /images/padel/products/bullpadel-vertex-05-hero.png","no"
"comparison","nox-ml10-pro-cup-vs-bullpadel-indiga-ctr","/images/padel/products/nox-ml10-pro-cup-2026-hero.jpg | /images/padel/products/bullpadel-indiga-ctr-hero.jpg","no"
"comparison","head-coello-pro-vs-babolat-technical-viper","/images/padel/products/head-coello-pro-2026-hero.png | /images/padel/products/babolat-technical-viper-hero.png","no"
"comparison","bullpadel-hack-04-vs-adidas-metalbone-3-5","/images/padel/products/bullpadel-hack-04-hero.png | /images/padel/products/adidas-metalbone-3-5-2026-hero.jpg","no"
"comparison","babolat-technical-viper-2026-vs-wilson-bela-pro-v2-2026","/images/padel/products/babolat-technical-viper-hero.png | /images/padel/products/wilson-bela-pro-hero.png","no"
"comparison","head-padel-pro-s-vs-pro-plus","/images/padel/products/head-padel-pro-s-hero.jpg | /images/padel/products/head-padel-pro-plus-hero.jpg","no"
"comparison","wilson-premier-vs-premier-padel-speed","/images/padel/products/wilson-padel-premier-hero.jpg | /images/padel/products/wilson-padel-premier-speed-hero.jpg","no"
"comparison","wilson-pro-vs-bullpadel-hac-overgrip","/images/padel/products/wilson-padel-overgrip-hero.jpg | /images/padel/products/bullpadel-hac-overgrip-hero.jpg","no"
"comparison","nox-at10-team-vs-babolat-rh-pro","/images/padel/products/nox-at10-team-paletero-hero.jpg | /images/padel/products/babolat-rh-pro-padel-hero.jpg","no"
"comparison","bullpadel-pascal-box-vs-head-x3","/images/padel/products/bullpadel-pascal-box-3b-hero.jpg | /images/padel/products/head-x3-ball-pressurizer-hero.jpg","no"
"comparison","tecnifibre-tour-endurance-vs-nox-at10-team","/images/padel/products/tecnifibre-tour-endurance-padel-backpack-hero.jpg | /images/padel/products/nox-at10-team-paletero-hero.jpg","no"
"comparison","babolat-rh-pro-vs-nox-at10-xxl","/images/padel/products/babolat-rh-pro-padel-hero.jpg | /images/padel/products/nox-at10-xxl-padel-bag-hero.jpg","no"
"comparison","kuikma-pb-speed-vs-head-padel-pro-s","/images/padel/products/kuikma-pb-speed-hero.jpg | /images/padel/products/head-padel-pro-s-hero.jpg","no"
"comparison","bullpadel-vs-nox-frame-protector","/images/padel/products/bullpadel-frame-protector-3-pack-hero.jpg | /images/padel/products/nox-transparent-frame-protector-hero.jpg","no"
