"url","page_type","product_or_category","segment","unique_product_images","unique_section_images","price_visible","offer_count","decision_copy_status","content_quality_status","visual_storytelling_status","duplicate_image_status","generator_residue_status","parity_status"
"/products/nox-at10-genius-18k-2026","pdp","cat-padel-rackets","LONG_TAIL","1","0","no","0","OK","SEE_REVIEW","WEAK","OK","CLEAN","IN_PROGRESS"
"/products/bullpadel-vertex-04","pdp","cat-padel-rackets","LONG_TAIL","6","0","no","0","OK","SEE_REVIEW","OK","HAS_DERIVED","CLEAN","IN_PROGRESS"
"/products/babolat-technical-viper-3-0","pdp","cat-padel-rackets","LONG_TAIL","4","0","no","0","OK","SEE_REVIEW","OK","HAS_DERIVED","CLEAN","IN_PROGRESS"
"/products/head-coello-pro-2026","pdp","cat-padel-rackets","LONG_TAIL","6","0","no","0","OK","SEE_REVIEW","OK","HAS_DERIVED","CLEAN","IN_PROGRESS"
"/products/siux-diablo-pro-2026","pdp","cat-padel-rackets","LONG_TAIL","1","0","no","0","OK","SEE_REVIEW","WEAK","OK","CLEAN","IN_PROGRESS"
"/products/adidas-courtquick-padel","pdp","cat-padel-shoes","LONG_TAIL","1","0","no","0","NEEDS_FIX","SEE_REVIEW","WEAK","OK","CLEAN","FAIL"
"/products/head-padel-pro-s-balls","pdp","cat-padel-balls","LONG_TAIL","3","0","no","0","NEEDS_FIX","SEE_REVIEW","OK","HAS_DERIVED","CLEAN","FAIL"
"/products/wilson-padel-overgrip-pack","pdp","cat-padel-grips","LONG_TAIL","2","0","no","0","NEEDS_FIX","SEE_REVIEW","PARTIAL","HAS_DERIVED","CLEAN","FAIL"
"/products/wilson-bela-pro-v3","pdp","cat-padel-rackets","LONG_TAIL","4","0","no","0","OK","SEE_REVIEW","OK","HAS_DERIVED","CLEAN","IN_PROGRESS"
"/products/starvie-titania-kepler","pdp","cat-padel-rackets","LONG_TAIL","1","0","no","0","OK","SEE_REVIEW","WEAK","OK","CLEAN","IN_PROGRESS"
"/products/adidas-metalbone-hrd-2026","pdp","cat-padel-rackets","LONG_TAIL","4","0","no","0","OK","SEE_REVIEW","OK","HAS_DERIVED","CLEAN","IN_PROGRESS"
"/products/varlion-lw-carbon-difusor","pdp","cat-padel-rackets","LONG_TAIL","1","0","no","0","OK","SEE_REVIEW","WEAK","OK","CLEAN","IN_PROGRESS"
"/products/nox-ml10-pro-cup","pdp","cat-padel-rackets","LONG_TAIL","1","0","no","0","OK","SEE_REVIEW","WEAK","OK","CLEAN","IN_PROGRESS"
"/products/bullpadel-hack-03","pdp","cat-padel-rackets","LONG_TAIL","1","0","no","0","NEEDS_FIX","SEE_REVIEW","WEAK","OK","CLEAN","FAIL"
"/products/babolat-counter-viper","pdp","cat-padel-rackets","LONG_TAIL","4","0","no","0","OK","SEE_REVIEW","OK","HAS_DERIVED","CLEAN","IN_PROGRESS"
"/products/head-extreme-pro-padel","pdp","cat-padel-rackets","LONG_TAIL","1","0","no","0","OK","SEE_REVIEW","WEAK","OK","CLEAN","IN_PROGRESS"
"/products/wilson-blade-pro-v3-padel","pdp","cat-padel-rackets","LONG_TAIL","1","0","no","0","OK","SEE_REVIEW","WEAK","OK","CLEAN","IN_PROGRESS"
"/products/starvie-basalto-osiris","pdp","cat-padel-rackets","LONG_TAIL","1","0","no","0","OK","SEE_REVIEW","WEAK","OK","CLEAN","IN_PROGRESS"
"/products/bullpadel-vertex-05-2026","pdp","cat-padel-rackets","FLAGSHIP","6","0","no","0","OK","SEE_REVIEW","OK","HAS_DERIVED","CLEAN","IN_PROGRESS"
"/products/bullpadel-hack-04-2026","pdp","cat-padel-rackets","LONG_TAIL","6","0","no","0","OK","SEE_REVIEW","OK","HAS_DERIVED","CLEAN","IN_PROGRESS"
"/products/nox-at10-genius-12k-alum-xtrem-2026","pdp","cat-padel-rackets","LONG_TAIL","6","0","no","0","OK","SEE_REVIEW","OK","HAS_DERIVED","CLEAN","IN_PROGRESS"
"/products/adidas-metalbone-3-3","pdp","cat-padel-rackets","LONG_TAIL","1","0","no","0","OK","SEE_REVIEW","WEAK","OK","CLEAN","IN_PROGRESS"
"/products/head-extreme-motion","pdp","cat-padel-rackets","LONG_TAIL","1","0","no","0","OK","SEE_REVIEW","WEAK","OK","CLEAN","IN_PROGRESS"
"/products/tecnifibre-wall-breaker-365","pdp","cat-padel-rackets","LONG_TAIL","1","0","no","0","OK","SEE_REVIEW","WEAK","OK","CLEAN","IN_PROGRESS"
"/products/oxdog-sense-pro","pdp","cat-padel-rackets","LONG_TAIL","1","0","no","0","OK","SEE_REVIEW","WEAK","OK","CLEAN","IN_PROGRESS"
"/products/lok-maxx-flow","pdp","cat-padel-rackets","LONG_TAIL","1","0","no","0","OK","SEE_REVIEW","WEAK","OK","CLEAN","IN_PROGRESS"
"/products/asics-gel-resolution-padel","pdp","cat-padel-shoes","LONG_TAIL","1","0","no","0","NEEDS_FIX","SEE_REVIEW","WEAK","OK","CLEAN","FAIL"
"/products/asics-gel-challenger-court","pdp","cat-padel-shoes","LONG_TAIL","1","0","no","0","NEEDS_FIX","SEE_REVIEW","WEAK","OK","CLEAN","FAIL"
"/products/babolat-jet-premura","pdp","cat-padel-shoes","LONG_TAIL","1","0","no","0","NEEDS_FIX","SEE_REVIEW","WEAK","OK","CLEAN","FAIL"
"/products/joma-t-slam","pdp","cat-padel-shoes","EDITORIAL_PRIORITY","1","0","no","0","NEEDS_FIX","SEE_REVIEW","WEAK","OK","CLEAN","FAIL"
"/products/head-revolt-pro-court","pdp","cat-padel-shoes","LONG_TAIL","1","0","no","0","NEEDS_FIX","SEE_REVIEW","WEAK","OK","CLEAN","FAIL"
"/products/adidas-crazyquick-boost-padel","pdp","cat-padel-shoes","LONG_TAIL","1","0","no","0","NEEDS_FIX","SEE_REVIEW","WEAK","OK","CLEAN","FAIL"
"/products/adidas-courtquick-padel-women","pdp","cat-padel-shoes","LONG_TAIL","1","0","no","0","NEEDS_FIX","SEE_REVIEW","WEAK","OK","CLEAN","FAIL"
"/products/adidas-crazyquick-boost-padel-women","pdp","cat-padel-shoes","LONG_TAIL","1","0","no","0","NEEDS_FIX","SEE_REVIEW","WEAK","OK","CLEAN","FAIL"
"/products/asics-gel-dedicate-8-padel","pdp","cat-padel-shoes","LONG_TAIL","1","0","no","0","NEEDS_FIX","SEE_REVIEW","WEAK","OK","CLEAN","FAIL"
"/products/asics-game-ff-padel","pdp","cat-padel-shoes","LONG_TAIL","1","0","no","0","NEEDS_FIX","SEE_REVIEW","WEAK","OK","CLEAN","FAIL"
"/products/asics-solution-swift-ff2-padel","pdp","cat-padel-shoes","LONG_TAIL","1","0","no","0","NEEDS_FIX","SEE_REVIEW","WEAK","OK","CLEAN","FAIL"
"/products/bullpadel-hybrid-fly","pdp","cat-padel-shoes","LONG_TAIL","1","0","no","0","NEEDS_FIX","SEE_REVIEW","WEAK","OK","CLEAN","FAIL"
"/products/bullpadel-ionic-woman","pdp","cat-padel-shoes","LONG_TAIL","1","0","no","0","NEEDS_FIX","SEE_REVIEW","WEAK","OK","CLEAN","FAIL"
"/products/nox-at10-lux","pdp","cat-padel-shoes","LONG_TAIL","1","0","no","0","NEEDS_FIX","SEE_REVIEW","WEAK","OK","CLEAN","FAIL"
"/products/nox-ml10-hexa","pdp","cat-padel-shoes","LONG_TAIL","1","0","no","0","NEEDS_FIX","SEE_REVIEW","WEAK","OK","CLEAN","FAIL"
"/products/babolat-movea-2","pdp","cat-padel-shoes","LONG_TAIL","1","0","no","0","NEEDS_FIX","SEE_REVIEW","WEAK","OK","CLEAN","FAIL"
"/products/babolat-sensa-women","pdp","cat-padel-shoes","LONG_TAIL","1","0","no","0","NEEDS_FIX","SEE_REVIEW","WEAK","OK","CLEAN","FAIL"
"/products/joma-slam-lady","pdp","cat-padel-shoes","LONG_TAIL","1","0","no","0","NEEDS_FIX","SEE_REVIEW","WEAK","OK","CLEAN","FAIL"
"/products/joma-spin-men","pdp","cat-padel-shoes","LONG_TAIL","1","0","no","0","NEEDS_FIX","SEE_REVIEW","WEAK","OK","CLEAN","FAIL"
"/products/head-sprint-pro-4-padel","pdp","cat-padel-shoes","LONG_TAIL","1","0","no","0","NEEDS_FIX","SEE_REVIEW","WEAK","OK","CLEAN","FAIL"
"/products/wilson-rush-pro-5-padel","pdp","cat-padel-shoes","LONG_TAIL","1","0","no","0","NEEDS_FIX","SEE_REVIEW","WEAK","OK","CLEAN","FAIL"
"/products/kuikma-ps-990","pdp","cat-padel-shoes","LONG_TAIL","1","0","no","0","NEEDS_FIX","SEE_REVIEW","WEAK","OK","CLEAN","FAIL"
"/products/asics-gel-resolution-padel-women","pdp","cat-padel-shoes","LONG_TAIL","1","0","no","0","NEEDS_FIX","SEE_REVIEW","WEAK","OK","CLEAN","FAIL"
"/products/joma-spin-lady","pdp","cat-padel-shoes","LONG_TAIL","1","0","no","0","NEEDS_FIX","SEE_REVIEW","WEAK","OK","CLEAN","FAIL"
"/products/babolat-jet-premura-2","pdp","cat-padel-shoes","LONG_TAIL","1","0","no","0","NEEDS_FIX","SEE_REVIEW","WEAK","OK","CLEAN","FAIL"
"/products/nox-at10-genius-attack-18k-2026","pdp","cat-padel-rackets","LONG_TAIL","1","0","no","0","OK","SEE_REVIEW","WEAK","OK","CLEAN","IN_PROGRESS"
"/products/nox-equation-soft-advanced-2026","pdp","cat-padel-rackets","LONG_TAIL","1","0","no","0","OK","SEE_REVIEW","WEAK","OK","CLEAN","IN_PROGRESS"
"/products/bullpadel-vertex-05-hybrid-2026","pdp","cat-padel-rackets","LONG_TAIL","6","0","no","0","OK","SEE_REVIEW","OK","HAS_DERIVED","CLEAN","IN_PROGRESS"
"/products/bullpadel-vertex-05-w-2026","pdp","cat-padel-rackets","LONG_TAIL","1","0","no","0","OK","SEE_REVIEW","WEAK","OK","CLEAN","IN_PROGRESS"
"/products/bullpadel-hack-04-hybrid-2026","pdp","cat-padel-rackets","LONG_TAIL","1","0","no","0","OK","SEE_REVIEW","WEAK","OK","CLEAN","IN_PROGRESS"
"/products/bullpadel-hack-04-comfort-2026","pdp","cat-padel-rackets","LONG_TAIL","1","0","no","0","OK","SEE_REVIEW","WEAK","OK","CLEAN","IN_PROGRESS"
"/products/bullpadel-neuron-02-2026","pdp","cat-padel-rackets","LONG_TAIL","3","0","no","0","OK","SEE_REVIEW","OK","HAS_DERIVED","CLEAN","IN_PROGRESS"
"/products/bullpadel-neuron-02-edge-2026","pdp","cat-padel-rackets","LONG_TAIL","1","0","no","0","OK","SEE_REVIEW","WEAK","OK","CLEAN","IN_PROGRESS"
"/products/bullpadel-xplo-2026","pdp","cat-padel-rackets","LONG_TAIL","1","0","no","0","OK","SEE_REVIEW","WEAK","OK","CLEAN","IN_PROGRESS"
"/products/bullpadel-xplo-comfort-2026","pdp","cat-padel-rackets","LONG_TAIL","1","0","no","0","OK","SEE_REVIEW","WEAK","OK","CLEAN","IN_PROGRESS"
"/products/bullpadel-ionic-light-2026","pdp","cat-padel-rackets","LONG_TAIL","6","0","no","0","OK","SEE_REVIEW","OK","HAS_DERIVED","CLEAN","IN_PROGRESS"
"/products/bullpadel-indiga-ctr-2026","pdp","cat-padel-rackets","EDITORIAL_PRIORITY","2","0","no","0","OK","SEE_REVIEW","PARTIAL","HAS_DERIVED","CLEAN","IN_PROGRESS"
"/products/bullpadel-vertex-advance-2026","pdp","cat-padel-rackets","LONG_TAIL","1","0","no","0","OK","SEE_REVIEW","WEAK","OK","CLEAN","IN_PROGRESS"
"/products/adidas-metalbone-3-5-2026","pdp","cat-padel-rackets","LONG_TAIL","1","0","no","0","OK","SEE_REVIEW","WEAK","OK","CLEAN","IN_PROGRESS"
"/products/adidas-metalbone-ctrl-2026","pdp","cat-padel-rackets","LONG_TAIL","1","0","no","0","OK","SEE_REVIEW","WEAK","OK","CLEAN","IN_PROGRESS"
"/products/adidas-metalbone-team-light-2026","pdp","cat-padel-rackets","LONG_TAIL","1","0","no","0","OK","SEE_REVIEW","WEAK","OK","CLEAN","IN_PROGRESS"
"/products/adidas-cross-it-light-2026","pdp","cat-padel-rackets","LONG_TAIL","1","0","no","0","OK","SEE_REVIEW","WEAK","OK","CLEAN","IN_PROGRESS"
"/products/adidas-cross-it-ctrl-2026","pdp","cat-padel-rackets","LONG_TAIL","1","0","no","0","OK","SEE_REVIEW","WEAK","OK","CLEAN","IN_PROGRESS"
"/products/adidas-arrow-hit-ctrl-2026","pdp","cat-padel-rackets","LONG_TAIL","1","0","no","0","OK","SEE_REVIEW","WEAK","OK","CLEAN","IN_PROGRESS"
"/products/adidas-arrow-hit-2026","pdp","cat-padel-rackets","LONG_TAIL","1","0","no","0","OK","SEE_REVIEW","WEAK","OK","CLEAN","IN_PROGRESS"
"/products/adidas-match-light-2026","pdp","cat-padel-rackets","EDITORIAL_PRIORITY","4","0","no","0","OK","SEE_REVIEW","OK","HAS_DERIVED","CLEAN","IN_PROGRESS"
"/products/head-coello-motion-2026","pdp","cat-padel-rackets","LONG_TAIL","5","0","no","0","OK","SEE_REVIEW","OK","HAS_DERIVED","CLEAN","IN_PROGRESS"
"/products/head-coello-team-2026","pdp","cat-padel-rackets","LONG_TAIL","1","0","no","0","OK","SEE_REVIEW","WEAK","OK","CLEAN","IN_PROGRESS"
"/products/head-gravity-pro","pdp","cat-padel-rackets","LONG_TAIL","1","0","no","0","OK","SEE_REVIEW","WEAK","OK","CLEAN","IN_PROGRESS"
"/products/head-gravity-motion","pdp","cat-padel-rackets","LONG_TAIL","1","0","no","0","OK","SEE_REVIEW","WEAK","OK","CLEAN","IN_PROGRESS"
"/products/head-speed-pro","pdp","cat-padel-rackets","LONG_TAIL","1","0","no","0","NEEDS_FIX","SEE_REVIEW","WEAK","OK","CLEAN","FAIL"
"/products/head-one-ultralight","pdp","cat-padel-rackets","LONG_TAIL","1","0","no","0","OK","SEE_REVIEW","WEAK","OK","CLEAN","IN_PROGRESS"
"/products/babolat-air-viper-2-6","pdp","cat-padel-rackets","LONG_TAIL","1","0","no","0","OK","SEE_REVIEW","WEAK","OK","CLEAN","IN_PROGRESS"
"/products/babolat-air-veron-2-6","pdp","cat-padel-rackets","LONG_TAIL","1","0","no","0","OK","SEE_REVIEW","WEAK","OK","CLEAN","IN_PROGRESS"
"/products/siux-electra-pro-2026","pdp","cat-padel-rackets","LONG_TAIL","1","0","no","0","OK","SEE_REVIEW","WEAK","OK","CLEAN","IN_PROGRESS"
"/products/siux-fenix-pro-2026","pdp","cat-padel-rackets","LONG_TAIL","1","0","no","0","OK","SEE_REVIEW","WEAK","OK","CLEAN","IN_PROGRESS"
"/products/starvie-astrum-plus-2026","pdp","cat-padel-rackets","LONG_TAIL","1","0","no","0","OK","SEE_REVIEW","WEAK","OK","CLEAN","IN_PROGRESS"
"/products/kuikma-pr-hybrid-carbon","pdp","cat-padel-rackets","LONG_TAIL","1","0","no","0","OK","SEE_REVIEW","WEAK","OK","CLEAN","IN_PROGRESS"
"/products/kuikma-pr-comfort-soft","pdp","cat-padel-rackets","EDITORIAL_PRIORITY","1","0","no","0","OK","SEE_REVIEW","WEAK","OK","CLEAN","IN_PROGRESS"
"/products/head-padel-pro-plus","pdp","cat-padel-balls","LONG_TAIL","1","0","no","0","NEEDS_FIX","SEE_REVIEW","WEAK","OK","CLEAN","FAIL"
"/products/head-padel-team","pdp","cat-padel-balls","LONG_TAIL","1","0","no","0","NEEDS_FIX","SEE_REVIEW","WEAK","OK","CLEAN","FAIL"
"/products/head-padel-one","pdp","cat-padel-balls","LONG_TAIL","1","0","no","0","NEEDS_FIX","SEE_REVIEW","WEAK","OK","CLEAN","FAIL"
"/products/kuikma-pb-speed","pdp","cat-padel-balls","LONG_TAIL","1","0","no","0","NEEDS_FIX","SEE_REVIEW","WEAK","OK","CLEAN","FAIL"
"/products/kuikma-pb-control","pdp","cat-padel-balls","LONG_TAIL","1","0","no","0","NEEDS_FIX","SEE_REVIEW","WEAK","OK","CLEAN","FAIL"
"/products/kuikma-pb-club","pdp","cat-padel-balls","LONG_TAIL","1","0","no","0","NEEDS_FIX","SEE_REVIEW","WEAK","OK","CLEAN","FAIL"
"/products/wilson-padel-premier","pdp","cat-padel-balls","LONG_TAIL","1","0","no","0","NEEDS_FIX","SEE_REVIEW","WEAK","OK","CLEAN","FAIL"
"/products/wilson-padel-premier-speed","pdp","cat-padel-balls","LONG_TAIL","1","0","no","0","NEEDS_FIX","SEE_REVIEW","WEAK","OK","CLEAN","FAIL"
"/products/bullpadel-premium-pro","pdp","cat-padel-balls","LONG_TAIL","1","0","no","0","NEEDS_FIX","SEE_REVIEW","WEAK","OK","CLEAN","FAIL"
"/products/adidas-speed-rx-padel-balls","pdp","cat-padel-balls","LONG_TAIL","1","0","no","0","NEEDS_FIX","SEE_REVIEW","WEAK","OK","CLEAN","FAIL"
"/products/babolat-court-padel-balls","pdp","cat-padel-balls","LONG_TAIL","1","0","no","0","NEEDS_FIX","SEE_REVIEW","WEAK","OK","CLEAN","FAIL"
"/products/dunlop-pro-padel","pdp","cat-padel-balls","LONG_TAIL","1","0","no","0","NEEDS_FIX","SEE_REVIEW","WEAK","OK","CLEAN","FAIL"
"/products/tecnifibre-padel-team-balls","pdp","cat-padel-balls","LONG_TAIL","1","0","no","0","NEEDS_FIX","SEE_REVIEW","WEAK","OK","CLEAN","FAIL"
"/products/nox-at10-team-paletero","pdp","cat-padel-bags","EDITORIAL_PRIORITY","5","0","no","0","NEEDS_FIX","SEE_REVIEW","OK","HAS_DERIVED","CLEAN","FAIL"
"/products/babolat-rh-pro-padel","pdp","cat-padel-bags","LONG_TAIL","1","0","no","0","NEEDS_FIX","SEE_REVIEW","WEAK","OK","CLEAN","FAIL"
"/products/bullpadel-vertex-geo-backpack","pdp","cat-padel-bags","LONG_TAIL","1","0","no","0","NEEDS_FIX","SEE_REVIEW","WEAK","OK","CLEAN","FAIL"
"/products/tecnifibre-tour-endurance-padel-backpack","pdp","cat-padel-bags","LONG_TAIL","1","0","no","0","NEEDS_FIX","SEE_REVIEW","WEAK","OK","CLEAN","FAIL"
"/products/babolat-court-backpack","pdp","cat-padel-bags","LONG_TAIL","1","0","no","0","NEEDS_FIX","SEE_REVIEW","WEAK","OK","CLEAN","FAIL"
"/products/adidas-protour-padel-bag","pdp","cat-padel-bags","LONG_TAIL","1","0","no","0","NEEDS_FIX","SEE_REVIEW","WEAK","OK","CLEAN","FAIL"
"/products/head-tour-team-padel-bag","pdp","cat-padel-bags","LONG_TAIL","1","0","no","0","NEEDS_FIX","SEE_REVIEW","WEAK","OK","CLEAN","FAIL"
"/products/head-elite-padel-backpack","pdp","cat-padel-bags","LONG_TAIL","1","0","no","0","NEEDS_FIX","SEE_REVIEW","WEAK","OK","CLEAN","FAIL"
"/products/wilson-super-tour-padel-bag","pdp","cat-padel-bags","LONG_TAIL","1","0","no","0","NEEDS_FIX","SEE_REVIEW","WEAK","OK","CLEAN","FAIL"
"/products/nox-at10-xxl-padel-bag","pdp","cat-padel-bags","LONG_TAIL","1","0","no","0","NEEDS_FIX","SEE_REVIEW","WEAK","OK","CLEAN","FAIL"
"/products/bullpadel-hac-overgrip","pdp","cat-padel-grips","LONG_TAIL","1","0","no","0","NEEDS_FIX","SEE_REVIEW","WEAK","OK","CLEAN","FAIL"
"/products/nox-pro-overgrip","pdp","cat-padel-grips","LONG_TAIL","1","0","no","0","NEEDS_FIX","SEE_REVIEW","WEAK","OK","CLEAN","FAIL"
"/products/head-xtreme-soft-overgrip","pdp","cat-padel-grips","LONG_TAIL","1","0","no","0","NEEDS_FIX","SEE_REVIEW","WEAK","OK","CLEAN","FAIL"
"/products/babolat-pro-response-overgrip","pdp","cat-padel-grips","LONG_TAIL","1","0","no","0","NEEDS_FIX","SEE_REVIEW","WEAK","OK","CLEAN","FAIL"
"/products/kuikma-padel-overgrip","pdp","cat-padel-grips","LONG_TAIL","1","0","no","0","NEEDS_FIX","SEE_REVIEW","WEAK","OK","CLEAN","FAIL"
"/products/babolat-syntec-pro-replacement-grip","pdp","cat-padel-grips","LONG_TAIL","1","0","no","0","NEEDS_FIX","SEE_REVIEW","WEAK","OK","CLEAN","FAIL"
"/products/hesacore-padel-grip","pdp","cat-padel-grips","LONG_TAIL","1","0","no","0","NEEDS_FIX","SEE_REVIEW","WEAK","OK","CLEAN","FAIL"
"/products/adidas-padel-overgrip","pdp","cat-padel-grips","LONG_TAIL","1","0","no","0","NEEDS_FIX","SEE_REVIEW","WEAK","OK","CLEAN","FAIL"
"/products/bullpadel-frame-protector-3-pack","pdp","cat-padel-accessories","LONG_TAIL","1","0","no","0","NEEDS_FIX","SEE_REVIEW","WEAK","OK","CLEAN","FAIL"
"/products/nox-transparent-frame-protector","pdp","cat-padel-accessories","LONG_TAIL","1","0","no","0","NEEDS_FIX","SEE_REVIEW","WEAK","OK","CLEAN","FAIL"
"/products/bullpadel-pascal-box-3b","pdp","cat-padel-accessories","LONG_TAIL","1","0","no","0","NEEDS_FIX","SEE_REVIEW","WEAK","OK","CLEAN","FAIL"
"/products/head-x3-ball-pressurizer","pdp","cat-padel-accessories","LONG_TAIL","1","0","no","0","NEEDS_FIX","SEE_REVIEW","WEAK","OK","CLEAN","FAIL"
"/products/bullpadel-protector-custom-weight","pdp","cat-padel-accessories","LONG_TAIL","1","0","no","0","NEEDS_FIX","SEE_REVIEW","WEAK","OK","CLEAN","FAIL"
"/products/4on-totalgrip","pdp","cat-padel-accessories","LONG_TAIL","1","0","no","0","OK","SEE_REVIEW","WEAK","OK","CLEAN","IN_PROGRESS"
"/products/ball-rescuer-ball-rescuer","pdp","cat-padel-accessories","LONG_TAIL","1","0","no","0","OK","SEE_REVIEW","WEAK","OK","CLEAN","IN_PROGRESS"
"/products/black-crown-black-crown-wristband","pdp","cat-padel-accessories","LONG_TAIL","1","0","no","0","OK","SEE_REVIEW","WEAK","OK","CLEAN","IN_PROGRESS"
"/products/bullpadel-custom-weight-grip","pdp","cat-padel-accessories","LONG_TAIL","1","0","no","0","OK","SEE_REVIEW","WEAK","OK","CLEAN","IN_PROGRESS"
"/products/bullpadel-frame-protector-uni","pdp","cat-padel-accessories","LONG_TAIL","1","0","no","0","OK","SEE_REVIEW","WEAK","OK","CLEAN","IN_PROGRESS"
"/products/enebe-enebe-protector-line","pdp","cat-padel-accessories","LONG_TAIL","1","0","no","0","OK","SEE_REVIEW","WEAK","OK","CLEAN","IN_PROGRESS"
"/products/head-antishock-skin","pdp","cat-padel-accessories","LONG_TAIL","1","0","no","0","OK","SEE_REVIEW","WEAK","OK","CLEAN","IN_PROGRESS"
"/products/head-x3-pump","pdp","cat-padel-accessories","LONG_TAIL","1","0","no","0","OK","SEE_REVIEW","WEAK","OK","CLEAN","IN_PROGRESS"
"/products/nox-weight-balancer-2-4g","pdp","cat-padel-accessories","LONG_TAIL","1","0","no","0","OK","SEE_REVIEW","WEAK","OK","CLEAN","IN_PROGRESS"
"/products/shockout-gravity","pdp","cat-padel-accessories","LONG_TAIL","1","0","no","0","OK","SEE_REVIEW","WEAK","OK","CLEAN","IN_PROGRESS"
"/products/softee-softee-protector","pdp","cat-padel-accessories","LONG_TAIL","1","0","no","0","OK","SEE_REVIEW","WEAK","OK","CLEAN","IN_PROGRESS"
"/products/starvie-transparent-protector-2026","pdp","cat-padel-accessories","LONG_TAIL","1","0","no","0","OK","SEE_REVIEW","WEAK","OK","CLEAN","IN_PROGRESS"
"/products/vibora-vibor-a-transparent","pdp","cat-padel-accessories","LONG_TAIL","1","0","no","0","OK","SEE_REVIEW","WEAK","OK","CLEAN","IN_PROGRESS"
"/products/adidas-control-2026","pdp","cat-padel-bags","LONG_TAIL","1","0","no","0","OK","SEE_REVIEW","WEAK","OK","CLEAN","IN_PROGRESS"
"/products/adidas-protour-backpack-2026","pdp","cat-padel-bags","LONG_TAIL","1","0","no","0","OK","SEE_REVIEW","WEAK","OK","CLEAN","IN_PROGRESS"
"/products/adidas-tour","pdp","cat-padel-bags","LONG_TAIL","1","0","no","0","OK","SEE_REVIEW","WEAK","OK","CLEAN","IN_PROGRESS"
"/products/babolat-rh-perf","pdp","cat-padel-bags","LONG_TAIL","1","0","no","0","OK","SEE_REVIEW","WEAK","OK","CLEAN","IN_PROGRESS"
"/products/black-crown-spartan","pdp","cat-padel-bags","LONG_TAIL","1","0","no","0","OK","SEE_REVIEW","WEAK","OK","CLEAN","IN_PROGRESS"
"/products/black-crown-thunder","pdp","cat-padel-bags","LONG_TAIL","1","0","no","0","OK","SEE_REVIEW","WEAK","OK","CLEAN","IN_PROGRESS"
"/products/black-crown-ultimate-pro-2-0","pdp","cat-padel-bags","LONG_TAIL","1","0","no","0","OK","SEE_REVIEW","WEAK","OK","CLEAN","IN_PROGRESS"
"/products/bullpadel-casual-bpp26016","pdp","cat-padel-bags","LONG_TAIL","1","0","no","0","OK","SEE_REVIEW","WEAK","OK","CLEAN","IN_PROGRESS"
"/products/bullpadel-elite-bpp26019","pdp","cat-padel-bags","LONG_TAIL","1","0","no","0","OK","SEE_REVIEW","WEAK","OK","CLEAN","IN_PROGRESS"
"/products/bullpadel-icon-bpp26023","pdp","cat-padel-bags","LONG_TAIL","1","0","no","0","OK","SEE_REVIEW","WEAK","OK","CLEAN","IN_PROGRESS"
"/products/bullpadel-ionic-bpp26005","pdp","cat-padel-bags","LONG_TAIL","1","0","no","0","OK","SEE_REVIEW","WEAK","OK","CLEAN","IN_PROGRESS"
"/products/bullpadel-neuron-bpm26020","pdp","cat-padel-bags","LONG_TAIL","1","0","no","0","OK","SEE_REVIEW","WEAK","OK","CLEAN","IN_PROGRESS"
"/products/bullpadel-pearl-bpm27017","pdp","cat-padel-bags","LONG_TAIL","1","0","no","0","OK","SEE_REVIEW","WEAK","OK","CLEAN","IN_PROGRESS"
"/products/bullpadel-tour-bpp26015","pdp","cat-padel-bags","LONG_TAIL","1","0","no","0","OK","SEE_REVIEW","WEAK","OK","CLEAN","IN_PROGRESS"
"/products/bullpadel-wonder-bpp26024","pdp","cat-padel-bags","LONG_TAIL","1","0","no","0","OK","SEE_REVIEW","WEAK","OK","CLEAN","IN_PROGRESS"
"/products/bullpadel-xplo-bpp26022","pdp","cat-padel-bags","LONG_TAIL","1","0","no","0","OK","SEE_REVIEW","WEAK","OK","CLEAN","IN_PROGRESS"
"/products/bullpadel-bpm26002-hack","pdp","cat-padel-bags","LONG_TAIL","1","0","no","0","OK","SEE_REVIEW","WEAK","OK","CLEAN","IN_PROGRESS"
"/products/bullpadel-bpm26007-bpm26008-vertex","pdp","cat-padel-bags","LONG_TAIL","1","0","no","0","OK","SEE_REVIEW","WEAK","OK","CLEAN","IN_PROGRESS"
"/products/bullpadel-bpp26001-vertex","pdp","cat-padel-bags","LONG_TAIL","1","0","no","0","OK","SEE_REVIEW","WEAK","OK","CLEAN","IN_PROGRESS"
"/products/bullpadel-bpp26022-xplo","pdp","cat-padel-bags","LONG_TAIL","1","0","no","0","OK","SEE_REVIEW","WEAK","OK","CLEAN","IN_PROGRESS"
"/products/drop-shot-blitz","pdp","cat-padel-bags","LONG_TAIL","1","0","no","0","OK","SEE_REVIEW","WEAK","OK","CLEAN","IN_PROGRESS"
"/products/head-coello-pro-x-backpack","pdp","cat-padel-bags","LONG_TAIL","1","0","no","0","OK","SEE_REVIEW","WEAK","OK","CLEAN","IN_PROGRESS"
"/products/head-coello-pro-x-duffle-l","pdp","cat-padel-bags","LONG_TAIL","1","0","no","0","OK","SEE_REVIEW","WEAK","OK","CLEAN","IN_PROGRESS"
"/products/head-coello-tour-backpack","pdp","cat-padel-bags","LONG_TAIL","1","0","no","0","OK","SEE_REVIEW","WEAK","OK","CLEAN","IN_PROGRESS"
"/products/head-coello-tour-bag","pdp","cat-padel-bags","LONG_TAIL","1","0","no","0","OK","SEE_REVIEW","WEAK","OK","CLEAN","IN_PROGRESS"
"/products/head-tour-backpack-25l","pdp","cat-padel-bags","LONG_TAIL","1","0","no","0","OK","SEE_REVIEW","WEAK","OK","CLEAN","IN_PROGRESS"
"/products/head-pro-x-bag-l","pdp","cat-padel-bags","LONG_TAIL","1","0","no","0","OK","SEE_REVIEW","WEAK","OK","CLEAN","IN_PROGRESS"
"/products/kuikma-pl-900-elite","pdp","cat-padel-bags","LONG_TAIL","1","0","no","0","OK","SEE_REVIEW","WEAK","OK","CLEAN","IN_PROGRESS"
"/products/lok-aventure-gen-2","pdp","cat-padel-bags","LONG_TAIL","1","0","no","0","OK","SEE_REVIEW","WEAK","OK","CLEAN","IN_PROGRESS"
"/products/lok-maxx-gen-2-paletero","pdp","cat-padel-bags","LONG_TAIL","1","0","no","0","OK","SEE_REVIEW","WEAK","OK","CLEAN","IN_PROGRESS"
"/products/nox-at10-competition-trolley","pdp","cat-padel-bags","LONG_TAIL","1","0","no","0","OK","SEE_REVIEW","WEAK","OK","CLEAN","IN_PROGRESS"
"/products/nox-at10-team","pdp","cat-padel-bags","LONG_TAIL","1","0","no","0","OK","SEE_REVIEW","WEAK","OK","CLEAN","IN_PROGRESS"
"/products/nox-luxury-master-backpack","pdp","cat-padel-bags","LONG_TAIL","1","0","no","0","OK","SEE_REVIEW","WEAK","OK","CLEAN","IN_PROGRESS"
"/products/nox-luxury-master-series","pdp","cat-padel-bags","LONG_TAIL","1","0","no","0","OK","SEE_REVIEW","WEAK","OK","CLEAN","IN_PROGRESS"
"/products/nox-luxury-open-backpack","pdp","cat-padel-bags","LONG_TAIL","1","0","no","0","OK","SEE_REVIEW","WEAK","OK","CLEAN","IN_PROGRESS"
"/products/nox-luxury-open-series","pdp","cat-padel-bags","LONG_TAIL","1","0","no","0","OK","SEE_REVIEW","WEAK","OK","CLEAN","IN_PROGRESS"
"/products/nox-pro-series-backpack","pdp","cat-padel-bags","LONG_TAIL","1","0","no","0","OK","SEE_REVIEW","WEAK","OK","CLEAN","IN_PROGRESS"
"/products/oxdog-hyper-tour-thermo-backpack","pdp","cat-padel-bags","LONG_TAIL","1","0","no","0","OK","SEE_REVIEW","WEAK","OK","CLEAN","IN_PROGRESS"
"/products/royal-padel-force","pdp","cat-padel-bags","LONG_TAIL","1","0","no","0","OK","SEE_REVIEW","WEAK","OK","CLEAN","IN_PROGRESS"
"/products/siux-nomad","pdp","cat-padel-bags","LONG_TAIL","1","0","no","0","OK","SEE_REVIEW","WEAK","OK","CLEAN","IN_PROGRESS"
"/products/siux-electra-stupa-2026","pdp","cat-padel-bags","LONG_TAIL","1","0","no","0","OK","SEE_REVIEW","WEAK","OK","CLEAN","IN_PROGRESS"
"/products/siux-tour","pdp","cat-padel-bags","LONG_TAIL","1","0","no","0","OK","SEE_REVIEW","WEAK","OK","CLEAN","IN_PROGRESS"
"/products/siux-trail","pdp","cat-padel-bags","LONG_TAIL","1","0","no","0","OK","SEE_REVIEW","WEAK","OK","CLEAN","IN_PROGRESS"
"/products/starvie-hard-eva","pdp","cat-padel-bags","LONG_TAIL","1","0","no","0","OK","SEE_REVIEW","WEAK","OK","CLEAN","IN_PROGRESS"
"/products/starvie-hard-eva-backpack","pdp","cat-padel-bags","LONG_TAIL","1","0","no","0","OK","SEE_REVIEW","WEAK","OK","CLEAN","IN_PROGRESS"
"/products/starvie-pro-master","pdp","cat-padel-bags","LONG_TAIL","1","0","no","0","OK","SEE_REVIEW","WEAK","OK","CLEAN","IN_PROGRESS"
"/products/starvie-tactic-pro","pdp","cat-padel-bags","LONG_TAIL","1","0","no","0","OK","SEE_REVIEW","WEAK","OK","CLEAN","IN_PROGRESS"
"/products/tecnifibre-tour-endurance-bag","pdp","cat-padel-bags","LONG_TAIL","1","0","no","0","OK","SEE_REVIEW","WEAK","OK","CLEAN","IN_PROGRESS"
"/products/varlion-summum-pro","pdp","cat-padel-bags","LONG_TAIL","1","0","no","0","OK","SEE_REVIEW","WEAK","OK","CLEAN","IN_PROGRESS"
"/products/wilson-bela-super-tour-backpack","pdp","cat-padel-bags","LONG_TAIL","1","0","no","0","OK","SEE_REVIEW","WEAK","OK","CLEAN","IN_PROGRESS"
"/products/wilson-super-tour-2026","pdp","cat-padel-bags","LONG_TAIL","1","0","no","0","OK","SEE_REVIEW","WEAK","OK","CLEAN","IN_PROGRESS"
"/products/babolat-court","pdp","cat-padel-balls","LONG_TAIL","1","0","no","0","OK","SEE_REVIEW","WEAK","OK","CLEAN","IN_PROGRESS"
"/products/black-crown-one","pdp","cat-padel-balls","LONG_TAIL","1","0","no","0","OK","SEE_REVIEW","WEAK","OK","CLEAN","IN_PROGRESS"
"/products/black-crown-pro","pdp","cat-padel-balls","LONG_TAIL","1","0","no","0","OK","SEE_REVIEW","WEAK","OK","CLEAN","IN_PROGRESS"
"/products/bullpadel-fip-next-pro","pdp","cat-padel-balls","LONG_TAIL","1","0","no","0","OK","SEE_REVIEW","WEAK","OK","CLEAN","IN_PROGRESS"
"/products/bullpadel-next","pdp","cat-padel-balls","LONG_TAIL","1","0","no","0","OK","SEE_REVIEW","WEAK","OK","CLEAN","IN_PROGRESS"
"/products/drop-shot-speed-tech","pdp","cat-padel-balls","LONG_TAIL","1","0","no","0","OK","SEE_REVIEW","WEAK","OK","CLEAN","IN_PROGRESS"
"/products/drop-shot-tournament-tech","pdp","cat-padel-balls","LONG_TAIL","1","0","no","0","OK","SEE_REVIEW","WEAK","OK","CLEAN","IN_PROGRESS"
"/products/drop-shot-training-tech","pdp","cat-padel-balls","LONG_TAIL","1","0","no","0","OK","SEE_REVIEW","WEAK","OK","CLEAN","IN_PROGRESS"
"/products/dunlop-eco","pdp","cat-padel-balls","LONG_TAIL","1","0","no","0","OK","SEE_REVIEW","WEAK","OK","CLEAN","IN_PROGRESS"
"/products/dunlop-pro","pdp","cat-padel-balls","LONG_TAIL","1","0","no","0","OK","SEE_REVIEW","WEAK","OK","CLEAN","IN_PROGRESS"
"/products/fila-premium-pro","pdp","cat-padel-balls","LONG_TAIL","1","0","no","0","OK","SEE_REVIEW","WEAK","OK","CLEAN","IN_PROGRESS"
"/products/nox-nerbo","pdp","cat-padel-balls","LONG_TAIL","1","0","no","0","OK","SEE_REVIEW","WEAK","OK","CLEAN","IN_PROGRESS"
"/products/nox-nerbo-speed","pdp","cat-padel-balls","LONG_TAIL","1","0","no","0","OK","SEE_REVIEW","WEAK","OK","CLEAN","IN_PROGRESS"
"/products/nox-pro-titanium","pdp","cat-padel-balls","LONG_TAIL","1","0","no","0","OK","SEE_REVIEW","WEAK","OK","CLEAN","IN_PROGRESS"
"/products/osaka-pro-tour","pdp","cat-padel-balls","LONG_TAIL","1","0","no","0","OK","SEE_REVIEW","WEAK","OK","CLEAN","IN_PROGRESS"
"/products/osaka-vision","pdp","cat-padel-balls","LONG_TAIL","1","0","no","0","OK","SEE_REVIEW","WEAK","OK","CLEAN","IN_PROGRESS"
"/products/oxdog-boost","pdp","cat-padel-balls","LONG_TAIL","1","0","no","0","OK","SEE_REVIEW","WEAK","OK","CLEAN","IN_PROGRESS"
"/products/rs-champions-choice","pdp","cat-padel-balls","LONG_TAIL","1","0","no","0","OK","SEE_REVIEW","WEAK","OK","CLEAN","IN_PROGRESS"
"/products/rs-nova-x","pdp","cat-padel-balls","LONG_TAIL","1","0","no","0","OK","SEE_REVIEW","WEAK","OK","CLEAN","IN_PROGRESS"
"/products/siux-neo","pdp","cat-padel-balls","LONG_TAIL","1","0","no","0","OK","SEE_REVIEW","WEAK","OK","CLEAN","IN_PROGRESS"
"/products/siux-neo-speed-neo-s","pdp","cat-padel-balls","LONG_TAIL","1","0","no","0","OK","SEE_REVIEW","WEAK","OK","CLEAN","IN_PROGRESS"
"/products/tecnifibre-padel-tour","pdp","cat-padel-balls","LONG_TAIL","1","0","no","0","OK","SEE_REVIEW","WEAK","OK","CLEAN","IN_PROGRESS"
"/products/tretorn-serie-padel-control","pdp","cat-padel-balls","LONG_TAIL","1","0","no","0","OK","SEE_REVIEW","WEAK","OK","CLEAN","IN_PROGRESS"
"/products/tretorn-serie-padel-tour","pdp","cat-padel-balls","LONG_TAIL","1","0","no","0","OK","SEE_REVIEW","WEAK","OK","CLEAN","IN_PROGRESS"
"/products/varlion-summum-pro-s","pdp","cat-padel-balls","LONG_TAIL","1","0","no","0","OK","SEE_REVIEW","WEAK","OK","CLEAN","IN_PROGRESS"
"/products/varlion-summum-pro-w","pdp","cat-padel-balls","LONG_TAIL","1","0","no","0","OK","SEE_REVIEW","WEAK","OK","CLEAN","IN_PROGRESS"
"/products/volt-premium","pdp","cat-padel-balls","LONG_TAIL","1","0","no","0","OK","SEE_REVIEW","WEAK","OK","CLEAN","IN_PROGRESS"
"/products/wilson-premier-padel","pdp","cat-padel-balls","LONG_TAIL","1","0","no","0","OK","SEE_REVIEW","WEAK","OK","CLEAN","IN_PROGRESS"
"/products/wilson-rush-100","pdp","cat-padel-balls","LONG_TAIL","1","0","no","0","OK","SEE_REVIEW","WEAK","OK","CLEAN","IN_PROGRESS"
"/products/babolat-vs-original","pdp","cat-padel-grips","LONG_TAIL","1","0","no","0","OK","SEE_REVIEW","WEAK","OK","CLEAN","IN_PROGRESS"
"/products/black-crown-black-crown-perforated","pdp","cat-padel-grips","LONG_TAIL","1","0","no","0","OK","SEE_REVIEW","WEAK","OK","CLEAN","IN_PROGRESS"
"/products/bullpadel-comfort-overgrip","pdp","cat-padel-grips","LONG_TAIL","1","0","no","0","OK","SEE_REVIEW","WEAK","OK","CLEAN","IN_PROGRESS"
"/products/drop-shot-club","pdp","cat-padel-grips","LONG_TAIL","1","0","no","0","OK","SEE_REVIEW","WEAK","OK","CLEAN","IN_PROGRESS"
"/products/drop-shot-super-tacky","pdp","cat-padel-grips","LONG_TAIL","1","0","no","0","OK","SEE_REVIEW","WEAK","OK","CLEAN","IN_PROGRESS"
"/products/head-xtreme-soft-xtremesoft","pdp","cat-padel-grips","LONG_TAIL","1","0","no","0","OK","SEE_REVIEW","WEAK","OK","CLEAN","IN_PROGRESS"
"/products/hesacore-pro-carbon","pdp","cat-padel-grips","LONG_TAIL","1","0","no","0","OK","SEE_REVIEW","WEAK","OK","CLEAN","IN_PROGRESS"
"/products/hesacore-tour-original","pdp","cat-padel-grips","LONG_TAIL","1","0","no","0","OK","SEE_REVIEW","WEAK","OK","CLEAN","IN_PROGRESS"
"/products/siux-elite-overgrip","pdp","cat-padel-grips","LONG_TAIL","1","0","no","0","OK","SEE_REVIEW","WEAK","OK","CLEAN","IN_PROGRESS"
"/products/starvie-premier-soft","pdp","cat-padel-grips","LONG_TAIL","1","0","no","0","OK","SEE_REVIEW","WEAK","OK","CLEAN","IN_PROGRESS"
"/products/tecnifibre-players-pro-feel","pdp","cat-padel-grips","LONG_TAIL","1","0","no","0","OK","SEE_REVIEW","WEAK","OK","CLEAN","IN_PROGRESS"
"/products/wilson-wilson-replacement-grip","pdp","cat-padel-grips","LONG_TAIL","1","0","no","0","OK","SEE_REVIEW","WEAK","OK","CLEAN","IN_PROGRESS"
"/products/wilson-profile-padel","pdp","cat-padel-grips","LONG_TAIL","1","0","no","0","OK","SEE_REVIEW","WEAK","OK","CLEAN","IN_PROGRESS"
"/products/yonex-super-grap","pdp","cat-padel-grips","LONG_TAIL","1","0","no","0","OK","SEE_REVIEW","WEAK","OK","CLEAN","IN_PROGRESS"
"/products/adidas-accessory-pouch-2026","pdp","cat-padel-accessories","LONG_TAIL","1","0","no","0","OK","SEE_REVIEW","WEAK","OK","CLEAN","IN_PROGRESS"
"/products/adidas-shoe-bag-ale-gal-n","pdp","cat-padel-accessories","LONG_TAIL","1","0","no","0","OK","SEE_REVIEW","WEAK","OK","CLEAN","IN_PROGRESS"
"/products/oxdog-gold-pro","pdp","cat-padel-grips","LONG_TAIL","1","0","no","0","OK","SEE_REVIEW","WEAK","OK","CLEAN","IN_PROGRESS"
"/products/oxdog-gold-sticky","pdp","cat-padel-grips","LONG_TAIL","1","0","no","0","OK","SEE_REVIEW","WEAK","OK","CLEAN","IN_PROGRESS"
"/products/black-crown-plus","pdp","cat-padel-bags","LONG_TAIL","1","0","no","0","OK","SEE_REVIEW","WEAK","OK","CLEAN","IN_PROGRESS"
"/products/lok-one-gen-2","pdp","cat-padel-bags","LONG_TAIL","1","0","no","0","OK","SEE_REVIEW","WEAK","OK","CLEAN","IN_PROGRESS"
"/products/lok-accessory-bag-gen-2","pdp","cat-padel-bags","LONG_TAIL","1","0","no","0","OK","SEE_REVIEW","WEAK","OK","CLEAN","IN_PROGRESS"
"/products/volt-volt-padelbag","pdp","cat-padel-bags","LONG_TAIL","1","0","no","0","OK","SEE_REVIEW","WEAK","OK","CLEAN","IN_PROGRESS"
"/products/volt-volt-premium","pdp","cat-padel-grips","LONG_TAIL","1","0","no","0","OK","SEE_REVIEW","WEAK","OK","CLEAN","IN_PROGRESS"
"/products/royal-padel-royal-overgrip","pdp","cat-padel-grips","LONG_TAIL","1","0","no","0","OK","SEE_REVIEW","WEAK","OK","CLEAN","IN_PROGRESS"
"/products/4on-totalgrip-paste","pdp","cat-padel-accessories","LONG_TAIL","1","0","no","0","OK","SEE_REVIEW","WEAK","OK","CLEAN","IN_PROGRESS"
"/products/4on-swiftgrip","pdp","cat-padel-grips","LONG_TAIL","1","0","no","0","OK","SEE_REVIEW","WEAK","OK","CLEAN","IN_PROGRESS"
"/products/4on-pro-t1","pdp","cat-padel-balls","LONG_TAIL","1","0","no","0","OK","SEE_REVIEW","WEAK","OK","CLEAN","IN_PROGRESS"
"/products/head-prime-tour","pdp","cat-padel-grips","LONG_TAIL","1","0","no","0","OK","SEE_REVIEW","WEAK","OK","CLEAN","IN_PROGRESS"
"/products/bullpadel-vertex-w","pdp","cat-padel-shoes","LONG_TAIL","1","0","no","0","NEEDS_FIX","SEE_REVIEW","WEAK","OK","CLEAN","FAIL"
"/reviews/bullpadel-vertex-05-2026","review","cat-padel-rackets","FLAGSHIP","5","4","no","0","OK","OK","OK","SEE_MEDIA","CLEAN","IN_PROGRESS"
"/reviews/bullpadel-hack-04-2026","review","cat-padel-rackets","LONG_TAIL","5","4","no","0","OK","OK","OK","SEE_MEDIA","CLEAN","IN_PROGRESS"
"/reviews/bullpadel-vertex-05-hybrid-2026","review","cat-padel-rackets","LONG_TAIL","5","4","no","0","OK","OK","OK","SEE_MEDIA","CLEAN","IN_PROGRESS"
"/reviews/bullpadel-indiga-ctr-2026","review","cat-padel-rackets","EDITORIAL_PRIORITY","1","1","no","0","OK","OK","PARTIAL","SEE_MEDIA","CLEAN","IN_PROGRESS"
"/reviews/nox-at10-genius-18k-2026","review","cat-padel-rackets","LONG_TAIL","0","0","no","0","OK","OK","WEAK","SEE_MEDIA","CLEAN","IN_PROGRESS"
"/reviews/nox-at10-genius-12k-alum-xtrem-2026","review","cat-padel-rackets","LONG_TAIL","5","4","no","0","OK","OK","OK","SEE_MEDIA","CLEAN","IN_PROGRESS"
"/reviews/nox-ml10-pro-cup","review","cat-padel-rackets","LONG_TAIL","0","0","no","0","OK","OK","WEAK","SEE_MEDIA","CLEAN","IN_PROGRESS"
"/reviews/adidas-metalbone-3-5-2026","review","cat-padel-rackets","LONG_TAIL","0","0","no","0","OK","OK","WEAK","SEE_MEDIA","CLEAN","IN_PROGRESS"
"/reviews/head-coello-pro-2026","review","cat-padel-rackets","LONG_TAIL","5","4","no","0","OK","OK","OK","SEE_MEDIA","CLEAN","IN_PROGRESS"
"/reviews/head-gravity-pro","review","cat-padel-rackets","LONG_TAIL","0","0","no","0","OK","OK","WEAK","SEE_MEDIA","CLEAN","IN_PROGRESS"
"/reviews/babolat-technical-viper-3-0","review","cat-padel-rackets","LONG_TAIL","3","3","no","0","OK","OK","OK","SEE_MEDIA","CLEAN","IN_PROGRESS"
"/reviews/kuikma-pr-comfort-soft","review","cat-padel-rackets","EDITORIAL_PRIORITY","0","0","no","0","OK","OK","WEAK","SEE_MEDIA","CLEAN","IN_PROGRESS"
"/reviews/asics-gel-resolution-padel","review","cat-padel-shoes","LONG_TAIL","0","0","no","0","OK","OK","WEAK","SEE_MEDIA","CLEAN","IN_PROGRESS"
"/reviews/adidas-crazyquick-boost-padel","review","cat-padel-shoes","LONG_TAIL","0","0","no","0","OK","OK","WEAK","SEE_MEDIA","CLEAN","IN_PROGRESS"
"/reviews/adidas-courtquick-padel","review","cat-padel-shoes","LONG_TAIL","0","0","no","0","OK","OK","WEAK","SEE_MEDIA","CLEAN","IN_PROGRESS"
"/reviews/joma-t-slam","review","cat-padel-shoes","EDITORIAL_PRIORITY","0","0","no","0","OK","OK","WEAK","SEE_MEDIA","CLEAN","IN_PROGRESS"
"/reviews/babolat-jet-premura","review","cat-padel-shoes","LONG_TAIL","0","0","no","0","OK","OK","WEAK","SEE_MEDIA","CLEAN","IN_PROGRESS"
"/reviews/nox-at10-lux","review","cat-padel-shoes","LONG_TAIL","0","0","no","0","OK","OK","WEAK","SEE_MEDIA","CLEAN","IN_PROGRESS"
"/reviews/head-sprint-pro-4-padel","review","cat-padel-shoes","LONG_TAIL","0","0","no","0","OK","OK","WEAK","SEE_MEDIA","CLEAN","IN_PROGRESS"
"/reviews/kuikma-ps-990","review","cat-padel-shoes","LONG_TAIL","0","0","no","0","OK","OK","WEAK","SEE_MEDIA","CLEAN","IN_PROGRESS"
"/reviews/wilson-padel-overgrip-pack","review","cat-padel-grips","LONG_TAIL","1","0","no","0","OK","OK","WEAK","SEE_MEDIA","CLEAN","IN_PROGRESS"
"/reviews/hesacore-padel-grip","review","cat-padel-grips","LONG_TAIL","0","0","no","0","OK","OK","WEAK","SEE_MEDIA","CLEAN","IN_PROGRESS"
"/reviews/bullpadel-hac-overgrip","review","cat-padel-grips","LONG_TAIL","0","0","no","0","OK","OK","WEAK","SEE_MEDIA","CLEAN","IN_PROGRESS"
"/reviews/head-padel-pro-s","review","cat-padel-balls","LONG_TAIL","2","0","no","0","OK","OK","WEAK","SEE_MEDIA","CLEAN","IN_PROGRESS"
"/reviews/nox-at10-team-bag","review","cat-padel-bags","EDITORIAL_PRIORITY","4","0","no","0","OK","OK","WEAK","SEE_MEDIA","CLEAN","IN_PROGRESS"
"/reviews/bullpadel-pascal-box-3b","review","cat-padel-accessories","LONG_TAIL","0","0","no","0","OK","OK","WEAK","SEE_MEDIA","CLEAN","IN_PROGRESS"
"/guides/how-to-choose-a-padel-racket","buying-guide","how-to-choose-a-padel-racket","EDITORIAL","1","n/a","n/a","n/a","SEE_GUIDE","SEE_GUIDE","OK","OK","CLEAN","IN_PROGRESS"
"/guides/padel-racket-shapes-explained","buying-guide","padel-racket-shapes-explained","EDITORIAL","1","n/a","n/a","n/a","SEE_GUIDE","SEE_GUIDE","WEAK","COLLISION","CLEAN","FAIL"
"/guides/round-vs-teardrop-vs-diamond-padel-rackets","buying-guide","round-vs-teardrop-vs-diamond-padel-rackets","EDITORIAL","1","n/a","n/a","n/a","SEE_GUIDE","SEE_GUIDE","WEAK","COLLISION","CLEAN","FAIL"
"/guides/padel-racket-balance-explained","buying-guide","padel-racket-balance-explained","EDITORIAL","1","n/a","n/a","n/a","SEE_GUIDE","SEE_GUIDE","WEAK","COLLISION","CLEAN","FAIL"
"/guides/padel-racket-weight-explained","buying-guide","padel-racket-weight-explained","EDITORIAL","1","n/a","n/a","n/a","SEE_GUIDE","SEE_GUIDE","WEAK","COLLISION","CLEAN","FAIL"
"/guides/padel-racket-materials-explained","buying-guide","padel-racket-materials-explained","EDITORIAL","1","n/a","n/a","n/a","SEE_GUIDE","SEE_GUIDE","WEAK","COLLISION","CLEAN","FAIL"
"/guides/carbon-vs-fiberglass-padel-rackets","buying-guide","carbon-vs-fiberglass-padel-rackets","EDITORIAL","1","n/a","n/a","n/a","SEE_GUIDE","SEE_GUIDE","OK","OK","CLEAN","IN_PROGRESS"
"/guides/padel-racket-cores-eva-foam-explained","buying-guide","padel-racket-cores-eva-foam-explained","EDITORIAL","1","n/a","n/a","n/a","SEE_GUIDE","SEE_GUIDE","OK","OK","CLEAN","IN_PROGRESS"
"/guides/soft-vs-hard-padel-rackets","buying-guide","soft-vs-hard-padel-rackets","EDITORIAL","1","n/a","n/a","n/a","SEE_GUIDE","SEE_GUIDE","OK","OK","CLEAN","IN_PROGRESS"
"/guides/how-padel-racket-sweet-spots-work","buying-guide","how-padel-racket-sweet-spots-work","EDITORIAL","1","n/a","n/a","n/a","SEE_GUIDE","SEE_GUIDE","WEAK","COLLISION","CLEAN","FAIL"
"/guides/how-to-choose-padel-shoes","buying-guide","how-to-choose-padel-shoes","EDITORIAL","1","n/a","n/a","n/a","SEE_GUIDE","SEE_GUIDE","OK","OK","CLEAN","IN_PROGRESS"
"/guides/padel-vs-tennis-shoes","buying-guide","padel-vs-tennis-shoes","EDITORIAL","1","n/a","n/a","n/a","SEE_GUIDE","SEE_GUIDE","OK","OK","CLEAN","IN_PROGRESS"
"/guides/padel-shoe-outsoles-explained","buying-guide","padel-shoe-outsoles-explained","EDITORIAL","1","n/a","n/a","n/a","SEE_GUIDE","SEE_GUIDE","WEAK","COLLISION","CLEAN","FAIL"
"/guides/how-long-do-padel-balls-last","buying-guide","how-long-do-padel-balls-last","EDITORIAL","1","n/a","n/a","n/a","SEE_GUIDE","SEE_GUIDE","WEAK","COLLISION","CLEAN","FAIL"
"/guides/how-to-choose-padel-balls","buying-guide","how-to-choose-padel-balls","EDITORIAL","1","n/a","n/a","n/a","SEE_GUIDE","SEE_GUIDE","WEAK","COLLISION","CLEAN","FAIL"
"/guides/fast-vs-standard-padel-balls","buying-guide","fast-vs-standard-padel-balls","EDITORIAL","1","n/a","n/a","n/a","SEE_GUIDE","SEE_GUIDE","OK","OK","CLEAN","IN_PROGRESS"
"/guides/padel-ball-pressurizers","buying-guide","padel-ball-pressurizers","EDITORIAL","1","n/a","n/a","n/a","SEE_GUIDE","SEE_GUIDE","OK","OK","CLEAN","IN_PROGRESS"
"/guides/how-to-choose-a-padel-bag","buying-guide","how-to-choose-a-padel-bag","EDITORIAL","1","n/a","n/a","n/a","SEE_GUIDE","SEE_GUIDE","WEAK","COLLISION","CLEAN","FAIL"
"/guides/padel-bag-vs-backpack","buying-guide","padel-bag-vs-backpack","EDITORIAL","1","n/a","n/a","n/a","SEE_GUIDE","SEE_GUIDE","WEAK","COLLISION","CLEAN","FAIL"
"/guides/padel-racket-frame-protectors","buying-guide","padel-racket-frame-protectors","EDITORIAL","1","n/a","n/a","n/a","SEE_GUIDE","SEE_GUIDE","WEAK","COLLISION","CLEAN","FAIL"
"/guides/padel-racket-customization","buying-guide","padel-racket-customization","EDITORIAL","1","n/a","n/a","n/a","SEE_GUIDE","SEE_GUIDE","OK","OK","CLEAN","IN_PROGRESS"
"/guides/padel-grips-overgrips-explained","buying-guide","padel-grips-overgrips-explained","EDITORIAL","1","n/a","n/a","n/a","SEE_GUIDE","SEE_GUIDE","OK","OK","CLEAN","IN_PROGRESS"
"/guides/padel-grip-vs-overgrip","buying-guide","padel-grip-vs-overgrip","EDITORIAL","1","n/a","n/a","n/a","SEE_GUIDE","SEE_GUIDE","WEAK","COLLISION","CLEAN","FAIL"
"/guides/how-often-should-you-replace-a-padel-overgrip","buying-guide","how-often-should-you-replace-a-padel-overgrip","EDITORIAL","1","n/a","n/a","n/a","SEE_GUIDE","SEE_GUIDE","WEAK","COLLISION","CLEAN","FAIL"
"/guides/beginner-padel-gear-guide","buying-guide","beginner-padel-gear-guide","EDITORIAL","1","n/a","n/a","n/a","SEE_GUIDE","SEE_GUIDE","WEAK","COLLISION","CLEAN","FAIL"
"/guides/complete-padel-gear-checklist","buying-guide","complete-padel-gear-checklist","EDITORIAL","1","n/a","n/a","n/a","SEE_GUIDE","SEE_GUIDE","WEAK","COLLISION","CLEAN","FAIL"
"/best/padel-rackets","best-guide","padel-rackets","EDITORIAL","1","n/a","n/a","n/a","SEE_GUIDE","SEE_GUIDE","OK","OK","CLEAN","IN_PROGRESS"
"/best/padel-rackets-beginners","best-guide","padel-rackets-beginners","EDITORIAL","1","n/a","n/a","n/a","SEE_GUIDE","SEE_GUIDE","WEAK","COLLISION","CLEAN","FAIL"
"/best/padel-rackets-intermediate","best-guide","padel-rackets-intermediate","EDITORIAL","1","n/a","n/a","n/a","SEE_GUIDE","SEE_GUIDE","WEAK","COLLISION","CLEAN","FAIL"
"/best/padel-rackets-advanced","best-guide","padel-rackets-advanced","EDITORIAL","1","n/a","n/a","n/a","SEE_GUIDE","SEE_GUIDE","WEAK","COLLISION","CLEAN","FAIL"
"/best/padel-rackets-control","best-guide","padel-rackets-control","EDITORIAL","1","n/a","n/a","n/a","SEE_GUIDE","SEE_GUIDE","WEAK","COLLISION","CLEAN","FAIL"
"/best/padel-rackets-power","best-guide","padel-rackets-power","EDITORIAL","1","n/a","n/a","n/a","SEE_GUIDE","SEE_GUIDE","WEAK","COLLISION","CLEAN","FAIL"
"/best/padel-rackets-all-round","best-guide","padel-rackets-all-round","EDITORIAL","1","n/a","n/a","n/a","SEE_GUIDE","SEE_GUIDE","WEAK","COLLISION","CLEAN","FAIL"
"/best/padel-rackets-lightweight","best-guide","padel-rackets-lightweight","EDITORIAL","1","n/a","n/a","n/a","SEE_GUIDE","SEE_GUIDE","OK","OK","CLEAN","IN_PROGRESS"
"/best/padel-rackets-comfort","best-guide","padel-rackets-comfort","EDITORIAL","1","n/a","n/a","n/a","SEE_GUIDE","SEE_GUIDE","WEAK","COLLISION","CLEAN","FAIL"
"/best/padel-rackets-maneuverability","best-guide","padel-rackets-maneuverability","EDITORIAL","1","n/a","n/a","n/a","SEE_GUIDE","SEE_GUIDE","OK","OK","CLEAN","IN_PROGRESS"
"/best/padel-rackets-women","best-guide","padel-rackets-women","EDITORIAL","1","n/a","n/a","n/a","SEE_GUIDE","SEE_GUIDE","OK","OK","CLEAN","IN_PROGRESS"
"/best/padel-rackets-value","best-guide","padel-rackets-value","EDITORIAL","1","n/a","n/a","n/a","SEE_GUIDE","SEE_GUIDE","OK","OK","CLEAN","IN_PROGRESS"
"/best/padel-shoes","best-guide","padel-shoes","EDITORIAL","1","n/a","n/a","n/a","SEE_GUIDE","SEE_GUIDE","OK","OK","CLEAN","IN_PROGRESS"
"/best/padel-shoes-men","best-guide","padel-shoes-men","EDITORIAL","1","n/a","n/a","n/a","SEE_GUIDE","SEE_GUIDE","OK","OK","CLEAN","IN_PROGRESS"
"/best/padel-shoes-women","best-guide","padel-shoes-women","EDITORIAL","1","n/a","n/a","n/a","SEE_GUIDE","SEE_GUIDE","OK","OK","CLEAN","IN_PROGRESS"
"/best/padel-shoes-stability","best-guide","padel-shoes-stability","EDITORIAL","1","n/a","n/a","n/a","SEE_GUIDE","SEE_GUIDE","WEAK","COLLISION","CLEAN","FAIL"
"/best/padel-shoes-comfort","best-guide","padel-shoes-comfort","EDITORIAL","1","n/a","n/a","n/a","SEE_GUIDE","SEE_GUIDE","OK","OK","CLEAN","IN_PROGRESS"
"/best/padel-shoes-lightweight","best-guide","padel-shoes-lightweight","EDITORIAL","1","n/a","n/a","n/a","SEE_GUIDE","SEE_GUIDE","OK","OK","CLEAN","IN_PROGRESS"
"/best/padel-shoes-value","best-guide","padel-shoes-value","EDITORIAL","1","n/a","n/a","n/a","SEE_GUIDE","SEE_GUIDE","OK","OK","CLEAN","IN_PROGRESS"
"/best/padel-balls","best-guide","padel-balls","EDITORIAL","1","n/a","n/a","n/a","SEE_GUIDE","SEE_GUIDE","WEAK","COLLISION","CLEAN","FAIL"
"/best/padel-competition-balls","best-guide","padel-competition-balls","EDITORIAL","1","n/a","n/a","n/a","SEE_GUIDE","SEE_GUIDE","OK","OK","CLEAN","IN_PROGRESS"
"/best/padel-training-balls","best-guide","padel-training-balls","EDITORIAL","1","n/a","n/a","n/a","SEE_GUIDE","SEE_GUIDE","OK","OK","CLEAN","IN_PROGRESS"
"/best/padel-fast-balls","best-guide","padel-fast-balls","EDITORIAL","1","n/a","n/a","n/a","SEE_GUIDE","SEE_GUIDE","OK","OK","CLEAN","IN_PROGRESS"
"/best/padel-value-balls","best-guide","padel-value-balls","EDITORIAL","1","n/a","n/a","n/a","SEE_GUIDE","SEE_GUIDE","WEAK","COLLISION","CLEAN","FAIL"
"/best/padel-overgrips","best-guide","padel-overgrips","EDITORIAL","1","n/a","n/a","n/a","SEE_GUIDE","SEE_GUIDE","OK","OK","CLEAN","IN_PROGRESS"
"/best/padel-overgrips-sweaty-hands","best-guide","padel-overgrips-sweaty-hands","EDITORIAL","1","n/a","n/a","n/a","SEE_GUIDE","SEE_GUIDE","OK","OK","CLEAN","IN_PROGRESS"
"/best/padel-tacky-overgrips","best-guide","padel-tacky-overgrips","EDITORIAL","1","n/a","n/a","n/a","SEE_GUIDE","SEE_GUIDE","OK","OK","CLEAN","IN_PROGRESS"
"/best/padel-dry-feel-overgrips","best-guide","padel-dry-feel-overgrips","EDITORIAL","1","n/a","n/a","n/a","SEE_GUIDE","SEE_GUIDE","WEAK","COLLISION","CLEAN","FAIL"
"/best/padel-value-overgrips-multipacks","best-guide","padel-value-overgrips-multipacks","EDITORIAL","1","n/a","n/a","n/a","SEE_GUIDE","SEE_GUIDE","OK","OK","CLEAN","IN_PROGRESS"
"/best/padel-ergonomic-grip-systems","best-guide","padel-ergonomic-grip-systems","EDITORIAL","1","n/a","n/a","n/a","SEE_GUIDE","SEE_GUIDE","WEAK","COLLISION","CLEAN","FAIL"
"/best/padel-bags","best-guide","padel-bags","EDITORIAL","1","n/a","n/a","n/a","SEE_GUIDE","SEE_GUIDE","OK","OK","CLEAN","IN_PROGRESS"
"/best/padel-backpacks","best-guide","padel-backpacks","EDITORIAL","1","n/a","n/a","n/a","SEE_GUIDE","SEE_GUIDE","WEAK","COLLISION","CLEAN","FAIL"
"/best/large-padel-bags","best-guide","large-padel-bags","EDITORIAL","1","n/a","n/a","n/a","SEE_GUIDE","SEE_GUIDE","WEAK","COLLISION","CLEAN","FAIL"
"/best/compact-padel-bags","best-guide","compact-padel-bags","EDITORIAL","1","n/a","n/a","n/a","SEE_GUIDE","SEE_GUIDE","OK","OK","CLEAN","IN_PROGRESS"
"/best/padel-bags-with-shoe-compartments","best-guide","padel-bags-with-shoe-compartments","EDITORIAL","1","n/a","n/a","n/a","SEE_GUIDE","SEE_GUIDE","WEAK","COLLISION","CLEAN","FAIL"
"/best/padel-tournament-bags","best-guide","padel-tournament-bags","EDITORIAL","1","n/a","n/a","n/a","SEE_GUIDE","SEE_GUIDE","OK","OK","CLEAN","IN_PROGRESS"
"/best/padel-bags-commuting","best-guide","padel-bags-commuting","EDITORIAL","1","n/a","n/a","n/a","SEE_GUIDE","SEE_GUIDE","OK","OK","CLEAN","IN_PROGRESS"
"/best/padel-ball-pressurizers","best-guide","padel-ball-pressurizers","EDITORIAL","1","n/a","n/a","n/a","SEE_GUIDE","SEE_GUIDE","OK","OK","CLEAN","IN_PROGRESS"
"/best/padel-racket-protectors","best-guide","padel-racket-protectors","EDITORIAL","1","n/a","n/a","n/a","SEE_GUIDE","SEE_GUIDE","WEAK","COLLISION","CLEAN","FAIL"
"/compare/bullpadel-vertex-05-vs-hack-04-2026","comparison","bullpadel-vertex-05-vs-hack-04-2026","EDITORIAL","0","n/a","n/a","n/a","SEE_GUIDE","SEE_GUIDE","OK","OK","CLEAN","IN_PROGRESS"
"/compare/bullpadel-vertex-05-vs-nox-at10-12k-2026","comparison","bullpadel-vertex-05-vs-nox-at10-12k-2026","EDITORIAL","0","n/a","n/a","n/a","SEE_GUIDE","SEE_GUIDE","OK","OK","CLEAN","IN_PROGRESS"
"/compare/nox-at10-12k-vs-adidas-metalbone-2026","comparison","nox-at10-12k-vs-adidas-metalbone-2026","EDITORIAL","0","n/a","n/a","n/a","SEE_GUIDE","SEE_GUIDE","OK","OK","CLEAN","IN_PROGRESS"
"/compare/nox-at10-genius-18k-2026-vs-babolat-technical-viper-2026","comparison","nox-at10-genius-18k-2026-vs-babolat-technical-viper-2026","EDITORIAL","0","n/a","n/a","n/a","SEE_GUIDE","SEE_GUIDE","OK","OK","CLEAN","IN_PROGRESS"
"/compare/babolat-technical-viper-vs-counter-viper","comparison","babolat-technical-viper-vs-counter-viper","EDITORIAL","0","n/a","n/a","n/a","SEE_GUIDE","SEE_GUIDE","OK","OK","CLEAN","IN_PROGRESS"
"/compare/nox-at10-genius-12k-vs-at10-attack-18k-2026","comparison","nox-at10-genius-12k-vs-at10-attack-18k-2026","EDITORIAL","0","n/a","n/a","n/a","SEE_GUIDE","SEE_GUIDE","OK","OK","CLEAN","IN_PROGRESS"
"/compare/bullpadel-vertex-05-vs-vertex-05-hybrid","comparison","bullpadel-vertex-05-vs-vertex-05-hybrid","EDITORIAL","0","n/a","n/a","n/a","SEE_GUIDE","SEE_GUIDE","OK","OK","CLEAN","IN_PROGRESS"
"/compare/bullpadel-vertex-04-vs-vertex-05","comparison","bullpadel-vertex-04-vs-vertex-05","EDITORIAL","0","n/a","n/a","n/a","SEE_GUIDE","SEE_GUIDE","OK","OK","CLEAN","IN_PROGRESS"
"/compare/nox-ml10-pro-cup-vs-bullpadel-indiga-ctr","comparison","nox-ml10-pro-cup-vs-bullpadel-indiga-ctr","EDITORIAL","0","n/a","n/a","n/a","SEE_GUIDE","SEE_GUIDE","OK","OK","CLEAN","IN_PROGRESS"
"/compare/head-coello-pro-vs-babolat-technical-viper","comparison","head-coello-pro-vs-babolat-technical-viper","EDITORIAL","0","n/a","n/a","n/a","SEE_GUIDE","SEE_GUIDE","OK","OK","CLEAN","IN_PROGRESS"
"/compare/bullpadel-hack-04-vs-adidas-metalbone-3-5","comparison","bullpadel-hack-04-vs-adidas-metalbone-3-5","EDITORIAL","0","n/a","n/a","n/a","SEE_GUIDE","SEE_GUIDE","OK","OK","CLEAN","IN_PROGRESS"
"/compare/babolat-technical-viper-2026-vs-wilson-bela-pro-v2-2026","comparison","babolat-technical-viper-2026-vs-wilson-bela-pro-v2-2026","EDITORIAL","0","n/a","n/a","n/a","SEE_GUIDE","SEE_GUIDE","OK","OK","CLEAN","IN_PROGRESS"
"/compare/head-padel-pro-s-vs-pro-plus","comparison","head-padel-pro-s-vs-pro-plus","EDITORIAL","0","n/a","n/a","n/a","SEE_GUIDE","SEE_GUIDE","OK","OK","CLEAN","IN_PROGRESS"
"/compare/wilson-premier-vs-premier-padel-speed","comparison","wilson-premier-vs-premier-padel-speed","EDITORIAL","0","n/a","n/a","n/a","SEE_GUIDE","SEE_GUIDE","OK","OK","CLEAN","IN_PROGRESS"
"/compare/wilson-pro-vs-bullpadel-hac-overgrip","comparison","wilson-pro-vs-bullpadel-hac-overgrip","EDITORIAL","0","n/a","n/a","n/a","SEE_GUIDE","SEE_GUIDE","OK","OK","CLEAN","IN_PROGRESS"
"/compare/nox-at10-team-vs-babolat-rh-pro","comparison","nox-at10-team-vs-babolat-rh-pro","EDITORIAL","0","n/a","n/a","n/a","SEE_GUIDE","SEE_GUIDE","OK","OK","CLEAN","IN_PROGRESS"
"/compare/bullpadel-pascal-box-vs-head-x3","comparison","bullpadel-pascal-box-vs-head-x3","EDITORIAL","0","n/a","n/a","n/a","SEE_GUIDE","SEE_GUIDE","OK","OK","CLEAN","IN_PROGRESS"
"/compare/tecnifibre-tour-endurance-vs-nox-at10-team","comparison","tecnifibre-tour-endurance-vs-nox-at10-team","EDITORIAL","0","n/a","n/a","n/a","SEE_GUIDE","SEE_GUIDE","OK","OK","CLEAN","IN_PROGRESS"
"/compare/babolat-rh-pro-vs-nox-at10-xxl","comparison","babolat-rh-pro-vs-nox-at10-xxl","EDITORIAL","0","n/a","n/a","n/a","SEE_GUIDE","SEE_GUIDE","OK","OK","CLEAN","IN_PROGRESS"
"/compare/kuikma-pb-speed-vs-head-padel-pro-s","comparison","kuikma-pb-speed-vs-head-padel-pro-s","EDITORIAL","0","n/a","n/a","n/a","SEE_GUIDE","SEE_GUIDE","OK","OK","CLEAN","IN_PROGRESS"
"/compare/bullpadel-vs-nox-frame-protector","comparison","bullpadel-vs-nox-frame-protector","EDITORIAL","0","n/a","n/a","n/a","SEE_GUIDE","SEE_GUIDE","OK","OK","CLEAN","IN_PROGRESS"
