surface,slug,hits,result
review,bullpadel-vertex-05-2026,,OK
review,bullpadel-hack-04-2026,,OK
review,bullpadel-vertex-05-hybrid-2026,,OK
review,bullpadel-indiga-ctr-2026,,OK
review,nox-at10-genius-18k-2026,,OK
review,nox-at10-genius-12k-alum-xtrem-2026,,OK
review,nox-ml10-pro-cup,,OK
review,adidas-metalbone-3-5-2026,,OK
review,head-coello-pro-2026,,OK
review,head-gravity-pro,,OK
review,babolat-technical-viper-3-0,,OK
review,kuikma-pr-comfort-soft,,OK
review,asics-gel-resolution-padel,,OK
review,adidas-crazyquick-boost-padel,,OK
review,adidas-courtquick-padel,,OK
review,joma-t-slam,,OK
review,babolat-jet-premura,,OK
review,nox-at10-lux,,OK
review,head-sprint-pro-4-padel,,OK
review,kuikma-ps-990,,OK
review,wilson-padel-overgrip-pack,,OK
review,hesacore-padel-grip,,OK
review,bullpadel-hac-overgrip,,OK
review,bullpadel-pascal-box-3b,,OK
pdp,bullpadel-vertex-05-2026,,OK
pdp,kuikma-pr-comfort-soft,,OK
pdp,asics-gel-resolution-padel,,OK
pdp,bullpadel-frame-protector-uni,,OK
pdp,joma-t-slam,,OK
pdp,bullpadel-indiga-ctr-2026,,OK
pdp,bullpadel-hack-04-2026,,OK
pdp,bullpadel-neuron-02-2026,,OK
pdp,adidas-match-light-2026,,OK
