family,productId,slug,status,published,indexable,listable,exactHero,usefulGallery,galleryCount,mediaBlocked,placeholder,heroSrc,contentClass
Rackets,prod-nox-at10-18k-2026,nox-at10-genius-18k-2026,published,true,true,true,true,true,1,false,false,/images/padel/products/nox-at10-genius-18k-2026-hero.jpg,EXCELLENT
Rackets,prod-bullpadel-vertex-04,bullpadel-vertex-04,published,true,true,true,true,true,1,false,false,/images/padel/products/bullpadel-vertex-04-hero.png,EXCELLENT
Rackets,prod-babolat-technical-viper,babolat-technical-viper-3-0,published,true,true,true,true,true,1,false,false,/images/padel/products/babolat-technical-viper-hero.png,EXCELLENT
Rackets,prod-head-coello-pro,head-coello-pro-2026,published,true,true,true,true,true,1,false,false,/images/padel/products/head-coello-pro-2026-hero.png,EXCELLENT
Rackets,prod-siux-diablo,siux-diablo-pro-2026,published,true,true,true,true,true,1,false,false,/images/padel/products/siux-diablo-hero.png,EXCELLENT
Shoes,prod-adidas-courtstabil,adidas-courtquick-padel,published,true,true,true,true,true,1,false,false,/images/padel/products/adidas-courtquick-padel-hero.jpg,EXCELLENT
Balls,prod-head-padel-pro-s,head-padel-pro-s-balls,published,true,true,true,true,true,1,false,false,/images/padel/products/head-padel-pro-s-hero.jpg,EXCELLENT
Grips,prod-wilson-overgrip,wilson-padel-overgrip-pack,published,true,true,true,true,true,1,false,false,/images/padel/products/wilson-padel-overgrip-hero.jpg,EXCELLENT
Bags,prod-nox-bag-10,nox-thermo-bag-10,draft,false,false,false,false,false,0,true,true,,EXCELLENT
Rackets,prod-wilson-bela-pro,wilson-bela-pro-v3,published,true,true,true,true,true,1,false,false,/images/padel/products/wilson-bela-pro-hero.png,EXCELLENT
Rackets,prod-starvie-titania-kepler,starvie-titania-kepler,published,true,true,true,true,true,1,false,false,/images/padel/products/starvie-titania-kepler-hero.jpg,EXCELLENT
Rackets,prod-adidas-metalbone-hrd,adidas-metalbone-hrd-2026,published,true,true,true,true,true,1,false,false,/images/padel/products/adidas-metalbone-hrd-hero.png,EXCELLENT
Rackets,prod-kuikma-pr-soft-500,kuikma-pr-soft-500,draft,false,false,false,false,false,0,true,true,,EXCELLENT
Rackets,prod-drop-shot-canyon-pro,drop-shot-canyon-pro,draft,false,false,false,false,false,0,true,true,,EXCELLENT
Rackets,prod-varlion-lw-carbon-difusor,varlion-lw-carbon-difusor,published,true,true,true,true,true,1,false,false,/images/padel/products/varlion-lw-carbon-difusor-2026-hero.jpg,EXCELLENT
Rackets,prod-nox-ml10-pro-cup,nox-ml10-pro-cup,published,true,true,true,true,true,1,false,false,/images/padel/products/nox-ml10-pro-cup-2026-hero.jpg,EXCELLENT
Rackets,prod-bullpadel-hack-03,bullpadel-hack-03,published,true,true,true,true,true,1,false,false,/images/padel/products/bullpadel-hack-03-hero.jpg,EXCELLENT
Rackets,prod-babolat-counter-viper,babolat-counter-viper,published,true,true,true,true,true,1,false,false,/images/padel/products/babolat-counter-viper-hero.png,EXCELLENT
Rackets,prod-head-extreme-pro-padel,head-extreme-pro-padel,published,true,true,true,true,true,1,false,false,/images/padel/products/head-extreme-pro-padel-hero.png,EXCELLENT
Rackets,prod-wilson-blade-pro-padel,wilson-blade-pro-v3-padel,published,true,true,true,true,true,1,false,false,/images/padel/products/wilson-blade-pro-padel-hero.png,EXCELLENT
Rackets,prod-starvie-basalto-osiris,starvie-basalto-osiris,published,true,true,true,true,true,1,false,false,/images/padel/products/starvie-basalto-osiris-2026-hero.jpg,EXCELLENT
Rackets,prod-bullpadel-vertex-05,bullpadel-vertex-05-2026,published,true,true,true,true,true,1,false,false,/images/padel/products/bullpadel-vertex-05-hero.png,EXCELLENT
Rackets,prod-bullpadel-hack-04,bullpadel-hack-04-2026,published,true,true,true,true,true,1,false,false,/images/padel/products/bullpadel-hack-04-hero.png,EXCELLENT
Rackets,prod-nox-at10-12k-2026,nox-at10-genius-12k-alum-xtrem-2026,published,true,true,true,true,true,1,false,false,/images/padel/products/nox-at10-genius-12k-alum-xtrem-2026-hero.jpg,EXCELLENT
Rackets,prod-adidas-metalbone-3-3-2026,adidas-metalbone-3-3,published,true,true,true,true,true,1,false,false,/images/padel/products/adidas-metalbone-3-3-hero.jpg,EXCELLENT
Rackets,prod-head-extreme-motion-2026,head-extreme-motion,published,true,true,true,true,true,1,false,false,/images/padel/products/head-extreme-motion-2026-hero.png,EXCELLENT
Rackets,prod-tecnifibre-wall-breaker-365-2026,tecnifibre-wall-breaker-365,published,true,true,true,true,true,1,false,false,/images/padel/products/tecnifibre-wall-breaker-365-hero.jpg,EXCELLENT
Rackets,prod-oxdog-sense-pro-2026,oxdog-sense-pro,published,true,true,true,true,true,1,false,false,/images/padel/products/oxdog-sense-pro-hero.jpg,EXCELLENT
Rackets,prod-royal-padel-rp-m27-2026,royal-padel-m27-poly-2026,draft,false,false,false,false,false,0,true,true,,EXCELLENT
Rackets,prod-black-crown-special-one-soft,black-crown-special-one-soft,draft,false,false,false,false,false,0,true,true,,EXCELLENT
Rackets,prod-lok-maxx-flow,lok-maxx-flow,published,true,true,true,true,true,1,false,false,/images/padel/products/lok-maxx-flow-hero.jpg,EXCELLENT
Shoes,prod-asics-gel-resolution-padel,asics-gel-resolution-padel,published,true,true,true,true,true,1,false,false,/images/padel/products/asics-gel-resolution-padel-hero.jpg,EXCELLENT
Shoes,prod-asics-gel-challenger-court,asics-gel-challenger-court,published,true,true,true,true,true,1,false,false,/images/padel/products/asics-gel-challenger-court-hero.jpg,EXCELLENT
Shoes,prod-babolat-jet-premura,babolat-jet-premura,published,true,true,true,true,true,1,false,false,/images/padel/products/babolat-jet-premura-hero.jpg,EXCELLENT
Shoes,prod-joma-t-slam,joma-t-slam,published,true,true,true,true,true,1,false,false,/images/padel/products/joma-t-slam-hero.jpg,EXCELLENT
Shoes,prod-head-revolt-pro-court,head-revolt-pro-court,published,true,true,true,true,true,1,false,false,/images/padel/products/head-revolt-pro-court-hero.jpg,GOOD
Shoes,prod-adidas-crazyquick-boost-m,adidas-crazyquick-boost-padel,published,true,true,true,true,true,1,false,false,/images/padel/products/adidas-crazyquick-boost-padel-hero.jpg,GOOD
Shoes,prod-adidas-courtquick-w,adidas-courtquick-padel-women,published,true,true,true,true,true,1,false,false,/images/padel/products/adidas-courtquick-padel-women-hero.jpg,EXCELLENT
Shoes,prod-adidas-crazyquick-boost-w,adidas-crazyquick-boost-padel-women,published,true,true,true,true,true,1,false,false,/images/padel/products/adidas-crazyquick-boost-padel-women-hero.jpg,GOOD
Shoes,prod-asics-gel-dedicate-8-padel,asics-gel-dedicate-8-padel,published,true,true,true,true,true,1,false,false,/images/padel/products/asics-gel-dedicate-8-padel-hero.jpg,EXCELLENT
Shoes,prod-asics-game-ff-padel,asics-game-ff-padel,published,true,true,true,true,true,1,false,false,/images/padel/products/asics-game-ff-padel-hero.jpg,GOOD
Shoes,prod-asics-solution-swift-ff2-padel,asics-solution-swift-ff2-padel,published,true,true,true,true,true,1,false,false,/images/padel/products/asics-solution-swift-ff2-padel-hero.jpg,GOOD
Shoes,prod-bullpadel-hybrid-fly,bullpadel-hybrid-fly,published,true,true,true,true,true,1,false,false,/images/padel/products/bullpadel-hybrid-fly-hero.jpg,EXCELLENT
Shoes,prod-bullpadel-ionic-woman,bullpadel-ionic-woman,published,true,true,true,true,true,1,false,false,/images/padel/products/bullpadel-ionic-woman-hero.jpg,EXCELLENT
Shoes,prod-nox-at10-lux,nox-at10-lux,published,true,true,true,true,true,1,false,false,/images/padel/products/nox-at10-lux-hero.jpg,GOOD
Shoes,prod-nox-ml10-hexa,nox-ml10-hexa,published,true,true,true,true,true,1,false,false,/images/padel/products/nox-ml10-hexa-hero.jpg,GOOD
Shoes,prod-babolat-movea-2,babolat-movea-2,published,true,true,true,true,true,1,false,false,/images/padel/products/babolat-movea-2-hero.jpg,EXCELLENT
Shoes,prod-babolat-sensa-women,babolat-sensa-women,published,true,true,true,true,true,1,false,false,/images/padel/products/babolat-sensa-women-hero.jpg,EXCELLENT
Shoes,prod-joma-slam-lady,joma-slam-lady,published,true,true,true,true,true,1,false,false,/images/padel/products/joma-slam-lady-hero.jpg,GOOD
Shoes,prod-joma-spin-men,joma-spin-men,published,true,true,true,true,true,1,false,false,/images/padel/products/joma-spin-men-hero.jpg,GOOD
Shoes,prod-head-sprint-pro-4-padel,head-sprint-pro-4-padel,published,true,true,true,true,true,1,false,false,/images/padel/products/head-sprint-pro-4-padel-hero.jpg,GOOD
Shoes,prod-wilson-rush-pro-5-padel,wilson-rush-pro-5-padel,published,true,true,true,true,true,1,false,false,/images/padel/products/wilson-rush-pro-5-padel-hero.jpg,GOOD
Shoes,prod-siux-diablo-pro,siux-diablo-pro-padel,draft,false,false,false,false,false,0,true,true,,EXCELLENT
Shoes,prod-siux-comodo-woman,siux-comodo-woman,draft,false,false,false,false,false,0,true,true,,GOOD
Shoes,prod-starvie-absolute-padel,starvie-absolute-padel,draft,false,false,false,false,false,0,true,true,,EXCELLENT
Shoes,prod-kuikma-ps-990,kuikma-ps-990,published,true,true,true,true,true,1,false,false,/images/padel/products/kuikma-ps-990-hero.jpg,GOOD
Shoes,prod-kuikma-ps-560-women,kuikma-ps-560-women,draft,false,false,false,false,false,0,true,true,,GOOD
Shoes,prod-oxdog-hyper-court,oxdog-hyper-court,draft,false,false,false,false,false,0,true,true,,GOOD
Shoes,prod-asics-gel-resolution-padel-w,asics-gel-resolution-padel-women,published,true,true,true,true,true,1,false,false,/images/padel/products/asics-gel-resolution-padel-women-hero.jpg,GOOD
Shoes,prod-asics-solution-swift-padel-w,asics-solution-swift-ff-padel-women,draft,false,false,false,false,false,0,true,true,,GOOD
Shoes,prod-adidas-solecourt-boost-padel,adidas-solecourt-boost-padel,draft,false,false,false,false,false,0,true,true,,EXCELLENT
Shoes,prod-head-revolt-court,head-revolt-court-padel,draft,false,false,false,false,false,0,true,true,,GOOD
Shoes,prod-wilson-bela-pro-padel,wilson-bela-pro-padel,draft,false,false,false,false,false,0,true,true,,GOOD
Shoes,prod-joma-spin-lady,joma-spin-lady,published,true,true,true,true,true,1,false,false,/images/padel/products/joma-spin-lady-hero.jpg,GOOD
Shoes,prod-bullpadel-hack-hybrid,bullpadel-hack-hybrid,draft,false,false,false,false,false,0,true,true,,GOOD
Shoes,prod-nox-at10-pro-shoe,nox-at10-pro,draft,false,false,false,false,false,0,true,true,,GOOD
Shoes,prod-babolat-jet-premura-2-men,babolat-jet-premura-2,published,true,true,true,true,true,1,false,false,/images/padel/products/babolat-jet-premura-2-hero.jpg,EXCELLENT
Shoes,prod-tecnifibre-t-fight-padel,tecnifibre-wall-shooter,draft,false,false,false,false,false,0,true,true,,GOOD
Shoes,prod-varlion-bourne-padel-shoe,varlion-bourne-padel,draft,false,false,false,false,false,0,true,true,,EXCELLENT
Shoes,prod-lok-padel-one,lok-padel-one,draft,false,false,false,false,false,0,true,true,,EXCELLENT
Rackets,prod-nox-at10-attack-18k-2026,nox-at10-genius-attack-18k-2026,published,true,true,true,true,true,1,false,false,/images/padel/products/nox-at10-genius-attack-18k-2026-hero.jpg,EXCELLENT
Rackets,prod-nox-equation-soft-2026,nox-equation-soft-advanced-2026,published,true,true,true,true,true,1,false,false,/images/padel/products/nox-equation-soft-advanced-2026-hero.jpg,EXCELLENT
Rackets,prod-bullpadel-vertex-05-hybrid,bullpadel-vertex-05-hybrid-2026,published,true,true,true,true,true,1,false,false,/images/padel/products/bullpadel-vertex-05-hybrid-hero.jpg,EXCELLENT
Rackets,prod-bullpadel-vertex-05-w,bullpadel-vertex-05-w-2026,published,true,true,true,true,true,1,false,false,/images/padel/products/bullpadel-vertex-05-w-hero.jpg,EXCELLENT
Rackets,prod-bullpadel-hack-04-hybrid,bullpadel-hack-04-hybrid-2026,published,true,true,true,true,true,1,false,false,/images/padel/products/bullpadel-hack-04-hybrid-hero.jpg,EXCELLENT
Rackets,prod-bullpadel-hack-04-comfort,bullpadel-hack-04-comfort-2026,published,true,true,true,true,true,1,false,false,/images/padel/products/bullpadel-hack-04-comfort-hero.jpg,EXCELLENT
Rackets,prod-bullpadel-neuron-02,bullpadel-neuron-02-2026,published,true,true,true,true,true,1,false,false,/images/padel/products/bullpadel-neuron-02-hero.jpg,EXCELLENT
Rackets,prod-bullpadel-neuron-02-edge,bullpadel-neuron-02-edge-2026,published,true,true,true,true,true,1,false,false,/images/padel/products/bullpadel-neuron-02-edge-hero.jpg,EXCELLENT
Rackets,prod-bullpadel-xplo,bullpadel-xplo-2026,published,true,true,true,true,true,1,false,false,/images/padel/products/bullpadel-xplo-hero.jpg,EXCELLENT
Rackets,prod-bullpadel-xplo-comfort,bullpadel-xplo-comfort-2026,published,true,true,true,true,true,1,false,false,/images/padel/products/bullpadel-xplo-comfort-hero.jpg,EXCELLENT
Rackets,prod-bullpadel-ionic-light,bullpadel-ionic-light-2026,published,true,true,true,true,true,1,false,false,/images/padel/products/bullpadel-ionic-light-hero.jpg,EXCELLENT
Rackets,prod-bullpadel-indiga-ctr,bullpadel-indiga-ctr-2026,published,true,true,true,true,true,1,false,false,/images/padel/products/bullpadel-indiga-ctr-hero.jpg,EXCELLENT
Rackets,prod-bullpadel-vertex-advance,bullpadel-vertex-advance-2026,published,true,true,true,true,true,1,false,false,/images/padel/products/bullpadel-vertex-advance-hero.jpg,EXCELLENT
Rackets,prod-adidas-metalbone-3-5-2026,adidas-metalbone-3-5-2026,published,true,true,true,true,true,1,false,false,/images/padel/products/adidas-metalbone-3-5-2026-hero.jpg,EXCELLENT
Rackets,prod-adidas-metalbone-ctrl,adidas-metalbone-ctrl-2026,published,true,true,true,true,true,1,false,false,/images/padel/products/adidas-metalbone-ctrl-2026-hero.jpg,EXCELLENT
Rackets,prod-adidas-metalbone-team-light,adidas-metalbone-team-light-2026,published,true,true,true,true,true,1,false,false,/images/padel/products/adidas-metalbone-team-light-2026-hero.jpg,EXCELLENT
Rackets,prod-adidas-cross-it-light,adidas-cross-it-light-2026,published,true,true,true,true,true,1,false,false,/images/padel/products/adidas-cross-it-light-2026-hero.jpg,EXCELLENT
Rackets,prod-adidas-cross-it-ctrl,adidas-cross-it-ctrl-2026,published,true,true,true,true,true,1,false,false,/images/padel/products/adidas-cross-it-ctrl-2026-hero.jpg,EXCELLENT
Rackets,prod-adidas-arrow-hit-ctrl,adidas-arrow-hit-ctrl-2026,published,true,true,true,true,true,1,false,false,/images/padel/products/adidas-arrow-hit-ctrl-2026-hero.jpg,EXCELLENT
Rackets,prod-adidas-arrow-hit-attk,adidas-arrow-hit-2026,published,true,true,true,true,true,1,false,false,/images/padel/products/adidas-arrow-hit-attk-2026-hero.jpg,EXCELLENT
Rackets,prod-adidas-match-light,adidas-match-light-2026,published,true,true,true,true,true,1,false,false,/images/padel/products/adidas-match-light-2026-hero.jpg,EXCELLENT
Rackets,prod-head-coello-motion,head-coello-motion-2026,published,true,true,true,true,true,1,false,false,/images/padel/products/head-coello-motion-hero.jpg,EXCELLENT
Rackets,prod-head-coello-team,head-coello-team-2026,published,true,true,true,true,true,1,false,false,/images/padel/products/head-coello-team-hero.jpg,EXCELLENT
Rackets,prod-head-gravity-pro,head-gravity-pro,published,true,true,true,true,true,1,false,false,/images/padel/products/head-gravity-pro-hero.jpg,EXCELLENT
Rackets,prod-head-gravity-motion,head-gravity-motion,published,true,true,true,true,true,1,false,false,/images/padel/products/head-gravity-motion-hero.jpg,EXCELLENT
Rackets,prod-head-speed-pro,head-speed-pro,published,true,true,true,true,true,1,false,false,/images/padel/products/head-speed-pro-hero.jpg,EXCELLENT
Rackets,prod-head-one-ultralight,head-one-ultralight,published,true,true,true,true,true,1,false,false,/images/padel/products/head-one-ultralight-hero.jpg,EXCELLENT
Rackets,prod-babolat-air-viper,babolat-air-viper-2-6,published,true,true,true,true,true,1,false,false,/images/padel/products/babolat-air-viper-hero.jpg,EXCELLENT
Rackets,prod-babolat-air-veron,babolat-air-veron-2-6,published,true,true,true,true,true,1,false,false,/images/padel/products/babolat-air-veron-hero.jpg,EXCELLENT
Rackets,prod-siux-electra,siux-electra-pro-2026,published,true,true,true,true,true,1,false,false,/images/padel/products/siux-electra-pro-2026-hero.jpg,EXCELLENT
Rackets,prod-siux-fenix,siux-fenix-pro-2026,published,true,true,true,true,true,1,false,false,/images/padel/products/siux-fenix-pro-2026-hero.jpg,EXCELLENT
Rackets,prod-starvie-astrum,starvie-astrum-plus-2026,published,true,true,true,true,true,1,false,false,/images/padel/products/starvie-astrum-hero.jpg,EXCELLENT
Rackets,prod-nox-at10-attack-12k-2026,nox-at10-genius-attack-12k-2026,draft,false,false,false,false,false,0,true,true,,EXCELLENT
Rackets,prod-kuikma-pr-hybrid-carbon,kuikma-pr-hybrid-carbon,published,true,true,true,true,true,1,false,false,/images/padel/products/kuikma-pr-hybrid-carbon-hero.jpg,EXCELLENT
Rackets,prod-kuikma-pr-comfort-soft,kuikma-pr-comfort-soft,published,true,true,true,true,true,1,false,false,/images/padel/products/kuikma-pr-comfort-soft-hero.jpg,EXCELLENT
Balls,prod-head-padel-pro-plus,head-padel-pro-plus,published,true,true,true,true,true,1,false,false,/images/padel/products/head-padel-pro-plus-hero.jpg,EXCELLENT
Balls,prod-head-padel-team,head-padel-team,published,true,true,true,true,true,1,false,false,/images/padel/products/head-padel-team-hero.jpg,GOOD
Balls,prod-head-padel-one,head-padel-one,published,true,true,true,true,true,1,false,false,/images/padel/products/head-padel-one-hero.jpg,GOOD
Balls,prod-kuikma-pb-speed,kuikma-pb-speed,published,true,true,true,true,true,1,false,false,/images/padel/products/kuikma-pb-speed-hero.jpg,EXCELLENT
Balls,prod-kuikma-pb-control,kuikma-pb-control,published,true,true,true,true,true,1,false,false,/images/padel/products/kuikma-pb-control-hero.jpg,GOOD
Balls,prod-kuikma-pb-club,kuikma-pb-club,published,true,true,true,true,true,1,false,false,/images/padel/balls/kuikma-pb-club-hero.jpg,GOOD
Balls,prod-wilson-padel-premier,wilson-padel-premier,published,true,true,true,true,true,1,false,false,/images/padel/products/wilson-padel-premier-hero.jpg,GOOD
Balls,prod-wilson-padel-premier-speed,wilson-padel-premier-speed,published,true,true,true,true,true,1,false,false,/images/padel/products/wilson-padel-premier-speed-hero.jpg,EXCELLENT
Balls,prod-bullpadel-premium-pro,bullpadel-premium-pro,published,true,true,true,true,true,1,false,false,/images/padel/products/bullpadel-premium-pro-hero.jpg,GOOD
Balls,prod-bullpadel-premium-gold,bullpadel-premium-gold,draft,false,false,false,false,false,0,true,true,,GOOD
Balls,prod-adidas-aditour-padel,adidas-aditour-padel-balls,draft,false,false,false,false,false,0,true,true,,GOOD
Balls,prod-adidas-speed-rx,adidas-speed-rx-padel-balls,published,true,true,true,true,true,1,false,false,/images/padel/products/adidas-speed-rx-padel-balls-hero.jpg,GOOD
Balls,prod-babolat-court-padel-balls,babolat-court-padel-balls,published,true,true,true,true,true,1,false,false,/images/padel/products/babolat-court-padel-balls-hero.jpg,GOOD
Balls,prod-dunlop-pro-padel,dunlop-pro-padel,published,true,true,true,true,true,1,false,false,/images/padel/products/dunlop-pro-padel-hero.jpg,GOOD
Balls,prod-tecnifibre-padel-team,tecnifibre-padel-team-balls,published,true,true,true,true,true,1,false,false,/images/padel/products/tecnifibre-padel-team-balls-hero.jpg,GOOD
Bags,prod-nox-at10-team-bag,nox-at10-team-paletero,published,true,true,true,true,true,1,false,false,/images/padel/products/nox-at10-team-paletero-hero.jpg,EXCELLENT
Bags,prod-babolat-rh-pro-padel,babolat-rh-pro-padel,published,true,true,true,true,true,1,false,false,/images/padel/products/babolat-rh-pro-padel-hero.jpg,GOOD
Bags,prod-bullpadel-vertex-backpack,bullpadel-vertex-geo-backpack,published,true,true,true,true,true,1,false,false,/images/padel/products/bullpadel-vertex-geo-backpack-hero.jpg,EXCELLENT
Bags,prod-tecnifibre-tour-endurance-backpack,tecnifibre-tour-endurance-padel-backpack,published,true,true,true,true,true,1,false,false,/images/padel/products/tecnifibre-tour-endurance-padel-backpack-hero.jpg,EXCELLENT
Bags,prod-babolat-court-backpack,babolat-court-backpack,published,true,true,true,true,true,1,false,false,/images/padel/products/babolat-court-backpack-hero.jpg,GOOD
Bags,prod-adidas-protour-padel,adidas-protour-padel-bag,published,true,true,true,true,true,1,false,false,/images/padel/products/adidas-protour-padel-bag-hero.jpg,EXCELLENT
Bags,prod-head-tour-team-padel,head-tour-team-padel-bag,published,true,true,true,true,true,1,false,false,/images/padel/bags/head-tour-team-padel-hero.jpg,EXCELLENT
Bags,prod-head-elite-backpack,head-elite-padel-backpack,published,true,true,true,true,true,1,false,false,/images/padel/products/head-elite-padel-backpack-hero.jpg,EXCELLENT
Bags,prod-wilson-super-tour-padel,wilson-super-tour-padel-bag,published,true,true,true,true,true,1,false,false,/images/padel/products/wilson-super-tour-padel-bag-hero.jpg,EXCELLENT
Bags,prod-kuikma-paletero,kuikma-padel-paletero,draft,false,false,false,false,false,0,true,true,,EXCELLENT
Bags,prod-nox-pro-series-bag,nox-pro-series-padel-bag,draft,false,false,false,false,false,0,true,true,,EXCELLENT
Bags,prod-nox-at10-xxl-bag,nox-at10-xxl-padel-bag,published,true,true,true,true,true,1,false,false,/images/padel/products/nox-at10-xxl-padel-bag-hero.jpg,EXCELLENT
Bags,prod-siux-paletero,siux-padel-paletero,draft,false,false,false,false,false,0,true,true,,EXCELLENT
Grips,prod-bullpadel-gb1200,bullpadel-hac-overgrip,published,true,true,true,true,true,1,false,false,/images/padel/products/bullpadel-hac-overgrip-hero.jpg,EXCELLENT
Grips,prod-nox-pro-overgrip,nox-pro-overgrip,published,true,true,true,true,true,1,false,false,/images/padel/products/nox-pro-overgrip-hero.jpg,EXCELLENT
Grips,prod-head-xtreme-soft,head-xtreme-soft-overgrip,published,true,true,true,true,true,1,false,false,/images/padel/products/head-xtreme-soft-overgrip-hero.jpg,EXCELLENT
Grips,prod-babolat-pro-response,babolat-pro-response-overgrip,published,true,true,true,true,true,1,false,false,/images/padel/products/babolat-pro-response-overgrip-hero.jpg,EXCELLENT
Grips,prod-kuikma-overgrip,kuikma-padel-overgrip,published,true,true,true,true,true,1,false,false,/images/padel/products/kuikma-padel-overgrip-hero.jpg,EXCELLENT
Grips,prod-head-hydrosorb,head-hydrosorb-replacement-grip,draft,false,false,false,false,false,0,true,true,,EXCELLENT
Grips,prod-babolat-syntec-pro,babolat-syntec-pro-replacement-grip,published,true,true,true,true,true,1,false,false,/images/padel/products/babolat-syntec-pro-replacement-grip-hero.jpg,EXCELLENT
Grips,prod-hesacore-padel,hesacore-padel-grip,published,true,true,true,true,true,1,false,false,/images/padel/products/hesacore-padel-grip-hero.jpg,EXCELLENT
Grips,prod-adidas-padel-overgrip,adidas-padel-overgrip,published,true,true,true,true,true,1,false,false,/images/padel/grips/adidas-padel-overgrip-hero.jpg,EXCELLENT
Accessories,prod-bullpadel-frame-protector,bullpadel-frame-protector-3-pack,published,true,true,true,true,true,1,false,false,/images/padel/products/bullpadel-frame-protector-3-pack-hero.jpg,GOOD
Accessories,prod-nox-frame-protector,nox-transparent-frame-protector,published,true,true,true,true,true,1,false,false,/images/padel/products/nox-transparent-frame-protector-hero.jpg,EXCELLENT
Accessories,prod-bullpadel-pascal-box,bullpadel-pascal-box-3b,published,true,true,true,true,true,1,false,false,/images/padel/products/bullpadel-pascal-box-3b-hero.jpg,GOOD
Accessories,prod-head-x3-pressurizer,head-x3-ball-pressurizer,published,true,true,true,true,true,1,false,false,/images/padel/products/head-x3-ball-pressurizer-hero.jpg,GOOD
Accessories,prod-bullpadel-custom-weight,bullpadel-protector-custom-weight,published,true,true,true,true,true,1,false,false,/images/padel/products/bullpadel-protector-custom-weight-hero.jpg,EXCELLENT
Accessories,prod-head-wristband,head-padel-wristband,draft,false,false,false,false,false,0,true,true,,GOOD
Accessories,prod-wilson-wristband,wilson-padel-wristband,draft,false,false,false,false,false,0,true,true,,GOOD
Accessories,prod-nox-wristband,nox-padel-wristband,draft,false,false,false,false,false,0,true,true,,GOOD
Accessories,prod-bullpadel-wristband,bullpadel-padel-wristband,draft,false,false,false,false,false,0,true,true,,GOOD
Accessories,prod-head-smartsorb,head-smartsorb,draft,false,false,false,false,false,0,true,true,,GOOD
Accessories,prod-4on-totalgrip,4on-totalgrip,published,true,true,true,true,true,1,false,false,/images/padel/accessories/4on-totalgrip-hero.jpg,EXCELLENT
Accessories,prod-adidas-adidas-protector,adidas-adidas-protector,draft,false,false,false,false,false,0,true,true,,EXCELLENT
Accessories,prod-adidas-adidas-wristband,adidas-adidas-wristband,draft,false,false,false,false,false,0,true,true,,EXCELLENT
Accessories,prod-alacran-alacran-basket,alacran-alacran-basket,draft,false,false,false,false,false,0,true,true,,EXCELLENT
Accessories,prod-alacran-wide-ancha,alacran-wide-ancha,draft,false,false,false,false,false,0,true,true,,EXCELLENT
Accessories,prod-babolat-babolat-protector,babolat-babolat-protector,draft,false,false,false,false,false,0,true,true,,EXCELLENT
Accessories,prod-babolat-babolat-wristband,babolat-babolat-wristband,draft,false,false,false,false,false,0,true,true,,EXCELLENT
Accessories,prod-ball-rescuer-ball-rescuer,ball-rescuer-ball-rescuer,published,true,true,true,true,true,1,false,false,/images/padel/accessories/ball-rescuer-ball-rescuer-hero.jpg,GOOD
Accessories,prod-ball-rescuer-premium,ball-rescuer-premium,draft,false,false,false,false,false,0,true,true,,GOOD
Accessories,prod-black-crown-vibranium-transparent,black-crown-vibranium-transparent,draft,false,false,false,false,false,0,true,true,,EXCELLENT
Accessories,prod-black-crown-black-crown-wristband,black-crown-black-crown-wristband,published,true,true,true,true,true,1,false,false,/images/padel/accessories/black-crown-black-crown-wristband-hero.jpg,EXCELLENT
Accessories,prod-bounce-bounce-padel-x4,bounce-bounce-padel-x4,draft,false,false,false,false,false,0,true,true,,GOOD
Accessories,prod-bullpadel-bpmu252-bpmu253,bullpadel-bpmu252-bpmu253,draft,false,false,false,false,false,0,true,true,,EXCELLENT
Accessories,prod-bullpadel-pascal-box-switch-3b,bullpadel-pascal-box-switch-3b,draft,false,false,false,false,false,0,true,true,,GOOD
Accessories,prod-bullpadel-custom-weight-grip,bullpadel-custom-weight-grip,published,true,true,true,true,true,1,false,false,/images/padel/accessories/bullpadel-custom-weight-grip-hero.jpg,EXCELLENT
Accessories,prod-bullpadel-frame-protector-uni,bullpadel-frame-protector-uni,published,true,true,true,true,true,1,false,false,/images/padel/accessories/bullpadel-frame-protector-uni-hero.jpg,EXCELLENT
Accessories,prod-bullpadel-bullpadel-headband,bullpadel-bullpadel-headband,draft,false,false,false,false,false,0,true,true,,EXCELLENT
Accessories,prod-bullpadel-metalshield,bullpadel-metalshield,draft,false,false,false,false,false,0,true,true,,EXCELLENT
Accessories,prod-bullpadel-pascal-box-4b,bullpadel-pascal-box-4b,draft,false,false,false,false,false,0,true,true,,GOOD
Accessories,prod-bullpadel-pascal-box-pro,bullpadel-pascal-box-pro,draft,false,false,false,false,false,0,true,true,,GOOD
Accessories,prod-bullpadel-pascal-box-switch,bullpadel-pascal-box-switch,draft,false,false,false,false,false,0,true,true,,GOOD
Accessories,prod-bullpadel-custom-weight-protector,bullpadel-custom-weight-protector,draft,false,false,false,false,false,0,true,true,,EXCELLENT
Accessories,prod-enebe-enebe-protector-line,enebe-enebe-protector-line,published,true,true,true,true,true,1,false,false,/images/padel/accessories/enebe-enebe-protector-line-hero.jpg,EXCELLENT
Accessories,prod-head-antishock-skin,head-antishock-skin,published,true,true,true,true,true,1,false,false,/images/padel/accessories/head-antishock-skin-hero.jpg,EXCELLENT
Accessories,prod-head-head-ball-cart,head-head-ball-cart,draft,false,false,false,false,false,0,true,true,,EXCELLENT
Accessories,prod-head-pick-up-tube,head-pick-up-tube,draft,false,false,false,false,false,0,true,true,,EXCELLENT
Accessories,prod-head-court-basket-70,head-court-basket-70,draft,false,false,false,false,false,0,true,true,,EXCELLENT
Accessories,prod-head-ball-basket,head-ball-basket,draft,false,false,false,false,false,0,true,true,,EXCELLENT
Accessories,prod-head-protector-tape,head-protector-tape,draft,false,false,false,false,false,0,true,true,,EXCELLENT
Accessories,prod-head-headband,head-headband,draft,false,false,false,false,false,0,true,true,,EXCELLENT
Accessories,prod-head-x100,head-x100,draft,false,false,false,false,false,0,true,true,,GOOD
Accessories,prod-head-head-logo-wristband,head-head-logo-wristband,draft,false,false,false,false,false,0,true,true,,EXCELLENT
Accessories,prod-head-coaching-kit,head-coaching-kit,draft,false,false,false,false,false,0,true,true,,EXCELLENT
Accessories,prod-head-dome-cones,head-dome-cones,draft,false,false,false,false,false,0,true,true,,EXCELLENT
Accessories,prod-head-performance-headband,head-performance-headband,draft,false,false,false,false,false,0,true,true,,EXCELLENT
Accessories,prod-head-head-targets,head-head-targets,draft,false,false,false,false,false,0,true,true,,EXCELLENT
Accessories,prod-head-x3-pump,head-x3-pump,published,true,true,true,true,true,1,false,false,/images/padel/accessories/head-x3-pump-hero.jpg,GOOD
Accessories,prod-head-x4-pump,head-x4-pump,draft,false,false,false,false,false,0,true,true,,GOOD
Accessories,prod-nox-nox-pickup-tube,nox-nox-pickup-tube,draft,false,false,false,false,false,0,true,true,,EXCELLENT
Accessories,prod-nox-nox-color-pack,nox-nox-color-pack,draft,false,false,false,false,false,0,true,true,,EXCELLENT
Accessories,prod-nox-texture-protector,nox-texture-protector,draft,false,false,false,false,false,0,true,true,,EXCELLENT
Accessories,prod-nox-transparent-protection-tape,nox-transparent-protection-tape,draft,false,false,false,false,false,0,true,true,,EXCELLENT
Accessories,prod-nox-weight-balancer-2-4g,nox-weight-balancer-2-4g,published,true,true,true,true,true,1,false,false,/images/padel/accessories/nox-weight-balancer-2-4g-hero.jpg,EXCELLENT
Accessories,prod-pascal-box-compressor,pascal-box-compressor,draft,false,false,false,false,false,0,true,true,,GOOD
Accessories,prod-pascal-box-compressor-pro,pascal-box-compressor-pro,draft,false,false,false,false,false,0,true,true,,GOOD
Accessories,prod-shockout-gravity,shockout-gravity,published,true,true,true,true,true,1,false,false,/images/padel/accessories/shockout-gravity-hero.jpg,EXCELLENT
Accessories,prod-shockout-shockout-protector,shockout-shockout-protector,draft,false,false,false,false,false,0,true,true,,EXCELLENT
Accessories,prod-shockout-padel-balls-design,shockout-padel-balls-design,draft,false,false,false,false,false,0,true,true,,EXCELLENT
Accessories,prod-siux-siux-logo-transparent,siux-siux-logo-transparent,draft,false,false,false,false,false,0,true,true,,EXCELLENT
Accessories,prod-softee-softee-basket,softee-softee-basket,draft,false,false,false,false,false,0,true,true,,EXCELLENT
Accessories,prod-softee-cube-pro,softee-cube-pro,draft,false,false,false,false,false,0,true,true,,GOOD
Accessories,prod-softee-max-tube,softee-max-tube,draft,false,false,false,false,false,0,true,true,,GOOD
Accessories,prod-softee-press-pro-x3,softee-press-pro-x3,draft,false,false,false,false,false,0,true,true,,GOOD
Accessories,prod-softee-softee-protector,softee-softee-protector,published,true,true,true,true,true,1,false,false,/images/padel/accessories/softee-softee-protector-hero.jpg,EXCELLENT
Accessories,prod-starvie-transparent-protector-2026,starvie-transparent-protector-2026,published,true,true,true,true,true,1,false,false,/images/padel/accessories/starvie-transparent-protector-2026-hero.jpg,EXCELLENT
Accessories,prod-tuboplus-tuboplus-29psi-x3,tuboplus-tuboplus-29psi-x3,draft,false,false,false,false,false,0,true,true,,GOOD
Accessories,prod-tuboplus-29psi-x3e,tuboplus-29psi-x3e,draft,false,false,false,false,false,0,true,true,,GOOD
Accessories,prod-tuboplus-29psi-x4e,tuboplus-29psi-x4e,draft,false,false,false,false,false,0,true,true,,GOOD
Accessories,prod-tuboplus-boost,tuboplus-boost,draft,false,false,false,false,false,0,true,true,,GOOD
Accessories,prod-tuboplus-r3play,tuboplus-r3play,draft,false,false,false,false,false,0,true,true,,GOOD
Accessories,prod-tuboplus-r3set,tuboplus-r3set,draft,false,false,false,false,false,0,true,true,,GOOD
Accessories,prod-tuboplus-repl4y,tuboplus-repl4y,draft,false,false,false,false,false,0,true,true,,GOOD
Accessories,prod-tuboplus-tuboplus-x4,tuboplus-tuboplus-x4,draft,false,false,false,false,false,0,true,true,,GOOD
Accessories,prod-tuboplus-tubox3,tuboplus-tubox3,draft,false,false,false,false,false,0,true,true,,GOOD
Accessories,prod-vibora-vibor-a-transparent,vibora-vibor-a-transparent,published,true,true,true,true,true,1,false,false,/images/padel/accessories/vibora-vibor-a-transparent-hero.jpg,EXCELLENT
Accessories,prod-wilson-wilson-weight-tape,wilson-wilson-weight-tape,draft,false,false,false,false,false,0,true,true,,EXCELLENT
Accessories,prod-wilson-wilson-protector,wilson-wilson-protector,draft,false,false,false,false,false,0,true,true,,EXCELLENT
Bags,prod-adidas-control-2026,adidas-control-2026,published,true,true,true,true,true,1,false,false,/images/padel/bags/adidas-control-2026-hero.jpg,GOOD
Bags,prod-adidas-metalbone-bag,adidas-metalbone-bag,draft,false,false,false,false,false,0,true,true,,GOOD
Bags,prod-adidas-multigame-backpack-2026,adidas-multigame-backpack-2026,draft,false,false,false,false,false,0,true,true,,GOOD
Bags,prod-adidas-multigame-2026,adidas-multigame-2026,draft,false,false,false,false,false,0,true,true,,GOOD
Bags,prod-adidas-protour-backpack-2026,adidas-protour-backpack-2026,published,true,true,true,true,true,1,false,false,/images/padel/bags/adidas-protour-backpack-2026-hero.jpg,GOOD
Bags,prod-adidas-tour,adidas-tour,published,true,true,true,true,true,1,false,false,/images/padel/bags/adidas-tour-hero.jpg,GOOD
Bags,prod-adidas-weekend,adidas-weekend,draft,false,false,false,false,false,0,true,true,,GOOD
Bags,prod-babolat-backpack-kids,babolat-backpack-kids,draft,false,false,false,false,false,0,true,true,,GOOD
Bags,prod-babolat-court-backpack-lite,babolat-court-backpack-lite,draft,false,false,false,false,false,0,true,true,,GOOD
Bags,prod-babolat-rh-perf,babolat-rh-perf,published,true,true,true,true,true,1,false,false,/images/padel/bags/babolat-rh-perf-hero.jpg,GOOD
Bags,prod-black-crown-spartan,black-crown-spartan,published,true,true,true,true,true,1,false,false,/images/padel/bags/black-crown-spartan-hero.jpg,GOOD
Bags,prod-black-crown-thunder,black-crown-thunder,published,true,true,true,true,true,1,false,false,/images/padel/bags/black-crown-thunder-hero.jpg,GOOD
Bags,prod-black-crown-ultimate-pro-2-0,black-crown-ultimate-pro-2-0,published,true,true,true,true,true,1,false,false,/images/padel/bags/black-crown-ultimate-pro-2-0-hero.jpg,GOOD
Bags,prod-bullpadel-advance-bpp26014,bullpadel-advance-bpp26014,draft,false,false,false,false,false,0,true,true,,GOOD
Bags,prod-bullpadel-casual-bpp26016,bullpadel-casual-bpp26016,published,true,true,true,true,true,1,false,false,/images/padel/bags/bullpadel-casual-bpp26016-hero.jpg,GOOD
Bags,prod-bullpadel-elite-bpp26019,bullpadel-elite-bpp26019,published,true,true,true,true,true,1,false,false,/images/padel/bags/bullpadel-elite-bpp26019-hero.jpg,GOOD
Bags,prod-bullpadel-hack-bpm26002,bullpadel-hack-bpm26002,draft,false,false,false,false,false,0,true,true,,GOOD
Bags,prod-bullpadel-icon-bpp26023,bullpadel-icon-bpp26023,published,true,true,true,true,true,1,false,false,/images/padel/bags/bullpadel-icon-bpp26023-hero.jpg,GOOD
Bags,prod-bullpadel-ionic-bpp26005,bullpadel-ionic-bpp26005,published,true,true,true,true,true,1,false,false,/images/padel/bags/bullpadel-ionic-bpp26005-hero.jpg,GOOD
Bags,prod-bullpadel-neuron-bpm26020,bullpadel-neuron-bpm26020,published,true,true,true,true,true,1,false,false,/images/padel/bags/bullpadel-neuron-bpm26020-hero.jpg,GOOD
Bags,prod-bullpadel-neuron-bpp26020,bullpadel-neuron-bpp26020,draft,false,false,false,false,false,0,true,true,,GOOD
Bags,prod-bullpadel-pearl-bpm27017,bullpadel-pearl-bpm27017,published,true,true,true,true,true,1,false,false,/images/padel/bags/bullpadel-pearl-bpm27017-hero.jpg,GOOD
Bags,prod-bullpadel-pearl-bpp26021,bullpadel-pearl-bpp26021,draft,false,false,false,false,false,0,true,true,,GOOD
Bags,prod-bullpadel-tour-bpp26015,bullpadel-tour-bpp26015,published,true,true,true,true,true,1,false,false,/images/padel/bags/bullpadel-tour-bpp26015-hero.jpg,GOOD
Bags,prod-bullpadel-trolley-bpp26011,bullpadel-trolley-bpp26011,draft,false,false,false,false,false,0,true,true,,GOOD
Bags,prod-bullpadel-vertex-bpp26001,bullpadel-vertex-bpp26001,draft,false,false,false,false,false,0,true,true,,GOOD
Bags,prod-bullpadel-vertex-geo-premier-bpm26008,bullpadel-vertex-geo-premier-bpm26008,draft,false,false,false,false,false,0,true,true,,GOOD
Bags,prod-bullpadel-wonder-bpp26024,bullpadel-wonder-bpp26024,published,true,true,true,true,true,1,false,false,/images/padel/bags/bullpadel-wonder-bpp26024-hero.jpg,GOOD
Bags,prod-bullpadel-xplo-bpp26022,bullpadel-xplo-bpp26022,published,true,true,true,true,true,1,false,false,/images/padel/bags/bullpadel-xplo-bpp26022-hero.jpg,GOOD
Bags,prod-bullpadel-flow-bpp26006,bullpadel-flow-bpp26006,draft,false,false,false,false,false,0,true,true,,GOOD
Bags,prod-bullpadel-bpm26002-hack,bullpadel-bpm26002-hack,published,true,true,true,true,true,1,false,false,/images/padel/bags/bullpadel-bpm26002-hack-hero.jpg,GOOD
Bags,prod-bullpadel-hack-bpp26012,bullpadel-hack-bpp26012,draft,false,false,false,false,false,0,true,true,,GOOD
Bags,prod-bullpadel-bpp26005-ionic,bullpadel-bpp26005-ionic,draft,false,false,false,false,false,0,true,true,,GOOD
Bags,prod-bullpadel-bpm26007-bpm26008-vertex,bullpadel-bpm26007-bpm26008-vertex,published,true,true,true,true,true,1,false,false,/images/padel/bags/bullpadel-bpm26007-bpm26008-vertex-hero.jpg,GOOD
Bags,prod-bullpadel-bpp26001-vertex,bullpadel-bpp26001-vertex,published,true,true,true,true,true,1,false,false,/images/padel/bags/bullpadel-bpp26001-vertex-hero.jpg,GOOD
Bags,prod-bullpadel-bpm26022-xplo,bullpadel-bpm26022-xplo,draft,false,false,false,false,false,0,true,true,,GOOD
Bags,prod-bullpadel-bpp26022-xplo,bullpadel-bpp26022-xplo,published,true,true,true,true,true,1,false,false,/images/padel/bags/bullpadel-bpp26022-xplo-hero.jpg,GOOD
Bags,prod-drop-shot-axion-backpack,drop-shot-axion-backpack,draft,false,false,false,false,false,0,true,true,,GOOD
Bags,prod-drop-shot-axion,drop-shot-axion,draft,false,false,false,false,false,0,true,true,,GOOD
Bags,prod-drop-shot-blitz,drop-shot-blitz,published,true,true,true,true,true,1,false,false,/images/padel/bags/drop-shot-blitz-hero.jpg,GOOD
Bags,prod-drop-shot-fenix,drop-shot-fenix,draft,false,false,false,false,false,0,true,true,,GOOD
Bags,prod-drop-shot-lcp,drop-shot-lcp,draft,false,false,false,false,false,0,true,true,,GOOD
Bags,prod-head-coello-pro-x-backpack,head-coello-pro-x-backpack,published,true,true,true,true,true,1,false,false,/images/padel/bags/head-coello-pro-x-backpack-hero.jpg,GOOD
Bags,prod-head-coello-pro-x-duffle-l,head-coello-pro-x-duffle-l,published,true,true,true,true,true,1,false,false,/images/padel/bags/head-coello-pro-x-duffle-l-hero.jpg,GOOD
Bags,prod-head-coello-tour-backpack,head-coello-tour-backpack,published,true,true,true,true,true,1,false,false,/images/padel/bags/head-coello-tour-backpack-hero.jpg,GOOD
Bags,prod-head-coello-tour-bag,head-coello-tour-bag,published,true,true,true,true,true,1,false,false,/images/padel/bags/head-coello-tour-bag-hero.jpg,GOOD
Bags,prod-head-elite-supercombi,head-elite-supercombi,draft,false,false,false,false,false,0,true,true,,GOOD
Bags,prod-head-tour-backpack-25l,head-tour-backpack-25l,published,true,true,true,true,true,1,false,false,/images/padel/bags/head-tour-backpack-25l-hero.jpg,GOOD
Bags,prod-head-tour-team-cb-2026,head-tour-team-cb-2026,draft,false,false,false,false,false,0,true,true,,GOOD
Bags,prod-head-pro-x-bag-l,head-pro-x-bag-l,published,true,true,true,true,true,1,false,false,/images/padel/bags/head-pro-x-bag-l-hero.jpg,GOOD
Bags,prod-head-pro-x-duffle-l,head-pro-x-duffle-l,draft,false,false,false,false,false,0,true,true,,GOOD
Bags,prod-head-tour-padel-bag-l,head-tour-padel-bag-l,draft,false,false,false,false,false,0,true,true,,GOOD
Bags,prod-head-tour-team-elite,head-tour-team-elite,draft,false,false,false,false,false,0,true,true,,GOOD
Bags,prod-joma-pro,joma-pro,draft,false,false,false,false,false,0,true,true,,GOOD
Bags,prod-kuikma-pl-900-elite,kuikma-pl-900-elite,published,true,true,true,true,true,1,false,false,/images/padel/bags/kuikma-pl-900-elite-hero.jpg,GOOD
Bags,prod-kuikma-backpack,kuikma-backpack,draft,false,false,false,false,false,0,true,true,,GOOD
Bags,prod-kuikma-pbp-elite,kuikma-pbp-elite,draft,false,false,false,false,false,0,true,true,,GOOD
Bags,prod-lok-aventure-gen-2,lok-aventure-gen-2,published,true,true,true,true,true,1,false,false,/images/padel/bags/lok-aventure-gen-2-hero.jpg,GOOD
Bags,prod-lok-maxx-gen-2,lok-maxx-gen-2-paletero,published,true,true,true,true,true,1,false,false,/images/padel/bags/lok-maxx-gen-2-hero.jpg,EXCELLENT
Bags,prod-nox-at10-competition-trolley,nox-at10-competition-trolley,published,true,true,true,true,true,1,false,false,/images/padel/bags/nox-at10-competition-trolley-hero.jpg,GOOD
Bags,prod-nox-at10-team-backpack,nox-at10-team-backpack,draft,false,false,false,false,false,0,true,true,,GOOD
Bags,prod-nox-at10-team,nox-at10-team,published,true,true,true,true,true,1,false,false,/images/padel/bags/nox-at10-team-hero.jpg,GOOD
Bags,prod-nox-luxury-master-backpack,nox-luxury-master-backpack,published,true,true,true,true,true,1,false,false,/images/padel/bags/nox-luxury-master-backpack-hero.jpg,GOOD
Bags,prod-nox-luxury-master-series,nox-luxury-master-series,published,true,true,true,true,true,1,false,false,/images/padel/bags/nox-luxury-master-series-hero.jpg,GOOD
Bags,prod-nox-luxury-open-backpack,nox-luxury-open-backpack,published,true,true,true,true,true,1,false,false,/images/padel/bags/nox-luxury-open-backpack-hero.jpg,GOOD
Bags,prod-nox-luxury-open-series,nox-luxury-open-series,published,true,true,true,true,true,1,false,false,/images/padel/bags/nox-luxury-open-series-hero.jpg,GOOD
Bags,prod-nox-ml10-competition-xl-compact,nox-ml10-competition-xl-compact,draft,false,false,false,false,false,0,true,true,,GOOD
Bags,prod-nox-ml10-team-backpack,nox-ml10-team-backpack,draft,false,false,false,false,false,0,true,true,,GOOD
Bags,prod-nox-ml10-team,nox-ml10-team,draft,false,false,false,false,false,0,true,true,,GOOD
Bags,prod-nox-at10-competition-xl-compact,nox-at10-competition-xl-compact,draft,false,false,false,false,false,0,true,true,,GOOD
Bags,prod-nox-pro-series-backpack,nox-pro-series-backpack,published,true,true,true,true,true,1,false,false,/images/padel/bags/nox-pro-series-backpack-hero.jpg,GOOD
Bags,prod-nox-pro-series,nox-pro-series,draft,false,false,false,false,false,0,true,true,,GOOD
Bags,prod-nox-street-series,nox-street-series,draft,false,false,false,false,false,0,true,true,,GOOD
Bags,prod-oxdog-cube,oxdog-cube,draft,false,false,false,false,false,0,true,true,,GOOD
Bags,prod-oxdog-hyper-pro-thermo,oxdog-hyper-pro-thermo,draft,false,false,false,false,false,0,true,true,,EXCELLENT
Bags,prod-oxdog-hyper-tour-thermo-backpack,oxdog-hyper-tour-thermo-backpack,published,true,true,true,true,true,1,false,false,/images/padel/bags/oxdog-hyper-tour-thermo-backpack-hero.jpg,EXCELLENT
Bags,prod-oxdog-x-padel-pro-thermo,oxdog-x-padel-pro-thermo,draft,false,false,false,false,false,0,true,true,,EXCELLENT
Bags,prod-royal-padel-force,royal-padel-force,published,true,true,true,true,true,1,false,false,/images/padel/bags/royal-padel-force-hero.jpg,GOOD
Bags,prod-siux-nomad,siux-nomad,published,true,true,true,true,true,1,false,false,/images/padel/bags/siux-nomad-hero.jpg,GOOD
Bags,prod-siux-electra-stupa-2026,siux-electra-stupa-2026,published,true,true,true,true,true,1,false,false,/images/padel/bags/siux-electra-stupa-2026-hero.jpg,GOOD
Bags,prod-siux-tour,siux-tour,published,true,true,true,true,true,1,false,false,/images/padel/bags/siux-tour-hero.jpg,GOOD
Bags,prod-siux-trail,siux-trail,published,true,true,true,true,true,1,false,false,/images/padel/bags/siux-trail-hero.jpg,GOOD
Bags,prod-starvie-hard-eva,starvie-hard-eva,published,true,true,true,true,true,1,false,false,/images/padel/bags/starvie-hard-eva-hero.jpg,EXCELLENT
Bags,prod-starvie-hard-eva-backpack,starvie-hard-eva-backpack,published,true,true,true,true,true,1,false,false,/images/padel/bags/starvie-hard-eva-backpack-hero.jpg,EXCELLENT
Bags,prod-starvie-pro-master,starvie-pro-master,published,true,true,true,true,true,1,false,false,/images/padel/bags/starvie-pro-master-hero.jpg,GOOD
Bags,prod-starvie-tactic-pro,starvie-tactic-pro,published,true,true,true,true,true,1,false,false,/images/padel/bags/starvie-tactic-pro-hero.jpg,GOOD
Bags,prod-tecnifibre-tour-endurance-bag,tecnifibre-tour-endurance-bag,published,true,true,true,true,true,1,false,false,/images/padel/bags/tecnifibre-tour-endurance-bag-hero.jpg,GOOD
Bags,prod-tecnifibre-tour-endurance-ultra,tecnifibre-tour-endurance-ultra,draft,false,false,false,false,false,0,true,true,,GOOD
Bags,prod-varlion-ambassador,varlion-ambassador,draft,false,false,false,false,false,0,true,true,,GOOD
Bags,prod-varlion-summum-backpack,varlion-summum-backpack,draft,false,false,false,false,false,0,true,true,,GOOD
Bags,prod-varlion-summum-pro,varlion-summum-pro,published,true,true,true,true,true,1,false,false,/images/padel/bags/varlion-summum-pro-hero.jpg,GOOD
Bags,prod-wilson-bela-super-tour-backpack,wilson-bela-super-tour-backpack,published,true,true,true,true,true,1,false,false,/images/padel/bags/wilson-bela-super-tour-backpack-hero.jpg,GOOD
Bags,prod-wilson-bela-backpack,wilson-bela-backpack,draft,false,false,false,false,false,0,true,true,,GOOD
Bags,prod-wilson-super-tour-2026,wilson-super-tour-2026,published,true,true,true,true,true,1,false,false,/images/padel/bags/wilson-super-tour-2026-hero.jpg,GOOD
Balls,prod-adidas-pro-bounce,adidas-pro-bounce,draft,false,false,false,false,false,0,true,true,,GOOD
Balls,prod-adidas-serie-tour,adidas-serie-tour,draft,false,false,false,false,false,0,true,true,,GOOD
Balls,prod-babolat-ace,babolat-ace,draft,false,false,false,false,false,0,true,true,,GOOD
Balls,prod-babolat-court,babolat-court,published,true,true,true,true,true,1,false,false,/images/padel/balls/babolat-court-hero.jpg,GOOD
Balls,prod-babolat-short,babolat-short,draft,false,false,false,false,false,0,true,true,,GOOD
Balls,prod-black-crown-one,black-crown-one,published,true,true,true,true,true,1,false,false,/images/padel/balls/black-crown-one-hero.jpg,GOOD
Balls,prod-black-crown-pro,black-crown-pro,published,true,true,true,true,true,1,false,false,/images/padel/balls/black-crown-pro-hero.jpg,GOOD
Balls,prod-bullpadel-fip-next,bullpadel-fip-next,draft,false,false,false,false,false,0,true,true,,GOOD
Balls,prod-bullpadel-fip-next-pro,bullpadel-fip-next-pro,published,true,true,true,true,true,1,false,false,/images/padel/balls/bullpadel-fip-next-pro-hero.jpg,GOOD
Balls,prod-bullpadel-next,bullpadel-next,published,true,true,true,true,true,1,false,false,/images/padel/balls/bullpadel-next-hero.jpg,GOOD
Balls,prod-bullpadel-next-pro,bullpadel-next-pro,draft,false,false,false,false,false,0,true,true,,GOOD
Balls,prod-drop-shot-speed-tech,drop-shot-speed-tech,published,true,true,true,true,true,1,false,false,/images/padel/balls/drop-shot-speed-tech-hero.jpg,GOOD
Balls,prod-drop-shot-tournament-speed-pro,drop-shot-tournament-speed-pro,draft,false,false,false,false,false,0,true,true,,GOOD
Balls,prod-drop-shot-tournament-tech,drop-shot-tournament-tech,published,true,true,true,true,true,1,false,false,/images/padel/balls/drop-shot-tournament-tech-hero.jpg,GOOD
Balls,prod-drop-shot-training-tech,drop-shot-training-tech,published,true,true,true,true,true,1,false,false,/images/padel/balls/drop-shot-training-tech-hero.jpg,GOOD
Balls,prod-dunlop-eco,dunlop-eco,published,true,true,true,true,true,1,false,false,/images/padel/balls/dunlop-eco-hero.jpg,GOOD
Balls,prod-dunlop-pro,dunlop-pro,published,true,true,true,true,true,1,false,false,/images/padel/balls/dunlop-pro-hero.jpg,GOOD
Balls,prod-dunlop-team,dunlop-team,draft,false,false,false,false,false,0,true,true,,GOOD
Balls,prod-fila-premium,fila-premium,draft,false,false,false,false,false,0,true,true,,GOOD
Balls,prod-fila-premium-pro,fila-premium-pro,published,true,true,true,true,true,1,false,false,/images/padel/balls/fila-premium-pro-hero.jpg,GOOD
Balls,prod-nox-nerbo,nox-nerbo,published,true,true,true,true,true,1,false,false,/images/padel/balls/nox-nerbo-hero.jpg,GOOD
Balls,prod-nox-nerbo-speed,nox-nerbo-speed,published,true,true,true,true,true,1,false,false,/images/padel/balls/nox-nerbo-speed-hero.jpg,GOOD
Balls,prod-nox-pro-titanium,nox-pro-titanium,published,true,true,true,true,true,1,false,false,/images/padel/balls/nox-pro-titanium-hero.jpg,GOOD
Balls,prod-osaka-pro-tour,osaka-pro-tour,published,true,true,true,true,true,1,false,false,/images/padel/balls/osaka-pro-tour-hero.jpg,GOOD
Balls,prod-osaka-vision,osaka-vision,published,true,true,true,true,true,1,false,false,/images/padel/balls/osaka-vision-hero.jpg,GOOD
Balls,prod-oxdog-boost,oxdog-boost,published,true,true,true,true,true,1,false,false,/images/padel/balls/oxdog-boost-hero.jpg,GOOD
Balls,prod-pallap-competition-01,pallap-competition-01,draft,false,false,false,false,false,0,true,true,,GOOD
Balls,prod-rs-champions-choice,rs-champions-choice,published,true,true,true,true,true,1,false,false,/images/padel/balls/rs-champions-choice-hero.jpg,GOOD
Balls,prod-rs-nova-x,rs-nova-x,published,true,true,true,true,true,1,false,false,/images/padel/balls/rs-nova-x-hero.jpg,GOOD
Balls,prod-siux-neo,siux-neo,published,true,true,true,true,true,1,false,false,/images/padel/balls/siux-neo-hero.jpg,GOOD
Balls,prod-siux-neo-speed,siux-neo-speed,draft,false,false,false,false,false,0,true,true,,GOOD
Balls,prod-siux-neo-speed-neo-s,siux-neo-speed-neo-s,published,true,true,true,true,true,1,false,false,/images/padel/balls/siux-neo-speed-neo-s-hero.jpg,GOOD
Balls,prod-slazenger-challenge-no-1,slazenger-challenge-no-1,draft,false,false,false,false,false,0,true,true,,GOOD
Balls,prod-tecnifibre-padel-tour,tecnifibre-padel-tour,published,true,true,true,true,true,1,false,false,/images/padel/balls/tecnifibre-padel-tour-hero.jpg,GOOD
Balls,prod-tecnifibre-x-one,tecnifibre-x-one,draft,false,false,false,false,false,0,true,true,,GOOD
Balls,prod-tretorn-serie-padel-control,tretorn-serie-padel-control,published,true,true,true,true,true,1,false,false,/images/padel/balls/tretorn-serie-padel-control-hero.jpg,GOOD
Balls,prod-tretorn-serie-padel-tour,tretorn-serie-padel-tour,published,true,true,true,true,true,1,false,false,/images/padel/balls/tretorn-serie-padel-tour-hero.jpg,GOOD
Balls,prod-varlion-summum-pro-s,varlion-summum-pro-s,published,true,true,true,true,true,1,false,false,/images/padel/balls/varlion-summum-pro-s-hero.jpg,GOOD
Balls,prod-varlion-summum-pro-w,varlion-summum-pro-w,published,true,true,true,true,true,1,false,false,/images/padel/balls/varlion-summum-pro-w-hero.jpg,GOOD
Balls,prod-volt-premium,volt-premium,published,true,true,true,true,true,1,false,false,/images/padel/balls/volt-premium-hero.jpg,GOOD
Balls,prod-wilson-premier-padel,wilson-premier-padel,published,true,true,true,true,true,1,false,false,/images/padel/balls/wilson-premier-padel-hero.jpg,GOOD
Balls,prod-wilson-rush-100,wilson-rush-100,published,true,true,true,true,true,1,false,false,/images/padel/balls/wilson-rush-100-hero.jpg,GOOD
Grips,prod-adidas-perforated-ac2ba1wh,adidas-perforated-ac2ba1wh,draft,false,false,false,false,false,0,true,true,,EXCELLENT
Grips,prod-adidas-tacky-feeling,adidas-tacky-feeling,draft,false,false,false,false,false,0,true,true,,EXCELLENT
Grips,prod-babolat-pro-tour,babolat-pro-tour,draft,false,false,false,false,false,0,true,true,,EXCELLENT
Grips,prod-babolat-syntec-team,babolat-syntec-team,draft,false,false,false,false,false,0,true,true,,EXCELLENT
Grips,prod-babolat-vs-original,babolat-vs-original,published,true,true,true,true,true,1,false,false,/images/padel/grips/babolat-vs-original-hero.jpg,EXCELLENT
Grips,prod-black-crown-black-crown-perforated,black-crown-black-crown-perforated,published,true,true,true,true,true,1,false,false,/images/padel/grips/black-crown-black-crown-perforated-hero.jpg,EXCELLENT
Grips,prod-bullpadel-comfort-overgrip,bullpadel-comfort-overgrip,published,true,true,true,true,true,1,false,false,/images/padel/grips/bullpadel-comfort-overgrip-hero.jpg,EXCELLENT
Grips,prod-bullpadel-gb-1705,bullpadel-gb-1705,draft,false,false,false,false,false,0,true,true,,EXCELLENT
Grips,prod-bullpadel-gb1201,bullpadel-gb1201,draft,false,false,false,false,false,0,true,true,,EXCELLENT
Grips,prod-bullpadel-gb1200-hac,bullpadel-gb1200-hac,draft,false,false,false,false,false,0,true,true,,EXCELLENT
Grips,prod-drop-shot-club,drop-shot-club,published,true,true,true,true,true,1,false,false,/images/padel/grips/drop-shot-club-hero.jpg,EXCELLENT
Grips,prod-drop-shot-super-dry,drop-shot-super-dry,draft,false,false,false,false,false,0,true,true,,EXCELLENT
Grips,prod-drop-shot-super-tacky,drop-shot-super-tacky,published,true,true,true,true,true,1,false,false,/images/padel/grips/drop-shot-super-tacky-hero.jpg,EXCELLENT
Grips,prod-enebe-enebe-smooth,enebe-enebe-smooth,draft,false,false,false,false,false,0,true,true,,EXCELLENT
Grips,prod-head-prestige-pro,head-prestige-pro,draft,false,false,false,false,false,0,true,true,,EXCELLENT
Grips,prod-head-hydrosorb-comfort,head-hydrosorb-comfort,draft,false,false,false,false,false,0,true,true,,EXCELLENT
Grips,prod-head-hydrosorb-family,head-hydrosorb-family,draft,false,false,false,false,false,0,true,true,,EXCELLENT
Grips,prod-head-padel-pro,head-padel-pro,draft,false,false,false,false,false,0,true,true,,EXCELLENT
Grips,prod-head-padel-pro-perforated,head-padel-pro-perforated,draft,false,false,false,false,false,0,true,true,,EXCELLENT
Grips,prod-head-xtreme-soft-xtremesoft,head-xtreme-soft-xtremesoft,published,true,true,true,true,true,1,false,false,/images/padel/grips/head-xtreme-soft-xtremesoft-hero.jpg,EXCELLENT
Grips,prod-hesacore-carbon,hesacore-carbon,draft,false,false,false,false,false,0,true,true,,EXCELLENT
Grips,prod-hesacore-gel,hesacore-gel,draft,false,false,false,false,false,0,true,true,,EXCELLENT
Grips,prod-hesacore-pro-carbon,hesacore-pro-carbon,published,true,true,true,true,true,1,false,false,/images/padel/grips/hesacore-pro-carbon-hero.jpg,EXCELLENT
Grips,prod-hesacore-tour,hesacore-tour,draft,false,false,false,false,false,0,true,true,,EXCELLENT
Grips,prod-hesacore-tour-w,hesacore-tour-w,draft,false,false,false,false,false,0,true,true,,EXCELLENT
Grips,prod-hesacore-pink-w,hesacore-pink-w,draft,false,false,false,false,false,0,true,true,,EXCELLENT
Grips,prod-hesacore-tour-original,hesacore-tour-original,published,true,true,true,true,true,1,false,false,/images/padel/grips/hesacore-tour-original-hero.jpg,EXCELLENT
Grips,prod-joma-club-cushion,joma-club-cushion,draft,false,false,false,false,false,0,true,true,,EXCELLENT
Grips,prod-kuikma-antislip,kuikma-antislip,draft,false,false,false,false,false,0,true,true,,EXCELLENT
Grips,prod-kuikma-overgrip-pro-adherence,kuikma-overgrip-pro-adherence,draft,false,false,false,false,false,0,true,true,,EXCELLENT
Grips,prod-nox-custom-grip,nox-custom-grip,draft,false,false,false,false,false,0,true,true,,EXCELLENT
Grips,prod-nox-luxury-pro,nox-luxury-pro,draft,false,false,false,false,false,0,true,true,,EXCELLENT
Grips,prod-nox-h-dri,nox-h-dri,draft,false,false,false,false,false,0,true,true,,EXCELLENT
Grips,prod-shockout-shockout-overgrip,shockout-shockout-overgrip,draft,false,false,false,false,false,0,true,true,,EXCELLENT
Grips,prod-shockout-100-0062-combo,shockout-100-0062-combo,draft,false,false,false,false,false,0,true,true,,EXCELLENT
Grips,prod-shockout-shockout,shockout-shockout,draft,false,false,false,false,false,0,true,true,,EXCELLENT
Grips,prod-siux-elite,siux-elite,draft,false,false,false,false,false,0,true,true,,EXCELLENT
Grips,prod-siux-elite-overgrip,siux-elite-overgrip,published,true,true,true,true,true,1,false,false,/images/padel/grips/siux-elite-overgrip-hero.jpg,EXCELLENT
Grips,prod-starvie-premier-soft,starvie-premier-soft,published,true,true,true,true,true,1,false,false,/images/padel/grips/starvie-premier-soft-hero.jpg,EXCELLENT
Grips,prod-starvie-tacky-touch,starvie-tacky-touch,draft,false,false,false,false,false,0,true,true,,EXCELLENT
Grips,prod-tecnifibre-contact-pro,tecnifibre-contact-pro,draft,false,false,false,false,false,0,true,true,,EXCELLENT
Grips,prod-tecnifibre-players-pro-feel,tecnifibre-players-pro-feel,published,true,true,true,true,true,1,false,false,/images/padel/grips/tecnifibre-players-pro-feel-hero.jpg,EXCELLENT
Grips,prod-tecnifibre-pro-contact,tecnifibre-pro-contact,draft,false,false,false,false,false,0,true,true,,EXCELLENT
Grips,prod-tourna-tourna-grip-ii,tourna-tourna-grip-ii,draft,false,false,false,false,false,0,true,true,,EXCELLENT
Grips,prod-tourna-tourna-grip-original-xl,tourna-tourna-grip-original-xl,draft,false,false,false,false,false,0,true,true,,EXCELLENT
Grips,prod-tourna-grip-xl,tourna-grip-xl,draft,false,false,false,false,false,0,true,true,,EXCELLENT
Grips,prod-tourna-mega-tac,tourna-mega-tac,draft,false,false,false,false,false,0,true,true,,EXCELLENT
Grips,prod-wilson-wilson-replacement-grip,wilson-wilson-replacement-grip,published,true,true,true,true,true,1,false,false,/images/padel/grips/wilson-wilson-replacement-grip-hero.jpg,EXCELLENT
Grips,prod-wilson-pro-overgrip-perforated,wilson-pro-overgrip-perforated,draft,false,false,false,false,false,0,true,true,,EXCELLENT
Grips,prod-wilson-profile-padel,wilson-profile-padel,published,true,true,true,true,true,1,false,false,/images/padel/grips/wilson-profile-padel-hero.jpg,EXCELLENT
Grips,prod-yonex-super-grap,yonex-super-grap,published,true,true,true,true,true,1,false,false,/images/padel/grips/yonex-super-grap-hero.jpg,EXCELLENT
Bags,prod-kuikma-insulated-backpack-pro-40-l,kuikma-insulated-backpack-pro-40-l,draft,false,false,false,false,false,0,true,true,,GOOD
Bags,prod-adidas-weekend-bag-martita-ortega-2026,adidas-weekend-bag-martita-ortega-2026,draft,false,false,false,false,false,0,true,true,,GOOD
Accessories,prod-adidas-accessory-pouch-2026,adidas-accessory-pouch-2026,published,true,true,true,true,true,1,false,false,/images/padel/accessories/adidas-accessory-pouch-2026-hero.jpg,EXCELLENT
Accessories,prod-adidas-shoe-bag-ale-gal-n,adidas-shoe-bag-ale-gal-n,published,true,true,true,true,true,1,false,false,/images/padel/accessories/adidas-shoe-bag-ale-gal-n-hero.jpg,EXCELLENT
Bags,prod-dunlop-elite-thermo,dunlop-elite-thermo,draft,false,false,false,false,false,0,true,true,,EXCELLENT
Grips,prod-dunlop-tour-pro,dunlop-tour-pro,draft,false,false,false,false,false,0,true,true,,EXCELLENT
Grips,prod-dunlop-tour-dry,dunlop-tour-dry,draft,false,false,false,false,false,0,true,true,,EXCELLENT
Accessories,prod-dunlop-protection-tape,dunlop-protection-tape,draft,false,false,false,false,false,0,true,true,,EXCELLENT
Bags,prod-joma-vero-virseda-2026,joma-vero-virseda-2026,draft,false,false,false,false,false,0,true,true,,GOOD
Bags,prod-babolat-rh-perf-padel,babolat-rh-perf-padel,draft,false,false,false,false,false,0,true,true,,GOOD
Grips,prod-bullpadel-gb-1201-perforated,bullpadel-gb-1201-perforated,draft,false,false,false,false,false,0,true,true,,EXCELLENT
Grips,prod-bullpadel-gb-1202-fixogrip-pro,bullpadel-gb-1202-fixogrip-pro,draft,false,false,false,false,false,0,true,true,,EXCELLENT
Grips,prod-bullpadel-gb-1705-sensogrip-pro,bullpadel-gb-1705-sensogrip-pro,draft,false,false,false,false,false,0,true,true,,EXCELLENT
Grips,prod-nox-pro-overgrip-perforated,nox-pro-overgrip-perforated,draft,false,false,false,false,false,0,true,true,,EXCELLENT
Grips,prod-wilson-profile-padel-overgrip,wilson-profile-padel-overgrip,draft,false,false,false,false,false,0,true,true,,EXCELLENT
Grips,prod-oxdog-gold-pro,oxdog-gold-pro,published,true,true,true,true,true,1,false,false,/images/padel/grips/oxdog-gold-pro-hero.jpg,EXCELLENT
Grips,prod-oxdog-gold-sticky,oxdog-gold-sticky,published,true,true,true,true,true,1,false,false,/images/padel/grips/oxdog-gold-sticky-hero.jpg,EXCELLENT
Accessories,prod-oxdog-no1,oxdog-no1,draft,false,false,false,false,false,0,true,true,,EXCELLENT
Bags,prod-black-crown-plus,black-crown-plus,published,true,true,true,true,true,1,false,false,/images/padel/bags/black-crown-plus-hero.jpg,GOOD
Bags,prod-lok-one-gen-2,lok-one-gen-2,published,true,true,true,true,true,1,false,false,/images/padel/bags/lok-one-gen-2-hero.jpg,GOOD
Bags,prod-lok-accessory-bag-gen-2,lok-accessory-bag-gen-2,published,true,true,true,true,true,1,false,false,/images/padel/bags/lok-accessory-bag-gen-2-hero.jpg,GOOD
Balls,prod-sane-nitro,sane-nitro,draft,false,false,false,false,false,0,true,true,,GOOD
Balls,prod-sane-core,sane-core,draft,false,false,false,false,false,0,true,true,,EXCELLENT
Balls,prod-sane-spin-premium,sane-spin-premium,draft,false,false,false,false,false,0,true,true,,GOOD
Grips,prod-sane-feel,sane-feel,draft,false,false,false,false,false,0,true,true,,EXCELLENT
Bags,prod-sane-pro-elegance,sane-pro-elegance,draft,false,false,false,false,false,0,true,true,,GOOD
Bags,prod-sane-pro-sport,sane-pro-sport,draft,false,false,false,false,false,0,true,true,,GOOD
Bags,prod-sane-everyday,sane-everyday,draft,false,false,false,false,false,0,true,true,,GOOD
Bags,prod-volt-volt-padelbag,volt-volt-padelbag,published,true,true,true,true,true,1,false,false,/images/padel/bags/volt-volt-padelbag-hero.jpg,GOOD
Grips,prod-volt-volt-premium,volt-volt-premium,published,true,true,true,true,true,1,false,false,/images/padel/grips/volt-volt-premium-hero.jpg,EXCELLENT
Bags,prod-osaka-sports-padel-bag,osaka-sports-padel-bag,draft,false,false,false,false,false,0,true,true,,GOOD
Bags,prod-osaka-sports-backpack,osaka-sports-backpack,draft,false,false,false,false,false,0,true,true,,GOOD
Bags,prod-osaka-pro-tour-duffel,osaka-pro-tour-duffel,draft,false,false,false,false,false,0,true,true,,GOOD
Grips,prod-osaka-osaka-overgrip,osaka-osaka-overgrip,draft,false,false,false,false,false,0,true,true,,EXCELLENT
Grips,prod-royal-padel-royal-overgrip,royal-padel-royal-overgrip,published,true,true,true,true,true,1,false,false,/images/padel/grips/royal-padel-royal-overgrip-hero.jpg,EXCELLENT
Bags,prod-rs-pro-padel-bag,rs-pro-padel-bag,draft,false,false,false,false,false,0,true,true,,GOOD
Grips,prod-rs-pro-tour-overgrip,rs-pro-tour-overgrip,draft,false,false,false,false,false,0,true,true,,EXCELLENT
Accessories,prod-bounce-filtertech-padel,bounce-filtertech-padel,draft,false,false,false,false,false,0,true,true,,GOOD
Accessories,prod-4on-totalgrip-paste,4on-totalgrip-paste,published,true,true,true,true,true,1,false,false,/images/padel/accessories/4on-totalgrip-paste-hero.jpg,EXCELLENT
Accessories,prod-4on-totaldry,4on-totaldry,draft,false,false,false,false,false,0,true,true,,EXCELLENT
Grips,prod-4on-swiftgrip,4on-swiftgrip,published,true,true,true,true,true,1,false,false,/images/padel/grips/4on-swiftgrip-hero.jpg,EXCELLENT
Grips,prod-4on-premium-comfort,4on-premium-comfort,draft,false,false,false,false,false,0,true,true,,EXCELLENT
Balls,prod-4on-pro-t1,4on-pro-t1,published,true,true,true,true,true,1,false,false,/images/padel/balls/4on-pro-t1-hero.jpg,GOOD
Grips,prod-shockout-dual-pro,shockout-dual-pro,draft,false,false,false,false,false,0,true,true,,EXCELLENT
Grips,prod-shockout-shockout-perforated,shockout-shockout-perforated,draft,false,false,false,false,false,0,true,true,,EXCELLENT
Grips,prod-tourna-tourna-tac-xl,tourna-tourna-tac-xl,draft,false,false,false,false,false,0,true,true,,EXCELLENT
Grips,prod-tourna-tourna-tuff,tourna-tourna-tuff,draft,false,false,false,false,false,0,true,true,,EXCELLENT
Grips,prod-sane-core-overgrip,sane-core-overgrip,draft,false,false,false,false,false,0,true,true,,EXCELLENT
Grips,prod-noene-anti-shock-grip-padel,noene-anti-shock-grip-padel,draft,false,false,false,false,false,0,true,true,,EXCELLENT
Grips,prod-noene-undergrip-anti-shock,noene-undergrip-anti-shock,draft,false,false,false,false,false,0,true,true,,EXCELLENT
Grips,prod-head-prime-tour,head-prime-tour,published,true,true,true,true,true,1,false,false,/images/padel/grips/head-prime-tour-hero.jpg,EXCELLENT
Shoes,prod-bullpadel-vertex-w,bullpadel-vertex-w,published,true,true,true,true,true,1,false,false,/images/padel/products/bullpadel-vertex-w-hero.jpg,EXCELLENT
