slug,before_hero,after_hero,hubImageSrc,changed,collision_before,collision_after
"padel-rackets","/images/padel/hero.jpg","/images/padel/products/bullpadel-vertex-05-hero.png","/images/padel/products/bullpadel-vertex-05-hero.png","yes","yes","no"
"padel-rackets-beginners","/images/padel/products/bullpadel-indiga-ctr-hero.jpg","/images/padel/products/bullpadel-indiga-ctr-hero.jpg","/images/padel/products/bullpadel-indiga-ctr-hero.jpg","no","no","no"
"padel-rackets-intermediate","/images/padel/products/bullpadel-ionic-light-hero.jpg","/images/padel/products/bullpadel-ionic-light-hero.jpg","/images/padel/products/bullpadel-ionic-light-hero.jpg","no","no","no"
"padel-rackets-advanced","/images/padel/products/bullpadel-vertex-05-hero.png","/images/padel/products/adidas-metalbone-3-5-2026-hero.jpg","/images/padel/products/adidas-metalbone-3-5-2026-hero.jpg","yes","no","no"
"padel-rackets-control","/images/padel/products/nox-ml10-pro-cup-2026-hero.jpg","/images/padel/products/nox-ml10-pro-cup-2026-hero.jpg","/images/padel/products/nox-ml10-pro-cup-2026-hero.jpg","no","no","no"
"padel-rackets-power","/images/padel/products/bullpadel-hack-04-hero.png","/images/padel/products/bullpadel-hack-04-hero.png","/images/padel/products/bullpadel-hack-04-hero.png","no","no","no"
"padel-rackets-all-round","/images/padel/products/bullpadel-vertex-05-hybrid-hero.jpg","/images/padel/products/bullpadel-vertex-05-hybrid-hero.jpg","/images/padel/products/bullpadel-vertex-05-hybrid-hero.jpg","no","no","no"
"padel-rackets-lightweight","/images/padel/products/head-one-ultralight-hero.jpg","/images/padel/products/head-one-ultralight-hero.jpg","/images/padel/products/head-one-ultralight-hero.jpg","no","no","no"
"padel-rackets-comfort","/images/padel/products/kuikma-pr-comfort-soft-hero.jpg","/images/padel/products/kuikma-pr-comfort-soft-hero.jpg","/images/padel/products/kuikma-pr-comfort-soft-hero.jpg","no","no","no"
"padel-rackets-maneuverability","/images/padel/products/babolat-air-viper-hero.jpg","/images/padel/products/babolat-air-viper-hero.jpg","/images/padel/products/babolat-air-viper-hero.jpg","no","no","no"
"padel-rackets-women","/images/padel/products/bullpadel-vertex-05-w-hero.jpg","/images/padel/products/bullpadel-vertex-05-w-hero.jpg","/images/padel/products/bullpadel-vertex-05-w-hero.jpg","no","no","no"
"padel-rackets-value","/images/padel/hero.jpg","/images/padel/products/kuikma-pr-hybrid-carbon-hero.jpg","/images/padel/products/kuikma-pr-hybrid-carbon-hero.jpg","yes","yes","no"
"padel-shoes","/images/padel/guides/choose-shoes.jpg","/images/padel/products/asics-gel-resolution-padel-hero.jpg","/images/padel/products/asics-gel-resolution-padel-hero.jpg","yes","yes","no"
"padel-shoes-men","/images/padel/products/adidas-courtquick-padel-hero.jpg","/images/padel/products/adidas-courtquick-padel-hero.jpg","/images/padel/products/adidas-courtquick-padel-hero.jpg","no","no","no"
"padel-shoes-women","/images/padel/products/adidas-courtquick-padel-women-hero.jpg","/images/padel/products/adidas-courtquick-padel-women-hero.jpg","/images/padel/products/adidas-courtquick-padel-women-hero.jpg","no","no","no"
"padel-shoes-stability","/images/padel/products/joma-t-slam-hero.jpg","/images/padel/products/joma-t-slam-hero.jpg","/images/padel/products/joma-t-slam-hero.jpg","no","no","no"
"padel-shoes-comfort","/images/padel/products/adidas-crazyquick-boost-padel-hero.jpg","/images/padel/products/adidas-crazyquick-boost-padel-hero.jpg","/images/padel/products/adidas-crazyquick-boost-padel-hero.jpg","no","no","no"
"padel-shoes-lightweight","/images/padel/guides/choose-shoes.jpg","/images/padel/products/babolat-jet-premura-hero.jpg","/images/padel/products/babolat-jet-premura-hero.jpg","yes","yes","no"
"padel-shoes-value","/images/padel/guides/choose-shoes.jpg","/images/padel/products/kuikma-ps-990-hero.jpg","/images/padel/products/kuikma-ps-990-hero.jpg","yes","yes","no"
"padel-balls","/images/padel/hero.jpg","/images/padel/products/head-padel-pro-s-hero.jpg","/images/padel/products/head-padel-pro-s-hero.jpg","yes","yes","no"
"padel-competition-balls","/images/padel/hero.jpg","/images/padel/products/head-padel-pro-plus-hero.jpg","/images/padel/products/head-padel-pro-plus-hero.jpg","yes","yes","no"
"padel-training-balls","/images/padel/hero.jpg","/images/padel/products/tecnifibre-padel-team-balls-hero.jpg","/images/padel/products/tecnifibre-padel-team-balls-hero.jpg","yes","yes","no"
"padel-fast-balls","/images/padel/hero.jpg","/images/padel/balls/drop-shot-tournament-tech-hero.jpg","/images/padel/balls/drop-shot-tournament-tech-hero.jpg","yes","yes","no"
"padel-value-balls","/images/padel/hero.jpg","/images/padel/products/kuikma-pb-speed-hero.jpg","/images/padel/products/kuikma-pb-speed-hero.jpg","yes","yes","no"
"padel-overgrips","/images/padel/guides/grips.jpg","/images/padel/products/wilson-padel-overgrip-hero.jpg","/images/padel/products/wilson-padel-overgrip-hero.jpg","yes","yes","no"
"padel-overgrips-sweaty-hands","/images/padel/guides/grips.jpg","/images/padel/products/nox-pro-overgrip-hero.jpg","/images/padel/products/nox-pro-overgrip-hero.jpg","yes","yes","no"
"padel-tacky-overgrips","/images/padel/guides/grips.jpg","/images/padel/products/head-xtreme-soft-overgrip-hero.jpg","/images/padel/products/head-xtreme-soft-overgrip-hero.jpg","yes","yes","no"
"padel-dry-feel-overgrips","/images/padel/guides/grips.jpg","/images/padel/products/bullpadel-hac-overgrip-hero.jpg","/images/padel/products/bullpadel-hac-overgrip-hero.jpg","yes","yes","no"
"padel-value-overgrips-multipacks","/images/padel/guides/grips.jpg","/images/padel/products/kuikma-padel-overgrip-hero.jpg","/images/padel/products/kuikma-padel-overgrip-hero.jpg","yes","yes","no"
"padel-ergonomic-grip-systems","/images/padel/guides/grips.jpg","/images/padel/products/hesacore-padel-grip-hero.jpg","/images/padel/products/hesacore-padel-grip-hero.jpg","yes","yes","no"
"padel-bags","/images/padel/products/nox-at10-team-paletero-hero.jpg","/images/padel/products/adidas-protour-padel-bag-hero.jpg","/images/padel/products/adidas-protour-padel-bag-hero.jpg","yes","yes","no"
"padel-backpacks","/images/padel/products/nox-at10-team-paletero-hero.jpg","/images/padel/products/tecnifibre-tour-endurance-padel-backpack-hero.jpg","/images/padel/products/tecnifibre-tour-endurance-padel-backpack-hero.jpg","yes","yes","no"
"large-padel-bags","/images/padel/products/nox-at10-team-paletero-hero.jpg","/images/padel/products/babolat-rh-pro-padel-hero.jpg","/images/padel/products/babolat-rh-pro-padel-hero.jpg","yes","yes","no"
"compact-padel-bags","/images/padel/products/nox-at10-team-paletero-hero.jpg","/images/padel/bags/head-tour-team-elite-hero.jpg","/images/padel/bags/head-tour-team-elite-hero.jpg","yes","yes","no"
"padel-bags-with-shoe-compartments","/images/padel/products/nox-at10-team-paletero-hero.jpg","/images/padel/products/nox-at10-team-paletero-hero.jpg","/images/padel/products/nox-at10-team-paletero-hero.jpg","no","yes","no"
"padel-tournament-bags","/images/padel/products/nox-at10-team-paletero-hero.jpg","/images/padel/products/nox-at10-xxl-padel-bag-hero.jpg","/images/padel/products/nox-at10-xxl-padel-bag-hero.jpg","yes","yes","no"
"padel-bags-commuting","/images/padel/products/nox-at10-team-paletero-hero.jpg","/images/padel/products/bullpadel-vertex-geo-backpack-hero.jpg","/images/padel/products/bullpadel-vertex-geo-backpack-hero.jpg","yes","yes","no"
"padel-ball-pressurizers","/images/padel/hero.jpg","/images/padel/products/bullpadel-pascal-box-3b-hero.jpg","/images/padel/products/bullpadel-pascal-box-3b-hero.jpg","yes","yes","no"
"padel-racket-protectors","/images/padel/hero.jpg","/images/padel/products/bullpadel-frame-protector-3-pack-hero.jpg","/images/padel/products/bullpadel-frame-protector-3-pack-hero.jpg","yes","yes","no"

"metric","value"
"before_collision_groups","4"
"before_collision_slugs","25"
"after_collision_groups","0"
"after_collision_slugs","0"
"after_unique_srcs","39"
"guide_count","39"