scrubbed,productCount,products,sample,kind
durability on the entity is padel court rubber pods plus overlay wear from sand and lunges — we have not logged a mileage diary.,3,adidas-courtquick-padel|adidas-crazyquick-boost-padel|kuikma-ps-990,Durability on the Adidas Crazyquick Boost Padel is padel court rubber pods plus overlay wear from sand and lunges — we have not logged a mileage diary.,cross-product-3+
"on the entity (diamond, high, 365–375 g), defensive usefulness follows that published outline — late glass contact is harder on tip-heavy diamonds tha",2,bullpadel-hack-04-2026|bullpadel-vertex-05-2026,"On the Vertex 05 (diamond, high, 365–375 g), defensive usefulness follows that published outline — late glass contact is harder on tip-heavy diamonds than on ce",pairwise
"serve and return on the entity follow the published diamond shape, high balance, 365–375 g. this review does not log serve speeds.",2,bullpadel-hack-04-2026|bullpadel-vertex-05-2026,"Serve and return on the Vertex 05 follow the published diamond shape, high balance, 365–375 g. This review does not log serve speeds.",pairwise
"value on the entity is whether diamond mould, high balance, 365–375 g published band / multieva matches your week — not whether the paint looks like a",2,bullpadel-hack-04-2026|bullpadel-vertex-05-2026,"Value on the Bullpadel Vertex 05 2026 is whether diamond mould, high balance, 365–375 g published band / Multieva matches your week — not whether the paint look",pairwise
"on the entity (teardrop, medium, 360–375 g), defensive usefulness follows that published outline — late glass contact is harder on tip-heavy diamonds ",2,nox-at10-genius-12k-alum-xtrem-2026|nox-at10-genius-18k-2026,"On the AT10 Genius 18K Alum 2026 (teardrop, medium, 360–375 g), defensive usefulness follows that published outline — late glass contact is harder on tip-heavy ",pairwise
"serve and return on the entity follow the published teardrop shape, medium balance, 360–375 g. this review does not log serve speeds.",2,nox-at10-genius-12k-alum-xtrem-2026|nox-at10-genius-18k-2026,"Serve and return on the AT10 Genius 18K Alum 2026 follow the published teardrop shape, medium balance, 360–375 g. This review does not log serve speeds.",pairwise
vertex 05 vs at10 genius 12k is diamond all-court versus tapia's teardrop genius. the genius 12k is not the attack diamond.,2,nox-at10-genius-12k-alum-xtrem-2026|nox-at10-genius-18k-2026,Vertex 05 vs AT10 Genius 12K is diamond all-court versus Tapia's teardrop Genius. The Genius 12K is not the Attack diamond.,pairwise
"fit the entity for court work: try a split-step and a lateral cut (men last) over padel court rubber, not an easy jog around the shop.",2,adidas-courtquick-padel|adidas-crazyquick-boost-padel,"Fit the Adidas Crazyquick Boost Padel for court work: try a split-step and a lateral cut (men last) over padel court rubber, not an easy jog around the shop.",pairwise
"court feel on the entity is listed as moderate with padel court rubber underfoot — enough turf feedback to plant, not a max-cushion road bounce.",2,adidas-courtquick-padel|kuikma-ps-990,"Court feel on the Adidas Courtquick Padel is listed as moderate with padel court rubber underfoot — enough turf feedback to plant, not a max-cushion road bounce",pairwise
"3-packs are the usual value unit for overgrips. a hesacore-type replacement is a different spend — buy it for handle shape, not because it is 'premium",2,bullpadel-hac-overgrip|wilson-padel-overgrip-pack,"3-packs are the usual value unit for overgrips. A Hesacore-type replacement is a different spend — buy it for handle shape, not because it is 'premium.'",pairwise
"comfort here is tack, sweat and whether the handle still feels like the same size after 40 minutes. no injury or 'tennis elbow cure' claims. a structu",2,bullpadel-hac-overgrip|hesacore-padel-grip,"Comfort here is tack, sweat and whether the handle still feels like the same size after 40 minutes. No injury or 'tennis elbow cure' claims. A structured cushio",pairwise
overgrips are consumables. replace when tack dies or the wrap rolls — often every few humid sessions. replacement grips last longer and then get an ov,2,bullpadel-hac-overgrip|hesacore-padel-grip,Overgrips are consumables. Replace when tack dies or the wrap rolls — often every few humid sessions. Replacement grips last longer and then get an overgrip on ,pairwise
