productId,url,status,indexable,expectedBrand,expectedCategory,heroSrc,mediaIdentity,semanticResult,alternativesHero
"prod-nox-at10-18k-2026","/products/nox-at10-genius-18k-2026","published","yes","nox","rackets","/images/padel/products/nox-at10-genius-18k-2026-hero.jpg","MEDIA_VERIFIED","OK","/images/padel/hero.jpg"
"prod-bullpadel-vertex-04","/products/bullpadel-vertex-04","published","yes","bullpadel","rackets","/images/padel/products/bullpadel-vertex-04-hero.png","MEDIA_VERIFIED","OK","/images/padel/hero.jpg"
"prod-babolat-technical-viper","/products/babolat-technical-viper-3-0","published","yes","babolat","rackets","/images/padel/products/babolat-technical-viper-hero.png","MEDIA_VERIFIED","OK","/images/padel/hero.jpg"
"prod-head-coello-pro","/products/head-coello-pro-2026","published","yes","head","rackets","/images/padel/products/head-coello-pro-2026-hero.png","MEDIA_VERIFIED","OK","/images/padel/hero.jpg"
"prod-siux-diablo","/products/siux-diablo-pro-2026","published","yes","siux","rackets","/images/padel/products/siux-diablo-hero.png","MEDIA_VERIFIED","OK","/images/padel/hero.jpg"
"prod-head-padel-pro-s","/products/head-padel-pro-s-balls","published","yes","head","balls","/images/padel/products/head-padel-pro-s-hero.jpg","MEDIA_VERIFIED","OK","/images/padel/hero.jpg"
"prod-wilson-overgrip","/products/wilson-padel-overgrip-pack","published","yes","wilson","grips","/images/padel/products/wilson-padel-overgrip-hero.jpg","MEDIA_VERIFIED","OK","/images/padel/hero.jpg"
"prod-wilson-bela-pro","/products/wilson-bela-pro-v3","published","yes","wilson","rackets","/images/padel/products/wilson-bela-pro-hero.png","MEDIA_VERIFIED","OK","/images/padel/hero.jpg"
"prod-starvie-titania-kepler","/products/starvie-titania-kepler","published","yes","starvie","rackets","/images/padel/products/starvie-titania-kepler-hero.jpg","MEDIA_VERIFIED","OK","/images/padel/hero.jpg"
"prod-adidas-metalbone-hrd","/products/adidas-metalbone-hrd-2026","published","yes","adidas-padel","rackets","/images/padel/products/adidas-metalbone-hrd-hero.png","MEDIA_VERIFIED","OK","/images/padel/hero.jpg"
"prod-varlion-lw-carbon-difusor","/products/varlion-lw-carbon-difusor","published","yes","varlion","rackets","/images/padel/products/varlion-lw-carbon-difusor-2026-hero.jpg","MEDIA_VERIFIED","OK","/images/padel/hero.jpg"
"prod-nox-ml10-pro-cup","/products/nox-ml10-pro-cup","published","yes","nox","rackets","/images/padel/products/nox-ml10-pro-cup-2026-hero.jpg","MEDIA_VERIFIED","OK","/images/padel/hero.jpg"
"prod-bullpadel-hack-03","/products/bullpadel-hack-03","published","yes","bullpadel","rackets","/images/padel/products/bullpadel-hack-03-hero.jpg","MEDIA_VERIFIED","OK","/images/padel/hero.jpg"
"prod-babolat-counter-viper","/products/babolat-counter-viper","published","yes","babolat","rackets","/images/padel/products/babolat-counter-viper-hero.png","MEDIA_VERIFIED","OK","/images/padel/hero.jpg"
"prod-head-extreme-pro-padel","/products/head-extreme-pro-padel","published","yes","head","rackets","/images/padel/products/head-extreme-pro-padel-hero.png","MEDIA_VERIFIED","OK","/images/padel/hero.jpg"
"prod-wilson-blade-pro-padel","/products/wilson-blade-pro-v3-padel","published","yes","wilson","rackets","/images/padel/products/wilson-blade-pro-padel-hero.png","MEDIA_VERIFIED","OK","/images/padel/hero.jpg"
"prod-starvie-basalto-osiris","/products/starvie-basalto-osiris","published","yes","starvie","rackets","/images/padel/products/starvie-basalto-osiris-2026-hero.jpg","MEDIA_VERIFIED","OK","/images/padel/hero.jpg"
"prod-bullpadel-vertex-05","/products/bullpadel-vertex-05-2026","published","yes","bullpadel","rackets","/images/padel/products/bullpadel-vertex-05-hero.png","MEDIA_VERIFIED","OK","/images/padel/hero.jpg"
"prod-bullpadel-hack-04","/products/bullpadel-hack-04-2026","published","yes","bullpadel","rackets","/images/padel/products/bullpadel-hack-04-hero.png","MEDIA_VERIFIED","OK","/images/padel/hero.jpg"
"prod-nox-at10-12k-2026","/products/nox-at10-genius-12k-alum-xtrem-2026","published","yes","nox","rackets","/images/padel/products/nox-at10-genius-12k-alum-xtrem-2026-hero.jpg","MEDIA_VERIFIED","OK","/images/padel/hero.jpg"
"prod-adidas-metalbone-3-3-2026","/products/adidas-metalbone-3-3","published","yes","adidas-padel","rackets","/images/padel/products/adidas-metalbone-3-3-hero.jpg","MEDIA_VERIFIED","OK","/images/padel/hero.jpg"
"prod-head-extreme-motion-2026","/products/head-extreme-motion","published","yes","head","rackets","/images/padel/products/head-extreme-motion-2026-hero.png","MEDIA_VERIFIED","OK","/images/padel/hero.jpg"
"prod-tecnifibre-wall-breaker-365-2026","/products/tecnifibre-wall-breaker-365","published","yes","tecnifibre-padel","rackets","/images/padel/products/tecnifibre-wall-breaker-365-hero.jpg","MEDIA_VERIFIED","OK","/images/padel/hero.jpg"
"prod-oxdog-sense-pro-2026","/products/oxdog-sense-pro","published","yes","oxdog","rackets","/images/padel/products/oxdog-sense-pro-hero.jpg","MEDIA_VERIFIED","OK","/images/padel/hero.jpg"
"prod-lok-maxx-flow","/products/lok-maxx-flow","published","yes","lok","rackets","/images/padel/products/lok-maxx-flow-hero.jpg","MEDIA_VERIFIED","OK","/images/padel/hero.jpg"
"prod-asics-gel-resolution-padel","/products/asics-gel-resolution-padel","published","yes","asics","shoes","/images/padel/products/asics-gel-resolution-padel-hero.jpg","MEDIA_VERIFIED","OK","/images/padel/hero.jpg"
"prod-asics-gel-challenger-court","/products/asics-gel-challenger-court","published","yes","asics","shoes","/images/padel/products/asics-gel-challenger-court-hero.jpg","MEDIA_VERIFIED","OK","/images/padel/hero.jpg"
"prod-babolat-jet-premura","/products/babolat-jet-premura","published","yes","babolat","shoes","/images/padel/products/babolat-jet-premura-hero.jpg","MEDIA_VERIFIED","OK","/images/padel/hero.jpg"
"prod-head-revolt-pro-court","/products/head-revolt-pro-court","published","yes","head","shoes","/images/padel/products/head-revolt-pro-court-hero.jpg","MEDIA_VERIFIED","OK","/images/padel/hero.jpg"
"prod-kuikma-ps-990","/products/kuikma-ps-990","published","yes","kuikma","shoes","/images/padel/products/kuikma-ps-990-hero.jpg","MEDIA_VERIFIED","OK","/images/padel/hero.jpg"
"prod-nox-at10-attack-18k-2026","/products/nox-at10-genius-attack-18k-2026","published","yes","nox","rackets","/images/padel/products/nox-at10-genius-attack-18k-2026-hero.jpg","MEDIA_VERIFIED","OK","/images/padel/hero.jpg"
"prod-nox-equation-soft-2026","/products/nox-equation-soft-advanced-2026","published","yes","nox","rackets","/images/padel/products/nox-equation-soft-advanced-2026-hero.jpg","MEDIA_VERIFIED","OK","/images/padel/hero.jpg"
"prod-bullpadel-vertex-05-hybrid","/products/bullpadel-vertex-05-hybrid-2026","published","yes","bullpadel","rackets","/images/padel/products/bullpadel-vertex-05-hybrid-hero.jpg","MEDIA_VERIFIED","OK","/images/padel/hero.jpg"
"prod-bullpadel-vertex-05-w","/products/bullpadel-vertex-05-w-2026","published","yes","bullpadel","rackets","/images/padel/products/bullpadel-vertex-05-w-hero.jpg","MEDIA_VERIFIED","OK","/images/padel/hero.jpg"
"prod-bullpadel-hack-04-hybrid","/products/bullpadel-hack-04-hybrid-2026","published","yes","bullpadel","rackets","/images/padel/products/bullpadel-hack-04-hybrid-hero.jpg","MEDIA_VERIFIED","OK","/images/padel/hero.jpg"
"prod-bullpadel-hack-04-comfort","/products/bullpadel-hack-04-comfort-2026","published","yes","bullpadel","rackets","/images/padel/products/bullpadel-hack-04-comfort-hero.jpg","MEDIA_VERIFIED","OK","/images/padel/hero.jpg"
"prod-bullpadel-neuron-02","/products/bullpadel-neuron-02-2026","published","yes","bullpadel","rackets","/images/padel/products/bullpadel-neuron-02-hero.jpg","MEDIA_VERIFIED","OK","/images/padel/hero.jpg"
"prod-bullpadel-neuron-02-edge","/products/bullpadel-neuron-02-edge-2026","published","yes","bullpadel","rackets","/images/padel/products/bullpadel-neuron-02-edge-hero.jpg","MEDIA_VERIFIED","OK","/images/padel/hero.jpg"
"prod-bullpadel-xplo","/products/bullpadel-xplo-2026","published","yes","bullpadel","rackets","/images/padel/products/bullpadel-xplo-hero.jpg","MEDIA_VERIFIED","OK","/images/padel/hero.jpg"
"prod-bullpadel-xplo-comfort","/products/bullpadel-xplo-comfort-2026","published","yes","bullpadel","rackets","/images/padel/products/bullpadel-xplo-comfort-hero.jpg","MEDIA_VERIFIED","OK","/images/padel/hero.jpg"
"prod-bullpadel-ionic-light","/products/bullpadel-ionic-light-2026","published","yes","bullpadel","rackets","/images/padel/products/bullpadel-ionic-light-hero.jpg","MEDIA_VERIFIED","OK","/images/padel/hero.jpg"
"prod-bullpadel-indiga-ctr","/products/bullpadel-indiga-ctr-2026","published","yes","bullpadel","rackets","/images/padel/products/bullpadel-indiga-ctr-hero.jpg","MEDIA_VERIFIED","OK","/images/padel/hero.jpg"
"prod-bullpadel-vertex-advance","/products/bullpadel-vertex-advance-2026","published","yes","bullpadel","rackets","/images/padel/products/bullpadel-vertex-advance-hero.jpg","MEDIA_VERIFIED","OK","/images/padel/hero.jpg"
"prod-adidas-metalbone-3-5-2026","/products/adidas-metalbone-3-5-2026","published","yes","adidas-padel","rackets","/images/padel/products/adidas-metalbone-3-5-2026-hero.jpg","MEDIA_VERIFIED","OK","/images/padel/hero.jpg"
"prod-adidas-metalbone-ctrl","/products/adidas-metalbone-ctrl-2026","published","yes","adidas-padel","rackets","/images/padel/products/adidas-metalbone-ctrl-2026-hero.jpg","MEDIA_VERIFIED","OK","/images/padel/hero.jpg"
"prod-adidas-metalbone-team-light","/products/adidas-metalbone-team-light-2026","published","yes","adidas-padel","rackets","/images/padel/products/adidas-metalbone-team-light-2026-hero.jpg","MEDIA_VERIFIED","OK","/images/padel/hero.jpg"
"prod-adidas-cross-it-light","/products/adidas-cross-it-light-2026","published","yes","adidas-padel","rackets","/images/padel/products/adidas-cross-it-light-2026-hero.jpg","MEDIA_VERIFIED","OK","/images/padel/hero.jpg"
"prod-adidas-cross-it-ctrl","/products/adidas-cross-it-ctrl-2026","published","yes","adidas-padel","rackets","/images/padel/products/adidas-cross-it-ctrl-2026-hero.jpg","MEDIA_VERIFIED","OK","/images/padel/hero.jpg"
"prod-adidas-arrow-hit-ctrl","/products/adidas-arrow-hit-ctrl-2026","published","yes","adidas-padel","rackets","/images/padel/products/adidas-arrow-hit-ctrl-2026-hero.jpg","MEDIA_VERIFIED","OK","/images/padel/hero.jpg"
"prod-adidas-arrow-hit-attk","/products/adidas-arrow-hit-2026","published","yes","adidas-padel","rackets","/images/padel/products/adidas-arrow-hit-attk-2026-hero.jpg","MEDIA_VERIFIED","OK","/images/padel/hero.jpg"
"prod-adidas-match-light","/products/adidas-match-light-2026","published","yes","adidas-padel","rackets","/images/padel/products/adidas-match-light-2026-hero.jpg","MEDIA_VERIFIED","OK","/images/padel/hero.jpg"
"prod-head-coello-motion","/products/head-coello-motion-2026","published","yes","head","rackets","/images/padel/products/head-coello-motion-hero.jpg","MEDIA_VERIFIED","OK","/images/padel/hero.jpg"
"prod-head-coello-team","/products/head-coello-team-2026","published","yes","head","rackets","/images/padel/products/head-coello-team-hero.jpg","MEDIA_VERIFIED","OK","/images/padel/hero.jpg"
"prod-head-gravity-pro","/products/head-gravity-pro","published","yes","head","rackets","/images/padel/products/head-gravity-pro-hero.jpg","MEDIA_VERIFIED","OK","/images/padel/hero.jpg"
"prod-head-gravity-motion","/products/head-gravity-motion","published","yes","head","rackets","/images/padel/products/head-gravity-motion-hero.jpg","MEDIA_VERIFIED","OK","/images/padel/hero.jpg"
"prod-head-speed-pro","/products/head-speed-pro","published","yes","head","rackets","/images/padel/products/head-speed-pro-hero.jpg","MEDIA_VERIFIED","OK","/images/padel/hero.jpg"
"prod-head-one-ultralight","/products/head-one-ultralight","published","yes","head","rackets","/images/padel/products/head-one-ultralight-hero.jpg","MEDIA_VERIFIED","OK","/images/padel/hero.jpg"
"prod-babolat-air-viper","/products/babolat-air-viper-2-6","published","yes","babolat","rackets","/images/padel/products/babolat-air-viper-hero.jpg","MEDIA_VERIFIED","OK","/images/padel/hero.jpg"
"prod-babolat-air-veron","/products/babolat-air-veron-2-6","published","yes","babolat","rackets","/images/padel/products/babolat-air-veron-hero.jpg","MEDIA_VERIFIED","OK","/images/padel/hero.jpg"
"prod-siux-electra","/products/siux-electra-pro-2026","published","yes","siux","rackets","/images/padel/products/siux-electra-pro-2026-hero.jpg","MEDIA_VERIFIED","OK","/images/padel/hero.jpg"
"prod-siux-fenix","/products/siux-fenix-pro-2026","published","yes","siux","rackets","/images/padel/products/siux-fenix-pro-2026-hero.jpg","MEDIA_VERIFIED","OK","/images/padel/hero.jpg"
"prod-starvie-astrum","/products/starvie-astrum-plus-2026","published","yes","starvie","rackets","/images/padel/products/starvie-astrum-hero.jpg","MEDIA_VERIFIED","OK","/images/padel/hero.jpg"
"prod-kuikma-pr-hybrid-carbon","/products/kuikma-pr-hybrid-carbon","published","yes","kuikma","rackets","/images/padel/products/kuikma-pr-hybrid-carbon-hero.jpg","MEDIA_VERIFIED","OK","/images/padel/hero.jpg"
"prod-kuikma-pr-comfort-soft","/products/kuikma-pr-comfort-soft","published","yes","kuikma","rackets","/images/padel/products/kuikma-pr-comfort-soft-hero.jpg","MEDIA_VERIFIED","OK","/images/padel/hero.jpg"
"prod-head-padel-pro-plus","/products/head-padel-pro-plus","published","yes","head","balls","/images/padel/products/head-padel-pro-plus-hero.jpg","MEDIA_VERIFIED","OK","/images/padel/hero.jpg"
"prod-head-padel-team","/products/head-padel-team","published","yes","head","balls","/images/padel/products/head-padel-team-hero.jpg","MEDIA_VERIFIED","OK","/images/padel/hero.jpg"
"prod-head-padel-one","/products/head-padel-one","published","yes","head","balls","/images/padel/products/head-padel-one-hero.jpg","MEDIA_VERIFIED","OK","/images/padel/hero.jpg"
"prod-kuikma-pb-speed","/products/kuikma-pb-speed","published","yes","kuikma","balls","/images/padel/products/kuikma-pb-speed-hero.jpg","MEDIA_VERIFIED","OK","/images/padel/hero.jpg"
"prod-kuikma-pb-control","/products/kuikma-pb-control","published","yes","kuikma","balls","/images/padel/products/kuikma-pb-control-hero.jpg","MEDIA_VERIFIED","OK","/images/padel/hero.jpg"
"prod-kuikma-pb-club","/products/kuikma-pb-club","published","yes","kuikma","balls","/images/padel/balls/kuikma-pb-club-hero.jpg","MEDIA_VERIFIED","OK","/images/padel/hero.jpg"
"prod-wilson-padel-premier","/products/wilson-padel-premier","published","yes","wilson","balls","/images/padel/products/wilson-padel-premier-hero.jpg","MEDIA_VERIFIED","OK","/images/padel/hero.jpg"
"prod-wilson-padel-premier-speed","/products/wilson-padel-premier-speed","published","yes","wilson","balls","/images/padel/products/wilson-padel-premier-speed-hero.jpg","MEDIA_VERIFIED","OK","/images/padel/hero.jpg"
"prod-bullpadel-premium-pro","/products/bullpadel-premium-pro","published","yes","bullpadel","balls","/images/padel/products/bullpadel-premium-pro-hero.jpg","MEDIA_VERIFIED","OK","/images/padel/hero.jpg"
"prod-adidas-speed-rx","/products/adidas-speed-rx-padel-balls","published","yes","adidas-padel","balls","/images/padel/products/adidas-speed-rx-padel-balls-hero.jpg","MEDIA_VERIFIED","OK","/images/padel/hero.jpg"
"prod-babolat-court-padel-balls","/products/babolat-court-padel-balls","published","yes","babolat","balls","/images/padel/products/babolat-court-padel-balls-hero.jpg","MEDIA_VERIFIED","OK","/images/padel/hero.jpg"
"prod-dunlop-pro-padel","/products/dunlop-pro-padel","published","yes","dunlop-padel","balls","/images/padel/products/dunlop-pro-padel-hero.jpg","MEDIA_VERIFIED","OK","/images/padel/hero.jpg"
"prod-tecnifibre-padel-team","/products/tecnifibre-padel-team-balls","published","yes","tecnifibre-padel","balls","/images/padel/products/tecnifibre-padel-team-balls-hero.jpg","MEDIA_VERIFIED","OK","/images/padel/hero.jpg"
"prod-nox-at10-team-bag","/products/nox-at10-team-paletero","published","yes","nox","bags","/images/padel/products/nox-at10-team-paletero-hero.jpg","MEDIA_VERIFIED","OK","/images/padel/hero.jpg"
"prod-babolat-rh-pro-padel","/products/babolat-rh-pro-padel","published","yes","babolat","bags","/images/padel/products/babolat-rh-pro-padel-hero.jpg","MEDIA_VERIFIED","OK","/images/padel/hero.jpg"
"prod-bullpadel-vertex-backpack","/products/bullpadel-vertex-geo-backpack","published","yes","bullpadel","bags","/images/padel/products/bullpadel-vertex-geo-backpack-hero.jpg","MEDIA_VERIFIED","OK","/images/padel/hero.jpg"
"prod-tecnifibre-tour-endurance-backpack","/products/tecnifibre-tour-endurance-padel-backpack","published","yes","tecnifibre-padel","bags","/images/padel/products/tecnifibre-tour-endurance-padel-backpack-hero.jpg","MEDIA_VERIFIED","OK","/images/padel/hero.jpg"
"prod-babolat-court-backpack","/products/babolat-court-backpack","published","yes","babolat","bags","/images/padel/products/babolat-court-backpack-hero.jpg","MEDIA_VERIFIED","OK","/images/padel/hero.jpg"
"prod-adidas-protour-padel","/products/adidas-protour-padel-bag","published","yes","adidas-padel","bags","/images/padel/products/adidas-protour-padel-bag-hero.jpg","MEDIA_VERIFIED","OK","/images/padel/hero.jpg"
"prod-head-tour-team-padel","/products/head-tour-team-padel-bag","published","yes","head","bags","/images/padel/bags/head-tour-team-padel-hero.jpg","MEDIA_VERIFIED","OK","/images/padel/hero.jpg"
"prod-head-elite-backpack","/products/head-elite-padel-backpack","published","yes","head","bags","/images/padel/products/head-elite-padel-backpack-hero.jpg","MEDIA_VERIFIED","OK","/images/padel/hero.jpg"
"prod-wilson-super-tour-padel","/products/wilson-super-tour-padel-bag","published","yes","wilson","bags","/images/padel/products/wilson-super-tour-padel-bag-hero.jpg","MEDIA_VERIFIED","OK","/images/padel/hero.jpg"
"prod-nox-at10-xxl-bag","/products/nox-at10-xxl-padel-bag","published","yes","nox","bags","/images/padel/products/nox-at10-xxl-padel-bag-hero.jpg","MEDIA_VERIFIED","OK","/images/padel/hero.jpg"
"prod-bullpadel-gb1200","/products/bullpadel-hac-overgrip","published","yes","bullpadel","grips","/images/padel/products/bullpadel-hac-overgrip-hero.jpg","MEDIA_VERIFIED","OK","/images/padel/hero.jpg"
"prod-nox-pro-overgrip","/products/nox-pro-overgrip","published","yes","nox","grips","/images/padel/products/nox-pro-overgrip-hero.jpg","MEDIA_VERIFIED","OK","/images/padel/hero.jpg"
"prod-head-xtreme-soft","/products/head-xtreme-soft-overgrip","published","yes","head","grips","/images/padel/products/head-xtreme-soft-overgrip-hero.jpg","MEDIA_VERIFIED","OK","/images/padel/hero.jpg"
"prod-babolat-pro-response","/products/babolat-pro-response-overgrip","published","yes","babolat","grips","/images/padel/products/babolat-pro-response-overgrip-hero.jpg","MEDIA_VERIFIED","OK","/images/padel/hero.jpg"
"prod-kuikma-overgrip","/products/kuikma-padel-overgrip","published","yes","kuikma","grips","/images/padel/products/kuikma-padel-overgrip-hero.jpg","MEDIA_VERIFIED","OK","/images/padel/hero.jpg"
"prod-babolat-syntec-pro","/products/babolat-syntec-pro-replacement-grip","published","yes","babolat","grips","/images/padel/products/babolat-syntec-pro-replacement-grip-hero.jpg","MEDIA_VERIFIED","OK","/images/padel/hero.jpg"
"prod-hesacore-padel","/products/hesacore-padel-grip","published","yes","hesacore","grips","/images/padel/products/hesacore-padel-grip-hero.jpg","MEDIA_VERIFIED","OK","/images/padel/hero.jpg"
"prod-adidas-padel-overgrip","/products/adidas-padel-overgrip","published","yes","adidas-padel","grips","/images/padel/grips/adidas-padel-overgrip-hero.jpg","MEDIA_VERIFIED","OK","/images/padel/hero.jpg"
"prod-bullpadel-frame-protector","/products/bullpadel-frame-protector-3-pack","published","yes","bullpadel","accessories","/images/padel/products/bullpadel-frame-protector-3-pack-hero.jpg","MEDIA_VERIFIED","OK","/images/padel/hero.jpg"
"prod-nox-frame-protector","/products/nox-transparent-frame-protector","published","yes","nox","accessories","/images/padel/products/nox-transparent-frame-protector-hero.jpg","MEDIA_VERIFIED","OK","/images/padel/hero.jpg"
"prod-bullpadel-pascal-box","/products/bullpadel-pascal-box-3b","published","yes","bullpadel","accessories","/images/padel/products/bullpadel-pascal-box-3b-hero.jpg","MEDIA_VERIFIED","OK","/images/padel/hero.jpg"
"prod-head-x3-pressurizer","/products/head-x3-ball-pressurizer","published","yes","head","accessories","/images/padel/products/head-x3-ball-pressurizer-hero.jpg","MEDIA_VERIFIED","OK","/images/padel/hero.jpg"
"prod-bullpadel-custom-weight","/products/bullpadel-protector-custom-weight","published","yes","bullpadel","accessories","/images/padel/products/bullpadel-protector-custom-weight-hero.jpg","MEDIA_VERIFIED","OK","/images/padel/hero.jpg"
"prod-4on-totalgrip","/products/4on-totalgrip","published","yes","4on","accessories","/images/padel/accessories/4on-totalgrip-hero.jpg","MEDIA_VERIFIED","OK","/images/padel/hero.jpg"
"prod-ball-rescuer-ball-rescuer","/products/ball-rescuer-ball-rescuer","published","yes","ball-rescuer","accessories","/images/padel/accessories/ball-rescuer-ball-rescuer-hero.jpg","MEDIA_VERIFIED","OK","/images/padel/hero.jpg"
"prod-black-crown-black-crown-wristband","/products/black-crown-black-crown-wristband","published","yes","black-crown","accessories","/images/padel/accessories/black-crown-black-crown-wristband-hero.jpg","MEDIA_VERIFIED","OK","/images/padel/hero.jpg"
"prod-bullpadel-custom-weight-grip","/products/bullpadel-custom-weight-grip","published","yes","bullpadel","accessories","/images/padel/accessories/bullpadel-custom-weight-grip-hero.jpg","MEDIA_VERIFIED","OK","/images/padel/hero.jpg"
"prod-bullpadel-frame-protector-uni","/products/bullpadel-frame-protector-uni","published","yes","bullpadel","accessories","/images/padel/accessories/bullpadel-frame-protector-uni-hero.jpg","MEDIA_VERIFIED","OK","/images/padel/hero.jpg"
"prod-enebe-enebe-protector-line","/products/enebe-enebe-protector-line","published","yes","enebe","accessories","/images/padel/accessories/enebe-enebe-protector-line-hero.jpg","MEDIA_VERIFIED","OK","/images/padel/hero.jpg"
"prod-head-antishock-skin","/products/head-antishock-skin","published","yes","head","accessories","/images/padel/accessories/head-antishock-skin-hero.jpg","MEDIA_VERIFIED","OK","/images/padel/hero.jpg"
"prod-head-x3-pump","/products/head-x3-pump","published","yes","head","accessories","/images/padel/accessories/head-x3-pump-hero.jpg","MEDIA_VERIFIED","OK","/images/padel/hero.jpg"
"prod-nox-weight-balancer-2-4g","/products/nox-weight-balancer-2-4g","published","yes","nox","accessories","/images/padel/accessories/nox-weight-balancer-2-4g-hero.jpg","MEDIA_VERIFIED","OK","/images/padel/hero.jpg"
"prod-shockout-gravity","/products/shockout-gravity","published","yes","shockout","accessories","/images/padel/accessories/shockout-gravity-hero.jpg","MEDIA_VERIFIED","OK","/images/padel/hero.jpg"
"prod-softee-softee-protector","/products/softee-softee-protector","published","yes","softee","accessories","/images/padel/accessories/softee-softee-protector-hero.jpg","MEDIA_VERIFIED","OK","/images/padel/hero.jpg"
"prod-starvie-transparent-protector-2026","/products/starvie-transparent-protector-2026","published","yes","starvie","accessories","/images/padel/accessories/starvie-transparent-protector-2026-hero.jpg","MEDIA_VERIFIED","OK","/images/padel/hero.jpg"
"prod-vibora-vibor-a-transparent","/products/vibora-vibor-a-transparent","published","yes","vibora","accessories","/images/padel/accessories/vibora-vibor-a-transparent-hero.jpg","MEDIA_VERIFIED","OK","/images/padel/hero.jpg"
"prod-adidas-control-2026","/products/adidas-control-2026","published","yes","adidas-padel","bags","/images/padel/bags/adidas-control-2026-hero.jpg","MEDIA_VERIFIED","OK","/images/padel/hero.jpg"
"prod-adidas-protour-backpack-2026","/products/adidas-protour-backpack-2026","published","yes","adidas-padel","bags","/images/padel/bags/adidas-protour-backpack-2026-hero.jpg","MEDIA_VERIFIED","OK","/images/padel/hero.jpg"
"prod-adidas-tour","/products/adidas-tour","published","yes","adidas-padel","bags","/images/padel/bags/adidas-tour-hero.jpg","MEDIA_VERIFIED","OK","/images/padel/hero.jpg"
"prod-babolat-rh-perf","/products/babolat-rh-perf","published","yes","babolat","bags","/images/padel/bags/babolat-rh-perf-hero.jpg","MEDIA_VERIFIED","OK","/images/padel/hero.jpg"
"prod-black-crown-spartan","/products/black-crown-spartan","published","yes","black-crown","bags","/images/padel/bags/black-crown-spartan-hero.jpg","MEDIA_VERIFIED","OK","/images/padel/hero.jpg"
"prod-black-crown-thunder","/products/black-crown-thunder","published","yes","black-crown","bags","/images/padel/bags/black-crown-thunder-hero.jpg","MEDIA_VERIFIED","OK","/images/padel/hero.jpg"
"prod-black-crown-ultimate-pro-2-0","/products/black-crown-ultimate-pro-2-0","published","yes","black-crown","bags","/images/padel/bags/black-crown-ultimate-pro-2-0-hero.jpg","MEDIA_VERIFIED","OK","/images/padel/hero.jpg"
"prod-bullpadel-casual-bpp26016","/products/bullpadel-casual-bpp26016","published","yes","bullpadel","bags","/images/padel/bags/bullpadel-casual-bpp26016-hero.jpg","MEDIA_VERIFIED","OK","/images/padel/hero.jpg"
"prod-bullpadel-elite-bpp26019","/products/bullpadel-elite-bpp26019","published","yes","bullpadel","bags","/images/padel/bags/bullpadel-elite-bpp26019-hero.jpg","MEDIA_VERIFIED","OK","/images/padel/hero.jpg"
"prod-bullpadel-icon-bpp26023","/products/bullpadel-icon-bpp26023","published","yes","bullpadel","bags","/images/padel/bags/bullpadel-icon-bpp26023-hero.jpg","MEDIA_VERIFIED","OK","/images/padel/hero.jpg"
"prod-bullpadel-ionic-bpp26005","/products/bullpadel-ionic-bpp26005","published","yes","bullpadel","bags","/images/padel/bags/bullpadel-ionic-bpp26005-hero.jpg","MEDIA_VERIFIED","OK","/images/padel/hero.jpg"
"prod-bullpadel-neuron-bpm26020","/products/bullpadel-neuron-bpm26020","published","yes","bullpadel","bags","/images/padel/bags/bullpadel-neuron-bpm26020-hero.jpg","MEDIA_VERIFIED","OK","/images/padel/hero.jpg"
"prod-bullpadel-pearl-bpm27017","/products/bullpadel-pearl-bpm27017","published","yes","bullpadel","bags","/images/padel/bags/bullpadel-pearl-bpm27017-hero.jpg","MEDIA_VERIFIED","OK","/images/padel/hero.jpg"
"prod-bullpadel-tour-bpp26015","/products/bullpadel-tour-bpp26015","published","yes","bullpadel","bags","/images/padel/bags/bullpadel-tour-bpp26015-hero.jpg","MEDIA_VERIFIED","OK","/images/padel/hero.jpg"
"prod-bullpadel-wonder-bpp26024","/products/bullpadel-wonder-bpp26024","published","yes","bullpadel","bags","/images/padel/bags/bullpadel-wonder-bpp26024-hero.jpg","MEDIA_VERIFIED","OK","/images/padel/hero.jpg"
"prod-bullpadel-xplo-bpp26022","/products/bullpadel-xplo-bpp26022","published","yes","bullpadel","bags","/images/padel/bags/bullpadel-xplo-bpp26022-hero.jpg","MEDIA_VERIFIED","OK","/images/padel/hero.jpg"
"prod-bullpadel-bpm26002-hack","/products/bullpadel-bpm26002-hack","published","yes","bullpadel","bags","/images/padel/bags/bullpadel-bpm26002-hack-hero.jpg","MEDIA_VERIFIED","OK","/images/padel/hero.jpg"
"prod-bullpadel-bpm26007-bpm26008-vertex","/products/bullpadel-bpm26007-bpm26008-vertex","published","yes","bullpadel","bags","/images/padel/bags/bullpadel-bpm26007-bpm26008-vertex-hero.jpg","MEDIA_VERIFIED","OK","/images/padel/hero.jpg"
"prod-bullpadel-bpp26001-vertex","/products/bullpadel-bpp26001-vertex","published","yes","bullpadel","bags","/images/padel/bags/bullpadel-bpp26001-vertex-hero.jpg","MEDIA_VERIFIED","OK","/images/padel/hero.jpg"
"prod-bullpadel-bpp26022-xplo","/products/bullpadel-bpp26022-xplo","published","yes","bullpadel","bags","/images/padel/bags/bullpadel-bpp26022-xplo-hero.jpg","MEDIA_VERIFIED","OK","/images/padel/hero.jpg"
"prod-drop-shot-blitz","/products/drop-shot-blitz","published","yes","drop-shot","bags","/images/padel/bags/drop-shot-blitz-hero.jpg","MEDIA_VERIFIED","OK","/images/padel/hero.jpg"
"prod-head-coello-pro-x-backpack","/products/head-coello-pro-x-backpack","published","yes","head","bags","/images/padel/bags/head-coello-pro-x-backpack-hero.jpg","MEDIA_VERIFIED","OK","/images/padel/hero.jpg"
"prod-head-coello-pro-x-duffle-l","/products/head-coello-pro-x-duffle-l","published","yes","head","bags","/images/padel/bags/head-coello-pro-x-duffle-l-hero.jpg","MEDIA_VERIFIED","OK","/images/padel/hero.jpg"
"prod-head-coello-tour-backpack","/products/head-coello-tour-backpack","published","yes","head","bags","/images/padel/bags/head-coello-tour-backpack-hero.jpg","MEDIA_VERIFIED","OK","/images/padel/hero.jpg"
"prod-head-coello-tour-bag","/products/head-coello-tour-bag","published","yes","head","bags","/images/padel/bags/head-coello-tour-bag-hero.jpg","MEDIA_VERIFIED","OK","/images/padel/hero.jpg"
"prod-head-tour-backpack-25l","/products/head-tour-backpack-25l","published","yes","head","bags","/images/padel/bags/head-tour-backpack-25l-hero.jpg","MEDIA_VERIFIED","OK","/images/padel/hero.jpg"
"prod-head-pro-x-bag-l","/products/head-pro-x-bag-l","published","yes","head","bags","/images/padel/bags/head-pro-x-bag-l-hero.jpg","MEDIA_VERIFIED","OK","/images/padel/hero.jpg"
"prod-kuikma-pl-900-elite","/products/kuikma-pl-900-elite","published","yes","kuikma","bags","/images/padel/bags/kuikma-pl-900-elite-hero.jpg","MEDIA_VERIFIED","OK","/images/padel/hero.jpg"
"prod-lok-aventure-gen-2","/products/lok-aventure-gen-2","published","yes","lok","bags","/images/padel/bags/lok-aventure-gen-2-hero.jpg","MEDIA_VERIFIED","OK","/images/padel/hero.jpg"
"prod-lok-maxx-gen-2","/products/lok-maxx-gen-2-paletero","published","yes","lok","bags","/images/padel/bags/lok-maxx-gen-2-hero.jpg","MEDIA_VERIFIED","OK","/images/padel/hero.jpg"
"prod-nox-at10-competition-trolley","/products/nox-at10-competition-trolley","published","yes","nox","bags","/images/padel/bags/nox-at10-competition-trolley-hero.jpg","MEDIA_VERIFIED","OK","/images/padel/hero.jpg"
"prod-nox-at10-team","/products/nox-at10-team","published","yes","nox","bags","/images/padel/bags/nox-at10-team-hero.jpg","MEDIA_VERIFIED","OK","/images/padel/hero.jpg"
"prod-nox-luxury-master-backpack","/products/nox-luxury-master-backpack","published","yes","nox","bags","/images/padel/bags/nox-luxury-master-backpack-hero.jpg","MEDIA_VERIFIED","OK","/images/padel/hero.jpg"
"prod-nox-luxury-master-series","/products/nox-luxury-master-series","published","yes","nox","bags","/images/padel/bags/nox-luxury-master-series-hero.jpg","MEDIA_VERIFIED","OK","/images/padel/hero.jpg"
"prod-nox-luxury-open-backpack","/products/nox-luxury-open-backpack","published","yes","nox","bags","/images/padel/bags/nox-luxury-open-backpack-hero.jpg","MEDIA_VERIFIED","OK","/images/padel/hero.jpg"
"prod-nox-luxury-open-series","/products/nox-luxury-open-series","published","yes","nox","bags","/images/padel/bags/nox-luxury-open-series-hero.jpg","MEDIA_VERIFIED","OK","/images/padel/hero.jpg"
"prod-nox-pro-series-backpack","/products/nox-pro-series-backpack","published","yes","nox","bags","/images/padel/bags/nox-pro-series-backpack-hero.jpg","MEDIA_VERIFIED","OK","/images/padel/hero.jpg"
"prod-oxdog-hyper-tour-thermo-backpack","/products/oxdog-hyper-tour-thermo-backpack","published","yes","oxdog","bags","/images/padel/bags/oxdog-hyper-tour-thermo-backpack-hero.jpg","MEDIA_VERIFIED","OK","/images/padel/hero.jpg"
"prod-royal-padel-force","/products/royal-padel-force","published","yes","royal-padel","bags","/images/padel/bags/royal-padel-force-hero.jpg","MEDIA_VERIFIED","OK","/images/padel/hero.jpg"
"prod-siux-nomad","/products/siux-nomad","published","yes","siux","bags","/images/padel/bags/siux-nomad-hero.jpg","MEDIA_VERIFIED","OK","/images/padel/hero.jpg"
"prod-siux-electra-stupa-2026","/products/siux-electra-stupa-2026","published","yes","siux","bags","/images/padel/bags/siux-electra-stupa-2026-hero.jpg","MEDIA_VERIFIED","OK","/images/padel/hero.jpg"
"prod-siux-tour","/products/siux-tour","published","yes","siux","bags","/images/padel/bags/siux-tour-hero.jpg","MEDIA_VERIFIED","OK","/images/padel/hero.jpg"
"prod-siux-trail","/products/siux-trail","published","yes","siux","bags","/images/padel/bags/siux-trail-hero.jpg","MEDIA_VERIFIED","OK","/images/padel/hero.jpg"
"prod-starvie-hard-eva","/products/starvie-hard-eva","published","yes","starvie","bags","/images/padel/bags/starvie-hard-eva-hero.jpg","MEDIA_VERIFIED","OK","/images/padel/hero.jpg"
"prod-starvie-hard-eva-backpack","/products/starvie-hard-eva-backpack","published","yes","starvie","bags","/images/padel/bags/starvie-hard-eva-backpack-hero.jpg","MEDIA_VERIFIED","OK","/images/padel/hero.jpg"
"prod-starvie-pro-master","/products/starvie-pro-master","published","yes","starvie","bags","/images/padel/bags/starvie-pro-master-hero.jpg","MEDIA_VERIFIED","OK","/images/padel/hero.jpg"
"prod-starvie-tactic-pro","/products/starvie-tactic-pro","published","yes","starvie","bags","/images/padel/bags/starvie-tactic-pro-hero.jpg","MEDIA_VERIFIED","OK","/images/padel/hero.jpg"
"prod-tecnifibre-tour-endurance-bag","/products/tecnifibre-tour-endurance-bag","published","yes","tecnifibre-padel","bags","/images/padel/bags/tecnifibre-tour-endurance-bag-hero.jpg","MEDIA_VERIFIED","OK","/images/padel/hero.jpg"
"prod-varlion-summum-pro","/products/varlion-summum-pro","published","yes","varlion","bags","/images/padel/bags/varlion-summum-pro-hero.jpg","MEDIA_VERIFIED","OK","/images/padel/hero.jpg"
"prod-wilson-bela-super-tour-backpack","/products/wilson-bela-super-tour-backpack","published","yes","wilson","bags","/images/padel/bags/wilson-bela-super-tour-backpack-hero.jpg","MEDIA_VERIFIED","OK","/images/padel/hero.jpg"
"prod-wilson-super-tour-2026","/products/wilson-super-tour-2026","published","yes","wilson","bags","/images/padel/bags/wilson-super-tour-2026-hero.jpg","MEDIA_VERIFIED","OK","/images/padel/hero.jpg"
"prod-babolat-court","/products/babolat-court","published","yes","babolat","balls","/images/padel/balls/babolat-court-hero.jpg","MEDIA_VERIFIED","OK","/images/padel/hero.jpg"
"prod-black-crown-one","/products/black-crown-one","published","yes","black-crown","balls","/images/padel/balls/black-crown-one-hero.jpg","MEDIA_VERIFIED","OK","/images/padel/hero.jpg"
"prod-black-crown-pro","/products/black-crown-pro","published","yes","black-crown","balls","/images/padel/balls/black-crown-pro-hero.jpg","MEDIA_VERIFIED","OK","/images/padel/hero.jpg"
"prod-bullpadel-fip-next-pro","/products/bullpadel-fip-next-pro","published","yes","bullpadel","balls","/images/padel/balls/bullpadel-fip-next-pro-hero.jpg","MEDIA_VERIFIED","OK","/images/padel/hero.jpg"
"prod-bullpadel-next","/products/bullpadel-next","published","yes","bullpadel","balls","/images/padel/balls/bullpadel-next-hero.jpg","MEDIA_VERIFIED","OK","/images/padel/hero.jpg"
"prod-drop-shot-speed-tech","/products/drop-shot-speed-tech","published","yes","drop-shot","balls","/images/padel/balls/drop-shot-speed-tech-hero.jpg","MEDIA_VERIFIED","OK","/images/padel/hero.jpg"
"prod-drop-shot-tournament-tech","/products/drop-shot-tournament-tech","published","yes","drop-shot","balls","/images/padel/balls/drop-shot-tournament-tech-hero.jpg","MEDIA_VERIFIED","OK","/images/padel/hero.jpg"
"prod-drop-shot-training-tech","/products/drop-shot-training-tech","published","yes","drop-shot","balls","/images/padel/balls/drop-shot-training-tech-hero.jpg","MEDIA_VERIFIED","OK","/images/padel/hero.jpg"
"prod-dunlop-eco","/products/dunlop-eco","published","yes","dunlop-padel","balls","/images/padel/balls/dunlop-eco-hero.jpg","MEDIA_VERIFIED","OK","/images/padel/hero.jpg"
"prod-dunlop-pro","/products/dunlop-pro","published","yes","dunlop-padel","balls","/images/padel/balls/dunlop-pro-hero.jpg","MEDIA_VERIFIED","OK","/images/padel/hero.jpg"
"prod-fila-premium-pro","/products/fila-premium-pro","published","yes","fila-padel","balls","/images/padel/balls/fila-premium-pro-hero.jpg","MEDIA_VERIFIED","OK","/images/padel/hero.jpg"
"prod-nox-nerbo","/products/nox-nerbo","published","yes","nox","balls","/images/padel/balls/nox-nerbo-hero.jpg","MEDIA_VERIFIED","OK","/images/padel/hero.jpg"
"prod-nox-nerbo-speed","/products/nox-nerbo-speed","published","yes","nox","balls","/images/padel/balls/nox-nerbo-speed-hero.jpg","MEDIA_VERIFIED","OK","/images/padel/hero.jpg"
"prod-nox-pro-titanium","/products/nox-pro-titanium","published","yes","nox","balls","/images/padel/balls/nox-pro-titanium-hero.jpg","MEDIA_VERIFIED","OK","/images/padel/hero.jpg"
"prod-osaka-pro-tour","/products/osaka-pro-tour","published","yes","osaka-padel","balls","/images/padel/balls/osaka-pro-tour-hero.jpg","MEDIA_VERIFIED","OK","/images/padel/hero.jpg"
"prod-osaka-vision","/products/osaka-vision","published","yes","osaka-padel","balls","/images/padel/balls/osaka-vision-hero.jpg","MEDIA_VERIFIED","OK","/images/padel/hero.jpg"
"prod-oxdog-boost","/products/oxdog-boost","published","yes","oxdog","balls","/images/padel/balls/oxdog-boost-hero.jpg","MEDIA_VERIFIED","OK","/images/padel/hero.jpg"
"prod-rs-champions-choice","/products/rs-champions-choice","published","yes","rs-padel","balls","/images/padel/balls/rs-champions-choice-hero.jpg","MEDIA_VERIFIED","OK","/images/padel/hero.jpg"
"prod-rs-nova-x","/products/rs-nova-x","published","yes","rs-padel","balls","/images/padel/balls/rs-nova-x-hero.jpg","MEDIA_VERIFIED","OK","/images/padel/hero.jpg"
"prod-siux-neo","/products/siux-neo","published","yes","siux","balls","/images/padel/balls/siux-neo-hero.jpg","MEDIA_VERIFIED","OK","/images/padel/hero.jpg"
"prod-siux-neo-speed-neo-s","/products/siux-neo-speed-neo-s","published","yes","siux","balls","/images/padel/balls/siux-neo-speed-neo-s-hero.jpg","MEDIA_VERIFIED","OK","/images/padel/hero.jpg"
"prod-tecnifibre-padel-tour","/products/tecnifibre-padel-tour","published","yes","tecnifibre-padel","balls","/images/padel/balls/tecnifibre-padel-tour-hero.jpg","MEDIA_VERIFIED","OK","/images/padel/hero.jpg"
"prod-tretorn-serie-padel-control","/products/tretorn-serie-padel-control","published","yes","tretorn-padel","balls","/images/padel/balls/tretorn-serie-padel-control-hero.jpg","MEDIA_VERIFIED","OK","/images/padel/hero.jpg"
"prod-tretorn-serie-padel-tour","/products/tretorn-serie-padel-tour","published","yes","tretorn-padel","balls","/images/padel/balls/tretorn-serie-padel-tour-hero.jpg","MEDIA_VERIFIED","OK","/images/padel/hero.jpg"
"prod-varlion-summum-pro-s","/products/varlion-summum-pro-s","published","yes","varlion","balls","/images/padel/balls/varlion-summum-pro-s-hero.jpg","MEDIA_VERIFIED","OK","/images/padel/hero.jpg"
"prod-varlion-summum-pro-w","/products/varlion-summum-pro-w","published","yes","varlion","balls","/images/padel/balls/varlion-summum-pro-w-hero.jpg","MEDIA_VERIFIED","OK","/images/padel/hero.jpg"
"prod-volt-premium","/products/volt-premium","published","yes","volt-padel","balls","/images/padel/balls/volt-premium-hero.jpg","MEDIA_VERIFIED","OK","/images/padel/hero.jpg"
"prod-wilson-premier-padel","/products/wilson-premier-padel","published","yes","wilson","balls","/images/padel/balls/wilson-premier-padel-hero.jpg","MEDIA_VERIFIED","OK","/images/padel/hero.jpg"
"prod-wilson-rush-100","/products/wilson-rush-100","published","yes","wilson","balls","/images/padel/balls/wilson-rush-100-hero.jpg","MEDIA_VERIFIED","OK","/images/padel/hero.jpg"
"prod-babolat-vs-original","/products/babolat-vs-original","published","yes","babolat","grips","/images/padel/grips/babolat-vs-original-hero.jpg","MEDIA_VERIFIED","OK","/images/padel/hero.jpg"
"prod-black-crown-black-crown-perforated","/products/black-crown-black-crown-perforated","published","yes","black-crown","grips","/images/padel/grips/black-crown-black-crown-perforated-hero.jpg","MEDIA_VERIFIED","OK","/images/padel/hero.jpg"
"prod-bullpadel-comfort-overgrip","/products/bullpadel-comfort-overgrip","published","yes","bullpadel","grips","/images/padel/grips/bullpadel-comfort-overgrip-hero.jpg","MEDIA_VERIFIED","OK","/images/padel/hero.jpg"
"prod-drop-shot-club","/products/drop-shot-club","published","yes","drop-shot","grips","/images/padel/grips/drop-shot-club-hero.jpg","MEDIA_VERIFIED","OK","/images/padel/hero.jpg"
"prod-drop-shot-super-tacky","/products/drop-shot-super-tacky","published","yes","drop-shot","grips","/images/padel/grips/drop-shot-super-tacky-hero.jpg","MEDIA_VERIFIED","OK","/images/padel/hero.jpg"
"prod-head-xtreme-soft-xtremesoft","/products/head-xtreme-soft-xtremesoft","published","yes","head","grips","/images/padel/grips/head-xtreme-soft-xtremesoft-hero.jpg","MEDIA_VERIFIED","OK","/images/padel/hero.jpg"
"prod-hesacore-pro-carbon","/products/hesacore-pro-carbon","published","yes","hesacore","grips","/images/padel/grips/hesacore-pro-carbon-hero.jpg","MEDIA_VERIFIED","OK","/images/padel/hero.jpg"
"prod-hesacore-tour-original","/products/hesacore-tour-original","published","yes","hesacore","grips","/images/padel/grips/hesacore-tour-original-hero.jpg","MEDIA_VERIFIED","OK","/images/padel/hero.jpg"
"prod-siux-elite-overgrip","/products/siux-elite-overgrip","published","yes","siux","grips","/images/padel/grips/siux-elite-overgrip-hero.jpg","MEDIA_VERIFIED","OK","/images/padel/hero.jpg"
"prod-starvie-premier-soft","/products/starvie-premier-soft","published","yes","starvie","grips","/images/padel/grips/starvie-premier-soft-hero.jpg","MEDIA_VERIFIED","OK","/images/padel/hero.jpg"
"prod-tecnifibre-players-pro-feel","/products/tecnifibre-players-pro-feel","published","yes","tecnifibre-padel","grips","/images/padel/grips/tecnifibre-players-pro-feel-hero.jpg","MEDIA_VERIFIED","OK","/images/padel/hero.jpg"
"prod-wilson-wilson-replacement-grip","/products/wilson-wilson-replacement-grip","published","yes","wilson","grips","/images/padel/grips/wilson-wilson-replacement-grip-hero.jpg","MEDIA_VERIFIED","OK","/images/padel/hero.jpg"
"prod-wilson-profile-padel","/products/wilson-profile-padel","published","yes","wilson","grips","/images/padel/grips/wilson-profile-padel-hero.jpg","MEDIA_VERIFIED","OK","/images/padel/hero.jpg"
"prod-yonex-super-grap","/products/yonex-super-grap","published","yes","yonex-padel","grips","/images/padel/grips/yonex-super-grap-hero.jpg","MEDIA_VERIFIED","OK","/images/padel/hero.jpg"
"prod-adidas-accessory-pouch-2026","/products/adidas-accessory-pouch-2026","published","yes","adidas-padel","accessories","/images/padel/accessories/adidas-accessory-pouch-2026-hero.jpg","MEDIA_VERIFIED","OK","/images/padel/hero.jpg"
"prod-adidas-shoe-bag-ale-gal-n","/products/adidas-shoe-bag-ale-gal-n","published","yes","adidas-padel","accessories","/images/padel/accessories/adidas-shoe-bag-ale-gal-n-hero.jpg","MEDIA_VERIFIED","OK","/images/padel/hero.jpg"
"prod-oxdog-gold-pro","/products/oxdog-gold-pro","published","yes","oxdog","grips","/images/padel/grips/oxdog-gold-pro-hero.jpg","MEDIA_VERIFIED","OK","/images/padel/hero.jpg"
"prod-oxdog-gold-sticky","/products/oxdog-gold-sticky","published","yes","oxdog","grips","/images/padel/grips/oxdog-gold-sticky-hero.jpg","MEDIA_VERIFIED","OK","/images/padel/hero.jpg"
"prod-black-crown-plus","/products/black-crown-plus","published","yes","black-crown","bags","/images/padel/bags/black-crown-plus-hero.jpg","MEDIA_VERIFIED","OK","/images/padel/hero.jpg"
"prod-lok-one-gen-2","/products/lok-one-gen-2","published","yes","lok","bags","/images/padel/bags/lok-one-gen-2-hero.jpg","MEDIA_VERIFIED","OK","/images/padel/hero.jpg"
"prod-lok-accessory-bag-gen-2","/products/lok-accessory-bag-gen-2","published","yes","lok","bags","/images/padel/bags/lok-accessory-bag-gen-2-hero.jpg","MEDIA_VERIFIED","OK","/images/padel/hero.jpg"
"prod-volt-volt-padelbag","/products/volt-volt-padelbag","published","yes","volt-padel","bags","/images/padel/bags/volt-volt-padelbag-hero.jpg","MEDIA_VERIFIED","OK","/images/padel/hero.jpg"
"prod-volt-volt-premium","/products/volt-volt-premium","published","yes","volt-padel","grips","/images/padel/grips/volt-volt-premium-hero.jpg","MEDIA_VERIFIED","OK","/images/padel/hero.jpg"
"prod-royal-padel-royal-overgrip","/products/royal-padel-royal-overgrip","published","yes","royal-padel","grips","/images/padel/grips/royal-padel-royal-overgrip-hero.jpg","MEDIA_VERIFIED","OK","/images/padel/hero.jpg"
"prod-4on-totalgrip-paste","/products/4on-totalgrip-paste","published","yes","4on","accessories","/images/padel/accessories/4on-totalgrip-paste-hero.jpg","MEDIA_VERIFIED","OK","/images/padel/hero.jpg"
"prod-4on-swiftgrip","/products/4on-swiftgrip","published","yes","4on","grips","/images/padel/grips/4on-swiftgrip-hero.jpg","MEDIA_VERIFIED","OK","/images/padel/hero.jpg"
"prod-4on-pro-t1","/products/4on-pro-t1","published","yes","4on","balls","/images/padel/balls/4on-pro-t1-hero.jpg","MEDIA_VERIFIED","OK","/images/padel/hero.jpg"
"prod-head-prime-tour","/products/head-prime-tour","published","yes","head","grips","/images/padel/grips/head-prime-tour-hero.jpg","MEDIA_VERIFIED","OK","/images/padel/hero.jpg"
"prod-bullpadel-vertex-w","/products/bullpadel-vertex-w","published","yes","bullpadel","shoes","/images/padel/products/bullpadel-vertex-w-hero.jpg","MEDIA_VERIFIED","OK","/images/padel/hero.jpg"
