"slug","category","unique_meaningful_media","gallery_beyond_hero","spec_present","spec_missing","has_verdict","strengths","weaknesses","nl_offers","from_price"
"nox-at10-genius-18k-2026","cat-padel-rackets","1","0","shape|balance|weightMin|thicknessMm|face|frameMaterial|core|surfaceTexture|sweetSpot|feel|playerLevel","","yes","3","2","1",""
"bullpadel-vertex-04","cat-padel-rackets","6","5","shape|balance|weightMin|thicknessMm|face|frameMaterial|core|surfaceTexture|sweetSpot|feel|playerLevel","","yes","2","2","1",""
"babolat-technical-viper-3-0","cat-padel-rackets","4","3","shape|balance|weightMin|thicknessMm|face|frameMaterial|core|surfaceTexture|sweetSpot|feel|playerLevel","","yes","2","2","1",""
"head-coello-pro-2026","cat-padel-rackets","6","5","shape|balance|weightMin|thicknessMm|face|frameMaterial|core|surfaceTexture|sweetSpot|feel|playerLevel","","yes","3","2","1",""
"siux-diablo-pro-2026","cat-padel-rackets","1","0","shape|balance|weightMin|thicknessMm|face|frameMaterial|core|surfaceTexture|sweetSpot|feel|playerLevel","","yes","3","2","1",""
"adidas-courtquick-padel","cat-padel-shoes","1","0","genderFit|cushioning|support|outsole|surfaceCompatibility|courtOutsole|tractionPattern|lateralStability|courtFeel|durability|upper|weight|fit|width|closure|generation","","yes","3","1","1",""
"head-padel-pro-s-balls","cat-padel-balls","1","0","ballType|use|speed|pressurization|durability|packSize|ballsPerCan|cansPerBox|officialApproval|coreMaterial|feltMaterial|intendedConditions|freshnessStatus|diameter|weight|bounceSpec|manufacturerPositioning|generation","","yes","3","1","2",""
"wilson-padel-overgrip-pack","cat-padel-grips","1","0","gripType|thickness|tack|absorption|feel|packQuantity|perforated|material|length|width|weight|texture|colors|installationMethod|compatibility|handleThicknessEffect|claimedBenefits","","yes","3","1","1",""
"wilson-bela-pro-v3","cat-padel-rackets","4","3","shape|balance|weightMin|thicknessMm|face|frameMaterial|core|surfaceTexture|sweetSpot|feel|playerLevel","","yes","2","2","1",""
"starvie-titania-kepler","cat-padel-rackets","1","0","shape|balance|weightMin|thicknessMm|face|frameMaterial|core|surfaceTexture|sweetSpot|feel|playerLevel","","yes","2","2","1",""
"adidas-metalbone-hrd-2026","cat-padel-rackets","4","3","shape|balance|weightMin|thicknessMm|face|frameMaterial|core|surfaceTexture|sweetSpot|feel|playerLevel","","yes","3","2","1",""
"varlion-lw-carbon-difusor","cat-padel-rackets","1","0","shape|balance|weightMin|thicknessMm|face|frameMaterial|core|surfaceTexture|sweetSpot|feel|playerLevel","","yes","2","2","1",""
"nox-ml10-pro-cup","cat-padel-rackets","1","0","shape|balance|weightMin|thicknessMm|face|frameMaterial|core|surfaceTexture|sweetSpot|feel|playerLevel","","yes","2","2","1",""
"bullpadel-hack-03","cat-padel-rackets","1","0","shape|balance|weightMin|thicknessMm|face|frameMaterial|core|surfaceTexture|sweetSpot|feel|playerLevel","","yes","2","2","1",""
"babolat-counter-viper","cat-padel-rackets","4","3","shape|balance|weightMin|thicknessMm|face|frameMaterial|core|surfaceTexture|sweetSpot|feel|playerLevel","","yes","2","2","1",""
"head-extreme-pro-padel","cat-padel-rackets","1","0","shape|balance|weightMin|thicknessMm|face|frameMaterial|core|surfaceTexture|sweetSpot|feel|playerLevel","","yes","2","2","1",""
"wilson-blade-pro-v3-padel","cat-padel-rackets","1","0","shape|balance|weightMin|thicknessMm|face|frameMaterial|core|surfaceTexture|sweetSpot|feel|playerLevel","","yes","2","2","1",""
"starvie-basalto-osiris","cat-padel-rackets","1","0","shape|balance|weightMin|thicknessMm|face|frameMaterial|core|surfaceTexture|sweetSpot|feel|playerLevel","","yes","2","2","1",""
"bullpadel-vertex-05-2026","cat-padel-rackets","6","5","shape|balance|weightMin|thicknessMm|face|frameMaterial|core|surfaceTexture|sweetSpot|feel|playerLevel","","yes","3","2","1",""
"bullpadel-hack-04-2026","cat-padel-rackets","6","5","shape|balance|weightMin|thicknessMm|face|frameMaterial|core|surfaceTexture|sweetSpot|feel|playerLevel","","yes","3","2","1",""
"nox-at10-genius-12k-alum-xtrem-2026","cat-padel-rackets","6","5","shape|balance|weightMin|thicknessMm|face|frameMaterial|core|surfaceTexture|sweetSpot|feel|playerLevel","","yes","3","2","1",""
"adidas-metalbone-3-3","cat-padel-rackets","1","0","shape|balance|weightMin|thicknessMm|face|frameMaterial|core|surfaceTexture|sweetSpot|feel|playerLevel","","yes","2","2","1",""
"head-extreme-motion","cat-padel-rackets","1","0","shape|balance|weightMin|thicknessMm|face|frameMaterial|core|surfaceTexture|sweetSpot|feel|playerLevel","","yes","2","2","1",""
"tecnifibre-wall-breaker-365","cat-padel-rackets","1","0","shape|balance|weightMin|thicknessMm|face|frameMaterial|core|surfaceTexture|sweetSpot|feel|playerLevel","","yes","2","2","1",""
"oxdog-sense-pro","cat-padel-rackets","1","0","shape|balance|weightMin|thicknessMm|face|frameMaterial|core|surfaceTexture|sweetSpot|feel|playerLevel","","yes","2","2","1",""
"lok-maxx-flow","cat-padel-rackets","1","0","shape|balance|weightMin|thicknessMm|face|frameMaterial|core|surfaceTexture|sweetSpot|feel|playerLevel","","yes","2","2","1",""
"asics-gel-resolution-padel","cat-padel-shoes","1","0","cushioning|outsole|support|genderFit|surfaceCompatibility|courtOutsole|tractionPattern|lateralStability|courtFeel|durability|upper|weight|fit|width|closure|generation","","yes","3","1","1",""
"asics-gel-challenger-court","cat-padel-shoes","1","0","cushioning|outsole|support|genderFit|surfaceCompatibility|courtOutsole|tractionPattern|lateralStability|courtFeel|durability|upper|weight|fit|width|closure|generation","","yes","3","1","1",""
"babolat-jet-premura","cat-padel-shoes","1","0","cushioning|outsole|support|genderFit|surfaceCompatibility|courtOutsole|tractionPattern|lateralStability|courtFeel|durability|upper|weight|fit|width|closure|generation","","yes","3","1","1",""
"joma-t-slam","cat-padel-shoes","1","0","cushioning|outsole|support|genderFit|surfaceCompatibility|courtOutsole|tractionPattern|lateralStability|courtFeel|durability|upper|weight|fit|width|closure|generation","","yes","3","1","1",""
"head-revolt-pro-court","cat-padel-shoes","1","0","cushioning|outsole|support|genderFit|surfaceCompatibility|courtOutsole|tractionPattern|lateralStability|courtFeel|durability|upper|weight|fit|width|closure|generation","","yes","3","1","1",""
"adidas-crazyquick-boost-padel","cat-padel-shoes","1","0","genderFit|cushioning|support|outsole|surfaceCompatibility|courtOutsole|tractionPattern|lateralStability|courtFeel|durability|upper|weight|fit|width|closure|generation","","yes","3","1","1",""
"adidas-courtquick-padel-women","cat-padel-shoes","1","0","genderFit|cushioning|support|outsole|surfaceCompatibility|courtOutsole|tractionPattern|lateralStability|courtFeel|durability|upper|weight|fit|width|closure|generation","","yes","3","1","1",""
"adidas-crazyquick-boost-padel-women","cat-padel-shoes","1","0","genderFit|cushioning|support|outsole|surfaceCompatibility|courtOutsole|tractionPattern|lateralStability|courtFeel|durability|upper|weight|fit|width|closure|generation","","yes","3","1","1",""
"asics-gel-dedicate-8-padel","cat-padel-shoes","1","0","genderFit|cushioning|support|outsole|surfaceCompatibility|courtOutsole|tractionPattern|lateralStability|courtFeel|durability|upper|weight|fit|width|closure|generation","","yes","3","1","1",""
"asics-game-ff-padel","cat-padel-shoes","1","0","genderFit|cushioning|support|outsole|surfaceCompatibility|courtOutsole|tractionPattern|lateralStability|courtFeel|durability|upper|weight|fit|width|closure|generation","","yes","3","1","1",""
"asics-solution-swift-ff2-padel","cat-padel-shoes","1","0","genderFit|cushioning|support|outsole|surfaceCompatibility|courtOutsole|tractionPattern|lateralStability|courtFeel|durability|upper|weight|fit|width|closure|generation","","yes","3","1","1",""
"bullpadel-hybrid-fly","cat-padel-shoes","1","0","genderFit|cushioning|support|outsole|surfaceCompatibility|courtOutsole|tractionPattern|lateralStability|courtFeel|durability|upper|weight|fit|width|closure|generation","","yes","3","1","1",""
"bullpadel-ionic-woman","cat-padel-shoes","1","0","genderFit|cushioning|support|outsole|surfaceCompatibility|courtOutsole|tractionPattern|lateralStability|courtFeel|durability|upper|weight|fit|width|closure|generation","","yes","3","1","1",""
"nox-at10-lux","cat-padel-shoes","1","0","genderFit|cushioning|support|outsole|surfaceCompatibility|courtOutsole|tractionPattern|lateralStability|courtFeel|durability|upper|weight|fit|width|closure|generation","","yes","3","1","1",""
"nox-ml10-hexa","cat-padel-shoes","1","0","genderFit|cushioning|support|outsole|surfaceCompatibility|courtOutsole|tractionPattern|lateralStability|courtFeel|durability|upper|weight|fit|width|closure|generation","","yes","3","1","1",""
"babolat-movea-2","cat-padel-shoes","1","0","genderFit|cushioning|support|outsole|surfaceCompatibility|courtOutsole|tractionPattern|lateralStability|courtFeel|durability|upper|weight|fit|width|closure|generation","","yes","3","1","1",""
"babolat-sensa-women","cat-padel-shoes","1","0","genderFit|cushioning|support|outsole|surfaceCompatibility|courtOutsole|tractionPattern|lateralStability|courtFeel|durability|upper|weight|fit|width|closure|generation","","yes","3","1","1",""
"joma-slam-lady","cat-padel-shoes","1","0","genderFit|cushioning|support|outsole|surfaceCompatibility|courtOutsole|tractionPattern|lateralStability|courtFeel|durability|upper|weight|fit|width|closure|generation","","yes","3","1","1",""
"joma-spin-men","cat-padel-shoes","1","0","genderFit|cushioning|support|outsole|surfaceCompatibility|courtOutsole|tractionPattern|lateralStability|courtFeel|durability|upper|weight|fit|width|closure|generation","","yes","3","1","1",""
"head-sprint-pro-4-padel","cat-padel-shoes","1","0","genderFit|cushioning|support|outsole|surfaceCompatibility|courtOutsole|tractionPattern|lateralStability|courtFeel|durability|upper|weight|fit|width|closure|generation","","yes","3","1","1",""
"wilson-rush-pro-5-padel","cat-padel-shoes","1","0","genderFit|cushioning|support|outsole|surfaceCompatibility|courtOutsole|tractionPattern|lateralStability|courtFeel|durability|upper|weight|fit|width|closure|generation","","yes","3","1","1",""
"kuikma-ps-990","cat-padel-shoes","1","0","genderFit|cushioning|support|outsole|surfaceCompatibility|courtOutsole|tractionPattern|lateralStability|courtFeel|durability|upper|weight|fit|width|closure|generation","","yes","3","1","1",""
"asics-gel-resolution-padel-women","cat-padel-shoes","1","0","genderFit|cushioning|support|outsole|surfaceCompatibility|courtOutsole|tractionPattern|lateralStability|courtFeel|durability|upper|weight|fit|width|closure|generation","","yes","3","2","1",""
"joma-spin-lady","cat-padel-shoes","1","0","genderFit|cushioning|support|outsole|surfaceCompatibility|courtOutsole|tractionPattern|lateralStability|courtFeel|durability|upper|weight|fit|width|closure|generation","","yes","3","1","1",""
"babolat-jet-premura-2","cat-padel-shoes","1","0","genderFit|cushioning|support|outsole|surfaceCompatibility|courtOutsole|tractionPattern|lateralStability|courtFeel|durability|upper|weight|fit|width|closure|generation","","yes","3","1","1",""
"nox-at10-genius-attack-18k-2026","cat-padel-rackets","1","0","shape|balance|weightMin|thicknessMm|face|frameMaterial|core|surfaceTexture|sweetSpot|feel|playerLevel","","yes","3","2","0",""
"nox-equation-soft-advanced-2026","cat-padel-rackets","1","0","shape|balance|weightMin|thicknessMm|face|frameMaterial|core|surfaceTexture|sweetSpot|feel|playerLevel","","yes","3","2","0",""
"bullpadel-vertex-05-hybrid-2026","cat-padel-rackets","6","5","shape|balance|weightMin|thicknessMm|face|frameMaterial|core|surfaceTexture|sweetSpot|feel|playerLevel","","yes","3","2","0",""
"bullpadel-vertex-05-w-2026","cat-padel-rackets","1","0","shape|balance|weightMin|thicknessMm|face|frameMaterial|core|surfaceTexture|sweetSpot|feel|playerLevel","","yes","3","2","0",""
"bullpadel-hack-04-hybrid-2026","cat-padel-rackets","1","0","shape|balance|weightMin|thicknessMm|face|frameMaterial|core|surfaceTexture|sweetSpot|feel|playerLevel","","yes","3","2","0",""
"bullpadel-hack-04-comfort-2026","cat-padel-rackets","1","0","shape|balance|weightMin|thicknessMm|face|frameMaterial|core|surfaceTexture|sweetSpot|feel|playerLevel","","yes","3","2","0",""
"bullpadel-neuron-02-2026","cat-padel-rackets","1","0","shape|balance|weightMin|thicknessMm|face|frameMaterial|core|surfaceTexture|sweetSpot|feel|playerLevel","","yes","3","2","0",""
"bullpadel-neuron-02-edge-2026","cat-padel-rackets","1","0","shape|balance|weightMin|thicknessMm|face|frameMaterial|core|surfaceTexture|sweetSpot|feel|playerLevel","","yes","3","2","0",""
"bullpadel-xplo-2026","cat-padel-rackets","1","0","shape|balance|weightMin|thicknessMm|face|frameMaterial|core|surfaceTexture|sweetSpot|feel|playerLevel","","yes","3","2","0",""
"bullpadel-xplo-comfort-2026","cat-padel-rackets","1","0","shape|balance|weightMin|thicknessMm|face|frameMaterial|core|surfaceTexture|sweetSpot|feel|playerLevel","","yes","3","2","0",""
"bullpadel-ionic-light-2026","cat-padel-rackets","1","0","shape|balance|weightMin|thicknessMm|face|frameMaterial|core|surfaceTexture|sweetSpot|feel|playerLevel","","yes","3","2","0",""
"bullpadel-indiga-ctr-2026","cat-padel-rackets","1","0","shape|balance|weightMin|thicknessMm|face|frameMaterial|core|surfaceTexture|sweetSpot|feel|playerLevel","","yes","3","2","0",""
"bullpadel-vertex-advance-2026","cat-padel-rackets","1","0","shape|balance|weightMin|thicknessMm|face|frameMaterial|core|surfaceTexture|sweetSpot|feel|playerLevel","","yes","3","2","0",""
"adidas-metalbone-3-5-2026","cat-padel-rackets","1","0","shape|balance|weightMin|thicknessMm|face|frameMaterial|core|surfaceTexture|sweetSpot|feel|playerLevel","","yes","3","2","0",""
"adidas-metalbone-ctrl-2026","cat-padel-rackets","1","0","shape|balance|weightMin|thicknessMm|face|frameMaterial|core|surfaceTexture|sweetSpot|feel|playerLevel","","yes","3","2","0",""
"adidas-metalbone-team-light-2026","cat-padel-rackets","1","0","shape|balance|weightMin|thicknessMm|face|frameMaterial|core|surfaceTexture|sweetSpot|feel|playerLevel","","yes","3","2","0",""
"adidas-cross-it-light-2026","cat-padel-rackets","1","0","shape|balance|weightMin|thicknessMm|face|frameMaterial|core|surfaceTexture|sweetSpot|feel|playerLevel","","yes","3","2","0",""
"adidas-cross-it-ctrl-2026","cat-padel-rackets","1","0","shape|balance|weightMin|thicknessMm|face|frameMaterial|core|surfaceTexture|sweetSpot|feel|playerLevel","","yes","3","2","0",""
"adidas-arrow-hit-ctrl-2026","cat-padel-rackets","1","0","shape|balance|weightMin|thicknessMm|face|frameMaterial|core|surfaceTexture|sweetSpot|feel|playerLevel","","yes","3","2","0",""
"adidas-arrow-hit-2026","cat-padel-rackets","1","0","shape|balance|weightMin|thicknessMm|face|frameMaterial|core|surfaceTexture|sweetSpot|feel|playerLevel","","yes","2","2","0",""
"adidas-match-light-2026","cat-padel-rackets","1","0","shape|balance|weightMin|thicknessMm|face|frameMaterial|core|surfaceTexture|sweetSpot|feel|playerLevel","","yes","3","2","0",""
"head-coello-motion-2026","cat-padel-rackets","5","4","shape|balance|weightMin|thicknessMm|face|frameMaterial|core|surfaceTexture|sweetSpot|feel|playerLevel","","yes","2","2","0",""
"head-coello-team-2026","cat-padel-rackets","1","0","shape|balance|weightMin|thicknessMm|face|frameMaterial|core|surfaceTexture|sweetSpot|feel|playerLevel","","yes","3","2","0",""
"head-gravity-pro","cat-padel-rackets","1","0","shape|balance|weightMin|thicknessMm|face|frameMaterial|core|surfaceTexture|sweetSpot|feel|playerLevel","","yes","2","2","0",""
"head-gravity-motion","cat-padel-rackets","1","0","shape|balance|weightMin|thicknessMm|face|frameMaterial|core|surfaceTexture|sweetSpot|feel|playerLevel","","yes","2","2","0",""
"head-speed-pro","cat-padel-rackets","1","0","shape|balance|weightMin|thicknessMm|face|frameMaterial|core|surfaceTexture|sweetSpot|feel|playerLevel","","yes","2","2","0",""
"head-one-ultralight","cat-padel-rackets","1","0","shape|balance|weightMin|thicknessMm|face|frameMaterial|core|surfaceTexture|sweetSpot|feel|playerLevel","","yes","2","2","0",""
"babolat-air-viper-2-6","cat-padel-rackets","1","0","shape|balance|weightMin|thicknessMm|face|frameMaterial|core|surfaceTexture|sweetSpot|feel|playerLevel","","yes","2","2","0",""
"babolat-air-veron-2-6","cat-padel-rackets","1","0","shape|balance|weightMin|thicknessMm|face|frameMaterial|core|surfaceTexture|sweetSpot|feel|playerLevel","","yes","2","2","0",""
"siux-electra-pro-2026","cat-padel-rackets","1","0","shape|balance|weightMin|thicknessMm|face|frameMaterial|core|surfaceTexture|sweetSpot|feel|playerLevel","","yes","2","2","0",""
"siux-fenix-pro-2026","cat-padel-rackets","1","0","shape|balance|weightMin|thicknessMm|face|frameMaterial|core|surfaceTexture|sweetSpot|feel|playerLevel","","yes","2","2","0",""
"starvie-astrum-plus-2026","cat-padel-rackets","1","0","shape|balance|weightMin|thicknessMm|face|frameMaterial|core|surfaceTexture|sweetSpot|feel|playerLevel","","yes","2","2","0",""
"kuikma-pr-hybrid-carbon","cat-padel-rackets","1","0","shape|balance|weightMin|thicknessMm|face|frameMaterial|core|surfaceTexture|sweetSpot|feel|playerLevel","","yes","2","2","0",""
"kuikma-pr-comfort-soft","cat-padel-rackets","1","0","shape|balance|weightMin|thicknessMm|face|frameMaterial|core|surfaceTexture|sweetSpot|feel|playerLevel","","yes","2","2","0",""
"head-padel-pro-plus","cat-padel-balls","1","0","ballType|use|speed|pressurization|durability|packSize|ballsPerCan|cansPerBox|officialApproval|coreMaterial|feltMaterial|intendedConditions|freshnessStatus|diameter|weight|bounceSpec|manufacturerPositioning|generation","","yes","3","1","1",""
"head-padel-team","cat-padel-balls","1","0","ballType|use|speed|pressurization|durability|packSize|ballsPerCan|intendedConditions|freshnessStatus|feltMaterial|coreMaterial|diameter|weight|bounceSpec|officialApproval|cansPerBox|manufacturerPositioning|generation","","yes","3","1","0",""
"head-padel-one","cat-padel-balls","1","0","ballType|use|speed|pressurization|durability|packSize|ballsPerCan|freshnessStatus|feltMaterial|coreMaterial|diameter|weight|bounceSpec|officialApproval|cansPerBox|intendedConditions|manufacturerPositioning|generation","","yes","2","1","0",""
"kuikma-pb-speed","cat-padel-balls","1","0","ballType|use|speed|pressurization|durability|packSize|ballsPerCan|officialApproval|intendedConditions|freshnessStatus|feltMaterial|coreMaterial|diameter|weight|bounceSpec|cansPerBox|manufacturerPositioning|generation","","yes","3","1","0",""
"kuikma-pb-control","cat-padel-balls","1","0","ballType|use|speed|pressurization|durability|packSize|ballsPerCan|officialApproval|intendedConditions|freshnessStatus|feltMaterial|coreMaterial|diameter|weight|bounceSpec|cansPerBox|manufacturerPositioning|generation","","yes","3","1","0",""
"kuikma-pb-club","cat-padel-balls","1","0","ballType|use|speed|pressurization|durability|packSize|ballsPerCan|freshnessStatus|feltMaterial|coreMaterial|diameter|weight|bounceSpec|officialApproval|cansPerBox|intendedConditions|manufacturerPositioning|generation","","yes","3","1","0",""
"wilson-padel-premier","cat-padel-balls","1","0","ballType|use|speed|pressurization|durability|packSize|ballsPerCan|cansPerBox|intendedConditions|freshnessStatus|feltMaterial|coreMaterial|diameter|weight|bounceSpec|officialApproval|manufacturerPositioning|generation","","yes","2","1","1",""
"wilson-padel-premier-speed","cat-padel-balls","1","0","ballType|use|speed|pressurization|durability|packSize|ballsPerCan|cansPerBox|officialApproval|feltMaterial|intendedConditions|freshnessStatus|coreMaterial|diameter|weight|bounceSpec|manufacturerPositioning|generation","","yes","2","1","1",""
"bullpadel-premium-pro","cat-padel-balls","1","0","ballType|use|speed|pressurization|durability|packSize|ballsPerCan|freshnessStatus|feltMaterial|coreMaterial|diameter|weight|bounceSpec|officialApproval|cansPerBox|intendedConditions|manufacturerPositioning|generation","","yes","2","1","1",""
"adidas-speed-rx-padel-balls","cat-padel-balls","1","0","ballType|use|speed|pressurization|durability|packSize|ballsPerCan|cansPerBox|freshnessStatus|feltMaterial|coreMaterial|diameter|weight|bounceSpec|officialApproval|intendedConditions|manufacturerPositioning|generation","","yes","2","1","1",""
"babolat-court-padel-balls","cat-padel-balls","1","0","ballType|use|speed|pressurization|durability|packSize|ballsPerCan|freshnessStatus|feltMaterial|coreMaterial|diameter|weight|bounceSpec|officialApproval|cansPerBox|intendedConditions|manufacturerPositioning|generation","","yes","2","1","1",""
"dunlop-pro-padel","cat-padel-balls","1","0","ballType|use|speed|pressurization|durability|packSize|ballsPerCan|officialApproval|freshnessStatus|feltMaterial|coreMaterial|diameter|weight|bounceSpec|cansPerBox|intendedConditions|manufacturerPositioning|generation","","yes","3","1","1",""
"tecnifibre-padel-team-balls","cat-padel-balls","1","0","ballType|use|speed|pressurization|durability|packSize|ballsPerCan|cansPerBox|freshnessStatus|feltMaterial|coreMaterial|diameter|weight|bounceSpec|officialApproval|intendedConditions|manufacturerPositioning|generation","","yes","2","1","1",""
"nox-at10-team-paletero","cat-padel-bags","1","0","form|capacity|racketCompartments|shoeCompartment|thermalProtection|dimensions|carryStyle|racketCapacity|volume|thermalRacketCompartment|wetCompartment|accessoryPockets|laptopCompartment|bottleStorage|carrySystem|backpackStraps|materials|waterResistance|weight|collection","","yes","3","1","0",""
"babolat-rh-pro-padel","cat-padel-bags","1","0","form|capacity|racketCompartments|shoeCompartment|thermalProtection|dimensions|carryStyle|racketCapacity|volume|thermalRacketCompartment|wetCompartment|accessoryPockets|laptopCompartment|bottleStorage|carrySystem|backpackStraps|materials|waterResistance|weight|collection","","yes","3","1","0",""
"bullpadel-vertex-geo-backpack","cat-padel-bags","1","0","form|capacity|racketCompartments|shoeCompartment|thermalProtection|dimensions|carryStyle|racketCapacity|volume|thermalRacketCompartment|wetCompartment|accessoryPockets|laptopCompartment|bottleStorage|carrySystem|backpackStraps|materials|waterResistance|weight|collection","","yes","2","1","1",""
"tecnifibre-tour-endurance-padel-backpack","cat-padel-bags","1","0","form|capacity|racketCompartments|shoeCompartment|thermalProtection|carryStyle|racketCapacity|volume|dimensions|thermalRacketCompartment|wetCompartment|accessoryPockets|laptopCompartment|bottleStorage|carrySystem|backpackStraps|materials|waterResistance|weight|collection","","yes","3","1","1",""
"babolat-court-backpack","cat-padel-bags","1","0","form|capacity|racketCompartments|shoeCompartment|thermalProtection|dimensions|carryStyle|racketCapacity|volume|thermalRacketCompartment|wetCompartment|accessoryPockets|laptopCompartment|bottleStorage|carrySystem|backpackStraps|materials|waterResistance|weight|collection","","yes","2","1","0",""
"adidas-protour-padel-bag","cat-padel-bags","1","0","form|capacity|racketCompartments|shoeCompartment|thermalProtection|carryStyle|racketCapacity|volume|dimensions|thermalRacketCompartment|wetCompartment|accessoryPockets|laptopCompartment|bottleStorage|carrySystem|backpackStraps|materials|waterResistance|weight|collection","","yes","2","1","1",""
"head-tour-team-padel-bag","cat-padel-bags","1","0","form|capacity|racketCompartments|shoeCompartment|thermalProtection|carryStyle|racketCapacity|volume|dimensions|thermalRacketCompartment|wetCompartment|accessoryPockets|laptopCompartment|bottleStorage|carrySystem|backpackStraps|materials|waterResistance|weight|collection","","yes","3","1","0",""
"head-elite-padel-backpack","cat-padel-bags","1","0","form|capacity|racketCompartments|shoeCompartment|thermalProtection|dimensions|carryStyle|racketCapacity|volume|thermalRacketCompartment|wetCompartment|accessoryPockets|laptopCompartment|bottleStorage|carrySystem|backpackStraps|materials|waterResistance|weight|collection","","yes","2","1","0",""
"wilson-super-tour-padel-bag","cat-padel-bags","1","0","form|capacity|racketCompartments|shoeCompartment|thermalProtection|carryStyle|racketCapacity|volume|dimensions|thermalRacketCompartment|wetCompartment|accessoryPockets|laptopCompartment|bottleStorage|carrySystem|backpackStraps|materials|waterResistance|weight|collection","","yes","2","1","1",""
"nox-at10-xxl-padel-bag","cat-padel-bags","1","0","form|capacity|racketCompartments|shoeCompartment|thermalProtection|dimensions|carryStyle|racketCapacity|volume|thermalRacketCompartment|wetCompartment|accessoryPockets|laptopCompartment|bottleStorage|carrySystem|backpackStraps|materials|waterResistance|weight|collection","","yes","3","1","1",""
"bullpadel-hac-overgrip","cat-padel-grips","1","0","gripType|thickness|tack|absorption|feel|packQuantity|perforated|material|length|width|weight|texture|colors|installationMethod|compatibility|handleThicknessEffect|claimedBenefits","","yes","2","1","0",""
"nox-pro-overgrip","cat-padel-grips","1","0","gripType|thickness|tack|absorption|feel|packQuantity|perforated|material|length|width|weight|texture|colors|installationMethod|compatibility|handleThicknessEffect|claimedBenefits","","yes","2","1","1",""
"head-xtreme-soft-overgrip","cat-padel-grips","1","0","gripType|thickness|tack|absorption|feel|packQuantity|perforated|material|length|width|weight|texture|colors|installationMethod|compatibility|handleThicknessEffect|claimedBenefits","","yes","2","1","1",""
"babolat-pro-response-overgrip","cat-padel-grips","1","0","gripType|thickness|tack|absorption|feel|packQuantity|perforated|material|length|width|weight|texture|colors|installationMethod|compatibility|handleThicknessEffect|claimedBenefits","","yes","2","1","0",""
"kuikma-padel-overgrip","cat-padel-grips","1","0","gripType|thickness|tack|absorption|feel|packQuantity|perforated|material|length|width|weight|texture|colors|installationMethod|compatibility|handleThicknessEffect|claimedBenefits","","yes","2","1","0",""
"babolat-syntec-pro-replacement-grip","cat-padel-grips","1","0","gripType|thickness|tack|absorption|feel|packQuantity|perforated|material|length|width|weight|texture|colors|installationMethod|compatibility|handleThicknessEffect|claimedBenefits","","yes","2","1","0",""
"hesacore-padel-grip","cat-padel-grips","1","0","gripType|thickness|tack|absorption|feel|packQuantity|installationMethod|handleThicknessEffect|claimedBenefits|perforated|material|length|width|weight|texture|colors|compatibility","","yes","2","1","1",""
"adidas-padel-overgrip","cat-padel-grips","1","0","gripType|thickness|tack|absorption|feel|packQuantity|perforated|material|length|width|weight|texture|colors|installationMethod|compatibility|handleThicknessEffect|claimedBenefits","","yes","3","1","0",""
"bullpadel-frame-protector-3-pack","cat-padel-accessories","1","0","type|material|packQuantity|transparentOrColored|materials|weightGrams|compatibility|generation","","yes","2","1","1",""
"nox-transparent-frame-protector","cat-padel-accessories","1","0","type|material|packQuantity|transparentOrColored|materials|weightGrams|compatibility|generation","","yes","2","1","1",""
"bullpadel-pascal-box-3b","cat-padel-accessories","1","0","type|capacityBalls|pressureSystem|manualOrElectric|packQuantity|pressureRange|powerSource|compatibility|weightGrams|materials|generation","","yes","3","1","1",""
"head-x3-ball-pressurizer","cat-padel-accessories","1","0","type|capacityBalls|pressureSystem|manualOrElectric|packQuantity|pressureRange|powerSource|compatibility|weightGrams|materials|generation","","yes","2","1","0",""
"bullpadel-protector-custom-weight","cat-padel-accessories","1","0","type|packQuantity|material|weightGrams|compatibility|materials|generation","","yes","2","1","1",""
"4on-totalgrip","cat-padel-accessories","1","0","type|generation|compatibility|weightGrams|materials","","yes","2","2","0",""
"ball-rescuer-ball-rescuer","cat-padel-accessories","1","0","type|generation|manualOrElectric|capacityBalls|pressureSystem|pressureRange|powerSource|compatibility|weightGrams|materials","","yes","2","2","0",""
"black-crown-black-crown-wristband","cat-padel-accessories","1","0","type|generation|compatibility|weightGrams|materials","","yes","2","2","0",""
"bullpadel-custom-weight-grip","cat-padel-accessories","1","0","type|generation|weightGrams|compatibility|materials","","yes","2","2","0",""
"bullpadel-frame-protector-uni","cat-padel-accessories","1","0","type|generation|transparentOrColored|materials|weightGrams|compatibility","","yes","2","2","0",""
"enebe-enebe-protector-line","cat-padel-accessories","1","0","type|generation|transparentOrColored|materials|weightGrams|compatibility","","yes","2","2","0",""
"head-antishock-skin","cat-padel-accessories","1","0","type|generation|transparentOrColored|materials|weightGrams|compatibility","","yes","2","2","0",""
"head-x3-pump","cat-padel-accessories","1","0","type|generation|manualOrElectric|capacityBalls|pressureSystem|pressureRange|powerSource|compatibility|weightGrams|materials","","yes","2","2","0",""
"nox-weight-balancer-2-4g","cat-padel-accessories","1","0","type|generation|weightGrams|compatibility|materials","","yes","2","2","0",""
"shockout-gravity","cat-padel-accessories","1","0","type|generation|weightGrams|compatibility|materials","","yes","2","2","0",""
"softee-softee-protector","cat-padel-accessories","1","0","type|generation|transparentOrColored|materials|weightGrams|compatibility","","yes","2","2","0",""
"starvie-transparent-protector-2026","cat-padel-accessories","1","0","type|transparentOrColored|materials|weightGrams|compatibility|generation","","yes","2","2","0",""
"vibora-vibor-a-transparent","cat-padel-accessories","1","0","type|generation|transparentOrColored|materials|weightGrams|compatibility","","yes","2","2","0",""
"adidas-control-2026","cat-padel-bags","1","0","form|generation|carryStyle|racketCapacity|capacity|volume|dimensions|thermalProtection|thermalRacketCompartment|shoeCompartment|wetCompartment|accessoryPockets|laptopCompartment|bottleStorage|carrySystem|backpackStraps|materials|waterResistance|weight|collection|racketCompartments","","yes","3","2","0",""
"adidas-protour-backpack-2026","cat-padel-bags","1","0","form|generation|carryStyle|racketCapacity|capacity|volume|dimensions|thermalProtection|thermalRacketCompartment|shoeCompartment|wetCompartment|accessoryPockets|laptopCompartment|bottleStorage|carrySystem|backpackStraps|materials|waterResistance|weight|collection|racketCompartments","","yes","3","2","0",""
"adidas-tour","cat-padel-bags","1","0","form|generation|carryStyle|racketCapacity|capacity|volume|dimensions|thermalProtection|thermalRacketCompartment|shoeCompartment|wetCompartment|accessoryPockets|laptopCompartment|bottleStorage|carrySystem|backpackStraps|materials|waterResistance|weight|collection|racketCompartments","","yes","3","2","0",""
"babolat-rh-perf","cat-padel-bags","1","0","form|generation|carryStyle|racketCapacity|capacity|volume|dimensions|thermalProtection|thermalRacketCompartment|shoeCompartment|wetCompartment|accessoryPockets|laptopCompartment|bottleStorage|carrySystem|backpackStraps|materials|waterResistance|weight|collection|racketCompartments","","yes","3","2","0",""
"black-crown-spartan","cat-padel-bags","1","0","form|generation|carryStyle|racketCapacity|capacity|volume|dimensions|thermalProtection|thermalRacketCompartment|shoeCompartment|wetCompartment|accessoryPockets|laptopCompartment|bottleStorage|carrySystem|backpackStraps|materials|waterResistance|weight|collection|racketCompartments","","yes","3","2","1",""
"black-crown-thunder","cat-padel-bags","1","0","form|generation|carryStyle|racketCapacity|capacity|volume|dimensions|thermalProtection|thermalRacketCompartment|shoeCompartment|wetCompartment|accessoryPockets|laptopCompartment|bottleStorage|carrySystem|backpackStraps|materials|waterResistance|weight|collection|racketCompartments","","yes","3","2","0",""
"black-crown-ultimate-pro-2-0","cat-padel-bags","1","0","form|generation|carryStyle|racketCapacity|capacity|volume|dimensions|thermalProtection|thermalRacketCompartment|shoeCompartment|wetCompartment|accessoryPockets|laptopCompartment|bottleStorage|carrySystem|backpackStraps|materials|waterResistance|weight|collection|racketCompartments","","yes","3","2","0",""
"bullpadel-casual-bpp26016","cat-padel-bags","1","0","form|generation|carryStyle|racketCapacity|capacity|volume|dimensions|thermalProtection|thermalRacketCompartment|shoeCompartment|wetCompartment|accessoryPockets|laptopCompartment|bottleStorage|carrySystem|backpackStraps|materials|waterResistance|weight|collection|racketCompartments","","yes","3","2","0",""
"bullpadel-elite-bpp26019","cat-padel-bags","1","0","form|generation|carryStyle|racketCapacity|capacity|volume|dimensions|thermalProtection|thermalRacketCompartment|shoeCompartment|wetCompartment|accessoryPockets|laptopCompartment|bottleStorage|carrySystem|backpackStraps|materials|waterResistance|weight|collection|racketCompartments","","yes","3","2","0",""
"bullpadel-icon-bpp26023","cat-padel-bags","1","0","form|generation|carryStyle|racketCapacity|capacity|volume|dimensions|thermalProtection|thermalRacketCompartment|shoeCompartment|wetCompartment|accessoryPockets|laptopCompartment|bottleStorage|carrySystem|backpackStraps|materials|waterResistance|weight|collection|racketCompartments","","yes","3","2","0",""
"bullpadel-ionic-bpp26005","cat-padel-bags","1","0","form|generation|carryStyle|racketCapacity|capacity|volume|dimensions|thermalProtection|thermalRacketCompartment|shoeCompartment|wetCompartment|accessoryPockets|laptopCompartment|bottleStorage|carrySystem|backpackStraps|materials|waterResistance|weight|collection|racketCompartments","","yes","3","2","0",""
"bullpadel-neuron-bpm26020","cat-padel-bags","1","0","form|generation|carryStyle|racketCapacity|capacity|volume|dimensions|thermalProtection|thermalRacketCompartment|shoeCompartment|wetCompartment|accessoryPockets|laptopCompartment|bottleStorage|carrySystem|backpackStraps|materials|waterResistance|weight|collection|racketCompartments","","yes","3","2","0",""
"bullpadel-pearl-bpm27017","cat-padel-bags","1","0","form|generation|carryStyle|racketCapacity|capacity|volume|dimensions|thermalProtection|thermalRacketCompartment|shoeCompartment|wetCompartment|accessoryPockets|laptopCompartment|bottleStorage|carrySystem|backpackStraps|materials|waterResistance|weight|collection|racketCompartments","","yes","3","2","0",""
"bullpadel-tour-bpp26015","cat-padel-bags","1","0","form|generation|carryStyle|racketCapacity|capacity|volume|dimensions|thermalProtection|thermalRacketCompartment|shoeCompartment|wetCompartment|accessoryPockets|laptopCompartment|bottleStorage|carrySystem|backpackStraps|materials|waterResistance|weight|collection|racketCompartments","","yes","3","2","0",""
"bullpadel-wonder-bpp26024","cat-padel-bags","1","0","form|generation|carryStyle|racketCapacity|capacity|volume|dimensions|thermalProtection|thermalRacketCompartment|shoeCompartment|wetCompartment|accessoryPockets|laptopCompartment|bottleStorage|carrySystem|backpackStraps|materials|waterResistance|weight|collection|racketCompartments","","yes","3","2","0",""
"bullpadel-xplo-bpp26022","cat-padel-bags","1","0","form|generation|carryStyle|racketCapacity|capacity|volume|dimensions|thermalProtection|thermalRacketCompartment|shoeCompartment|wetCompartment|accessoryPockets|laptopCompartment|bottleStorage|carrySystem|backpackStraps|materials|waterResistance|weight|collection|racketCompartments","","yes","3","2","0",""
"bullpadel-bpm26002-hack","cat-padel-bags","1","0","form|generation|carryStyle|racketCapacity|capacity|volume|dimensions|thermalProtection|thermalRacketCompartment|shoeCompartment|wetCompartment|accessoryPockets|laptopCompartment|bottleStorage|carrySystem|backpackStraps|materials|waterResistance|weight|collection|racketCompartments","","yes","3","2","1",""
"bullpadel-bpm26007-bpm26008-vertex","cat-padel-bags","1","0","form|generation|carryStyle|racketCapacity|capacity|volume|dimensions|thermalProtection|thermalRacketCompartment|shoeCompartment|wetCompartment|accessoryPockets|laptopCompartment|bottleStorage|carrySystem|backpackStraps|materials|waterResistance|weight|collection|racketCompartments","","yes","3","2","1",""
"bullpadel-bpp26001-vertex","cat-padel-bags","1","0","form|generation|carryStyle|racketCapacity|capacity|volume|dimensions|thermalProtection|thermalRacketCompartment|shoeCompartment|wetCompartment|accessoryPockets|laptopCompartment|bottleStorage|carrySystem|backpackStraps|materials|waterResistance|weight|collection|racketCompartments","","yes","3","2","0",""
"bullpadel-bpp26022-xplo","cat-padel-bags","1","0","form|generation|carryStyle|racketCapacity|capacity|volume|dimensions|thermalProtection|thermalRacketCompartment|shoeCompartment|wetCompartment|accessoryPockets|laptopCompartment|bottleStorage|carrySystem|backpackStraps|materials|waterResistance|weight|collection|racketCompartments","","yes","3","2","1",""
"drop-shot-blitz","cat-padel-bags","1","0","form|generation|carryStyle|racketCapacity|capacity|volume|dimensions|thermalProtection|thermalRacketCompartment|shoeCompartment|wetCompartment|accessoryPockets|laptopCompartment|bottleStorage|carrySystem|backpackStraps|materials|waterResistance|weight|collection|racketCompartments","","yes","3","2","0",""
"head-coello-pro-x-backpack","cat-padel-bags","1","0","form|generation|carryStyle|racketCapacity|capacity|volume|dimensions|thermalProtection|thermalRacketCompartment|shoeCompartment|wetCompartment|accessoryPockets|laptopCompartment|bottleStorage|carrySystem|backpackStraps|materials|waterResistance|weight|collection|racketCompartments","","yes","3","2","0",""
"head-coello-pro-x-duffle-l","cat-padel-bags","1","0","form|generation|carryStyle|racketCapacity|capacity|volume|dimensions|thermalProtection|thermalRacketCompartment|shoeCompartment|wetCompartment|accessoryPockets|laptopCompartment|bottleStorage|carrySystem|backpackStraps|materials|waterResistance|weight|collection|racketCompartments","","yes","3","2","0",""
"head-coello-tour-backpack","cat-padel-bags","1","0","form|generation|carryStyle|racketCapacity|capacity|volume|dimensions|thermalProtection|thermalRacketCompartment|shoeCompartment|wetCompartment|accessoryPockets|laptopCompartment|bottleStorage|carrySystem|backpackStraps|materials|waterResistance|weight|collection|racketCompartments","","yes","3","2","0",""
"head-coello-tour-bag","cat-padel-bags","1","0","form|generation|carryStyle|racketCapacity|capacity|volume|dimensions|thermalProtection|thermalRacketCompartment|shoeCompartment|wetCompartment|accessoryPockets|laptopCompartment|bottleStorage|carrySystem|backpackStraps|materials|waterResistance|weight|collection|racketCompartments","","yes","3","2","0",""
"head-tour-backpack-25l","cat-padel-bags","1","0","form|generation|carryStyle|racketCapacity|capacity|volume|dimensions|thermalProtection|thermalRacketCompartment|shoeCompartment|wetCompartment|accessoryPockets|laptopCompartment|bottleStorage|carrySystem|backpackStraps|materials|waterResistance|weight|collection|racketCompartments","","yes","3","2","0",""
"head-pro-x-bag-l","cat-padel-bags","1","0","form|generation|carryStyle|racketCapacity|capacity|volume|dimensions|thermalProtection|thermalRacketCompartment|shoeCompartment|wetCompartment|accessoryPockets|laptopCompartment|bottleStorage|carrySystem|backpackStraps|materials|waterResistance|weight|collection|racketCompartments","","yes","3","2","0",""
"kuikma-pl-900-elite","cat-padel-bags","1","0","form|generation|carryStyle|racketCapacity|capacity|volume|dimensions|thermalProtection|thermalRacketCompartment|shoeCompartment|wetCompartment|accessoryPockets|laptopCompartment|bottleStorage|carrySystem|backpackStraps|materials|waterResistance|weight|collection|racketCompartments","","yes","3","2","0",""
"lok-aventure-gen-2","cat-padel-bags","1","0","form|generation|carryStyle|racketCapacity|capacity|volume|dimensions|thermalProtection|thermalRacketCompartment|shoeCompartment|wetCompartment|accessoryPockets|laptopCompartment|bottleStorage|carrySystem|backpackStraps|materials|waterResistance|weight|collection|racketCompartments","","yes","3","2","0",""
"lok-maxx-gen-2-paletero","cat-padel-bags","1","0","form|generation|carryStyle|racketCapacity|capacity|volume|dimensions|thermalProtection|thermalRacketCompartment|shoeCompartment|wetCompartment|accessoryPockets|laptopCompartment|bottleStorage|carrySystem|backpackStraps|materials|waterResistance|weight|collection|racketCompartments","","yes","3","2","0",""
"nox-at10-competition-trolley","cat-padel-bags","1","0","form|generation|carryStyle|racketCapacity|capacity|volume|dimensions|thermalProtection|thermalRacketCompartment|shoeCompartment|wetCompartment|accessoryPockets|laptopCompartment|bottleStorage|carrySystem|backpackStraps|materials|waterResistance|weight|collection|racketCompartments","","yes","3","2","0",""
"nox-at10-team","cat-padel-bags","1","0","form|generation|carryStyle|racketCapacity|capacity|volume|dimensions|thermalProtection|thermalRacketCompartment|shoeCompartment|wetCompartment|accessoryPockets|laptopCompartment|bottleStorage|carrySystem|backpackStraps|materials|waterResistance|weight|collection|racketCompartments","","yes","3","2","0",""
"nox-luxury-master-backpack","cat-padel-bags","1","0","form|generation|carryStyle|racketCapacity|capacity|volume|dimensions|thermalProtection|thermalRacketCompartment|shoeCompartment|wetCompartment|accessoryPockets|laptopCompartment|bottleStorage|carrySystem|backpackStraps|materials|waterResistance|weight|collection|racketCompartments","","yes","3","2","0",""
"nox-luxury-master-series","cat-padel-bags","1","0","form|generation|carryStyle|racketCapacity|capacity|volume|dimensions|thermalProtection|thermalRacketCompartment|shoeCompartment|wetCompartment|accessoryPockets|laptopCompartment|bottleStorage|carrySystem|backpackStraps|materials|waterResistance|weight|collection|racketCompartments","","yes","3","2","1",""
"nox-luxury-open-backpack","cat-padel-bags","1","0","form|generation|carryStyle|racketCapacity|capacity|volume|dimensions|thermalProtection|thermalRacketCompartment|shoeCompartment|wetCompartment|accessoryPockets|laptopCompartment|bottleStorage|carrySystem|backpackStraps|materials|waterResistance|weight|collection|racketCompartments","","yes","3","2","0",""
"nox-luxury-open-series","cat-padel-bags","1","0","form|generation|carryStyle|racketCapacity|capacity|volume|dimensions|thermalProtection|thermalRacketCompartment|shoeCompartment|wetCompartment|accessoryPockets|laptopCompartment|bottleStorage|carrySystem|backpackStraps|materials|waterResistance|weight|collection|racketCompartments","","yes","3","2","1",""
"nox-pro-series-backpack","cat-padel-bags","1","0","form|generation|carryStyle|racketCapacity|capacity|volume|dimensions|thermalProtection|thermalRacketCompartment|shoeCompartment|wetCompartment|accessoryPockets|laptopCompartment|bottleStorage|carrySystem|backpackStraps|materials|waterResistance|weight|collection|racketCompartments","","yes","3","2","0",""
"oxdog-hyper-tour-thermo-backpack","cat-padel-bags","1","0","form|generation|carryStyle|racketCapacity|capacity|volume|dimensions|thermalProtection|thermalRacketCompartment|shoeCompartment|wetCompartment|accessoryPockets|laptopCompartment|bottleStorage|carrySystem|backpackStraps|materials|waterResistance|weight|collection|racketCompartments","","yes","3","2","0",""
"royal-padel-force","cat-padel-bags","1","0","form|generation|carryStyle|racketCapacity|capacity|volume|dimensions|thermalProtection|thermalRacketCompartment|shoeCompartment|wetCompartment|accessoryPockets|laptopCompartment|bottleStorage|carrySystem|backpackStraps|materials|waterResistance|weight|collection|racketCompartments","","yes","3","2","1",""
"siux-nomad","cat-padel-bags","1","0","form|generation|carryStyle|racketCapacity|capacity|volume|dimensions|thermalProtection|thermalRacketCompartment|shoeCompartment|wetCompartment|accessoryPockets|laptopCompartment|bottleStorage|carrySystem|backpackStraps|materials|waterResistance|weight|collection|racketCompartments","","yes","3","2","1",""
"siux-electra-stupa-2026","cat-padel-bags","1","0","form|generation|carryStyle|racketCapacity|capacity|volume|dimensions|thermalProtection|thermalRacketCompartment|shoeCompartment|wetCompartment|accessoryPockets|laptopCompartment|bottleStorage|carrySystem|backpackStraps|materials|waterResistance|weight|collection|racketCompartments","","yes","3","2","0",""
"siux-tour","cat-padel-bags","1","0","form|generation|carryStyle|racketCapacity|capacity|volume|dimensions|thermalProtection|thermalRacketCompartment|shoeCompartment|wetCompartment|accessoryPockets|laptopCompartment|bottleStorage|carrySystem|backpackStraps|materials|waterResistance|weight|collection|racketCompartments","","yes","3","2","1",""
"siux-trail","cat-padel-bags","1","0","form|generation|carryStyle|racketCapacity|capacity|volume|dimensions|thermalProtection|thermalRacketCompartment|shoeCompartment|wetCompartment|accessoryPockets|laptopCompartment|bottleStorage|carrySystem|backpackStraps|materials|waterResistance|weight|collection|racketCompartments","","yes","3","2","1",""
"starvie-hard-eva","cat-padel-bags","1","0","form|generation|carryStyle|racketCapacity|capacity|volume|dimensions|thermalProtection|thermalRacketCompartment|shoeCompartment|wetCompartment|accessoryPockets|laptopCompartment|bottleStorage|carrySystem|backpackStraps|materials|waterResistance|weight|collection|racketCompartments","","yes","3","2","0",""
"starvie-hard-eva-backpack","cat-padel-bags","1","0","form|generation|carryStyle|racketCapacity|capacity|volume|dimensions|thermalProtection|thermalRacketCompartment|shoeCompartment|wetCompartment|accessoryPockets|laptopCompartment|bottleStorage|carrySystem|backpackStraps|materials|waterResistance|weight|collection|racketCompartments","","yes","3","2","0",""
"starvie-pro-master","cat-padel-bags","1","0","form|generation|carryStyle|racketCapacity|capacity|volume|dimensions|thermalProtection|thermalRacketCompartment|shoeCompartment|wetCompartment|accessoryPockets|laptopCompartment|bottleStorage|carrySystem|backpackStraps|materials|waterResistance|weight|collection|racketCompartments","","yes","3","2","1",""
"starvie-tactic-pro","cat-padel-bags","1","0","form|generation|carryStyle|racketCapacity|capacity|volume|dimensions|thermalProtection|thermalRacketCompartment|shoeCompartment|wetCompartment|accessoryPockets|laptopCompartment|bottleStorage|carrySystem|backpackStraps|materials|waterResistance|weight|collection|racketCompartments","","yes","3","2","0",""
"tecnifibre-tour-endurance-bag","cat-padel-bags","1","0","form|carryStyle|racketCapacity|capacity|volume|dimensions|thermalProtection|thermalRacketCompartment|shoeCompartment|wetCompartment|accessoryPockets|laptopCompartment|bottleStorage|carrySystem|backpackStraps|materials|waterResistance|weight|collection|racketCompartments","","yes","3","2","0",""
"varlion-summum-pro","cat-padel-bags","1","0","form|generation|carryStyle|racketCapacity|capacity|volume|dimensions|thermalProtection|thermalRacketCompartment|shoeCompartment|wetCompartment|accessoryPockets|laptopCompartment|bottleStorage|carrySystem|backpackStraps|materials|waterResistance|weight|collection|racketCompartments","","yes","3","2","0",""
"wilson-bela-super-tour-backpack","cat-padel-bags","1","0","form|generation|carryStyle|racketCapacity|capacity|volume|dimensions|thermalProtection|thermalRacketCompartment|shoeCompartment|wetCompartment|accessoryPockets|laptopCompartment|bottleStorage|carrySystem|backpackStraps|materials|waterResistance|weight|collection|racketCompartments","","yes","3","2","1",""
"wilson-super-tour-2026","cat-padel-bags","1","0","form|generation|carryStyle|racketCapacity|capacity|volume|dimensions|thermalProtection|thermalRacketCompartment|shoeCompartment|wetCompartment|accessoryPockets|laptopCompartment|bottleStorage|carrySystem|backpackStraps|materials|waterResistance|weight|collection|racketCompartments","","yes","3","2","0",""
"babolat-court","cat-padel-balls","1","0","ballType|use|speed|pressurization|packSize|ballsPerCan|freshnessStatus|generation|feltMaterial|coreMaterial|diameter|weight|bounceSpec|officialApproval|durability|cansPerBox|intendedConditions|manufacturerPositioning","","yes","3","2","0",""
"black-crown-one","cat-padel-balls","1","0","ballType|use|speed|pressurization|packSize|ballsPerCan|freshnessStatus|generation|feltMaterial|coreMaterial|diameter|weight|bounceSpec|officialApproval|durability|cansPerBox|intendedConditions|manufacturerPositioning","","yes","3","2","1",""
"black-crown-pro","cat-padel-balls","1","0","ballType|use|speed|pressurization|packSize|ballsPerCan|freshnessStatus|generation|feltMaterial|coreMaterial|diameter|weight|bounceSpec|officialApproval|durability|cansPerBox|intendedConditions|manufacturerPositioning","","yes","3","2","1",""
"bullpadel-fip-next-pro","cat-padel-balls","1","0","ballType|use|speed|pressurization|packSize|ballsPerCan|freshnessStatus|generation|feltMaterial|coreMaterial|diameter|weight|bounceSpec|officialApproval|durability|cansPerBox|intendedConditions|manufacturerPositioning","","yes","3","2","0",""
"bullpadel-next","cat-padel-balls","1","0","ballType|use|speed|pressurization|packSize|ballsPerCan|freshnessStatus|generation|feltMaterial|coreMaterial|diameter|weight|bounceSpec|officialApproval|durability|cansPerBox|intendedConditions|manufacturerPositioning","","yes","3","2","0",""
"drop-shot-speed-tech","cat-padel-balls","1","0","ballType|use|speed|pressurization|packSize|ballsPerCan|freshnessStatus|feltMaterial|coreMaterial|diameter|weight|bounceSpec|officialApproval|durability|cansPerBox|intendedConditions|manufacturerPositioning|generation","","yes","3","2","0",""
"drop-shot-tournament-tech","cat-padel-balls","1","0","ballType|use|speed|pressurization|packSize|ballsPerCan|freshnessStatus|generation|feltMaterial|coreMaterial|diameter|weight|bounceSpec|officialApproval|durability|cansPerBox|intendedConditions|manufacturerPositioning","","yes","3","2","0",""
"drop-shot-training-tech","cat-padel-balls","1","0","ballType|use|speed|pressurization|packSize|ballsPerCan|freshnessStatus|feltMaterial|coreMaterial|diameter|weight|bounceSpec|officialApproval|durability|cansPerBox|intendedConditions|manufacturerPositioning|generation","","yes","3","2","0",""
"dunlop-eco","cat-padel-balls","1","0","ballType|use|speed|pressurization|packSize|ballsPerCan|freshnessStatus|generation|feltMaterial|coreMaterial|diameter|weight|bounceSpec|officialApproval|durability|cansPerBox|intendedConditions|manufacturerPositioning","","yes","3","2","0",""
"dunlop-pro","cat-padel-balls","1","0","ballType|use|speed|pressurization|packSize|ballsPerCan|freshnessStatus|generation|feltMaterial|coreMaterial|diameter|weight|bounceSpec|officialApproval|durability|cansPerBox|intendedConditions|manufacturerPositioning","","yes","3","2","1",""
"fila-premium-pro","cat-padel-balls","1","0","ballType|use|speed|pressurization|packSize|ballsPerCan|freshnessStatus|feltMaterial|coreMaterial|diameter|weight|bounceSpec|officialApproval|durability|cansPerBox|intendedConditions|manufacturerPositioning|generation","","yes","3","2","0",""
"nox-nerbo","cat-padel-balls","1","0","ballType|use|speed|pressurization|packSize|ballsPerCan|freshnessStatus|generation|feltMaterial|coreMaterial|diameter|weight|bounceSpec|officialApproval|durability|cansPerBox|intendedConditions|manufacturerPositioning","","yes","3","2","0",""
"nox-nerbo-speed","cat-padel-balls","1","0","ballType|use|speed|pressurization|packSize|ballsPerCan|freshnessStatus|generation|feltMaterial|coreMaterial|diameter|weight|bounceSpec|officialApproval|durability|cansPerBox|intendedConditions|manufacturerPositioning","","yes","3","2","0",""
"nox-pro-titanium","cat-padel-balls","1","0","ballType|use|speed|pressurization|packSize|ballsPerCan|freshnessStatus|generation|feltMaterial|coreMaterial|diameter|weight|bounceSpec|officialApproval|durability|cansPerBox|intendedConditions|manufacturerPositioning","","yes","3","2","0",""
"osaka-pro-tour","cat-padel-balls","1","0","ballType|use|speed|pressurization|packSize|ballsPerCan|freshnessStatus|generation|feltMaterial|coreMaterial|diameter|weight|bounceSpec|officialApproval|durability|cansPerBox|intendedConditions|manufacturerPositioning","","yes","3","2","0",""
"osaka-vision","cat-padel-balls","1","0","ballType|use|speed|pressurization|packSize|ballsPerCan|freshnessStatus|generation|feltMaterial|coreMaterial|diameter|weight|bounceSpec|officialApproval|durability|cansPerBox|intendedConditions|manufacturerPositioning","","yes","3","2","0",""
"oxdog-boost","cat-padel-balls","1","0","ballType|use|speed|pressurization|packSize|ballsPerCan|freshnessStatus|generation|feltMaterial|coreMaterial|diameter|weight|bounceSpec|officialApproval|durability|cansPerBox|intendedConditions|manufacturerPositioning","","yes","3","2","1",""
"rs-champions-choice","cat-padel-balls","1","0","ballType|use|speed|pressurization|packSize|ballsPerCan|freshnessStatus|generation|feltMaterial|coreMaterial|diameter|weight|bounceSpec|officialApproval|durability|cansPerBox|intendedConditions|manufacturerPositioning","","yes","3","2","0",""
"rs-nova-x","cat-padel-balls","1","0","ballType|use|speed|pressurization|packSize|ballsPerCan|freshnessStatus|generation|feltMaterial|coreMaterial|diameter|weight|bounceSpec|officialApproval|durability|cansPerBox|intendedConditions|manufacturerPositioning","","yes","3","2","0",""
"siux-neo","cat-padel-balls","1","0","ballType|use|speed|pressurization|packSize|ballsPerCan|freshnessStatus|generation|feltMaterial|coreMaterial|diameter|weight|bounceSpec|officialApproval|durability|cansPerBox|intendedConditions|manufacturerPositioning","","yes","3","2","0",""
"siux-neo-speed-neo-s","cat-padel-balls","1","0","ballType|use|speed|pressurization|packSize|ballsPerCan|freshnessStatus|generation|feltMaterial|coreMaterial|diameter|weight|bounceSpec|officialApproval|durability|cansPerBox|intendedConditions|manufacturerPositioning","","yes","3","2","0",""
"tecnifibre-padel-tour","cat-padel-balls","1","0","ballType|use|speed|pressurization|packSize|ballsPerCan|freshnessStatus|generation|feltMaterial|coreMaterial|diameter|weight|bounceSpec|officialApproval|durability|cansPerBox|intendedConditions|manufacturerPositioning","","yes","3","2","0",""
"tretorn-serie-padel-control","cat-padel-balls","1","0","ballType|use|speed|pressurization|packSize|ballsPerCan|freshnessStatus|generation|feltMaterial|coreMaterial|diameter|weight|bounceSpec|officialApproval|durability|cansPerBox|intendedConditions|manufacturerPositioning","","yes","3","2","0",""
"tretorn-serie-padel-tour","cat-padel-balls","1","0","ballType|use|speed|pressurization|packSize|ballsPerCan|freshnessStatus|generation|feltMaterial|coreMaterial|diameter|weight|bounceSpec|officialApproval|durability|cansPerBox|intendedConditions|manufacturerPositioning","","yes","3","2","0",""
"varlion-summum-pro-s","cat-padel-balls","1","0","ballType|use|speed|pressurization|packSize|ballsPerCan|freshnessStatus|feltMaterial|coreMaterial|diameter|weight|bounceSpec|officialApproval|durability|cansPerBox|intendedConditions|manufacturerPositioning|generation","","yes","3","2","0",""
"varlion-summum-pro-w","cat-padel-balls","1","0","ballType|use|speed|pressurization|packSize|ballsPerCan|freshnessStatus|feltMaterial|coreMaterial|diameter|weight|bounceSpec|officialApproval|durability|cansPerBox|intendedConditions|manufacturerPositioning|generation","","yes","3","2","0",""
"volt-premium","cat-padel-balls","1","0","ballType|use|speed|pressurization|packSize|ballsPerCan|freshnessStatus|generation|feltMaterial|coreMaterial|diameter|weight|bounceSpec|officialApproval|durability|cansPerBox|intendedConditions|manufacturerPositioning","","yes","3","2","0",""
"wilson-premier-padel","cat-padel-balls","1","0","ballType|use|speed|pressurization|packSize|ballsPerCan|freshnessStatus|generation|feltMaterial|coreMaterial|diameter|weight|bounceSpec|officialApproval|durability|cansPerBox|intendedConditions|manufacturerPositioning","","yes","3","2","0",""
"wilson-rush-100","cat-padel-balls","1","0","ballType|use|speed|pressurization|packSize|ballsPerCan|freshnessStatus|generation|feltMaterial|coreMaterial|diameter|weight|bounceSpec|officialApproval|durability|cansPerBox|intendedConditions|manufacturerPositioning","","yes","3","2","0",""
"babolat-vs-original","cat-padel-grips","1","0","gripType|generation|thickness|tack|absorption|perforated|material|length|width|weight|texture|feel|packQuantity|colors|installationMethod|compatibility|handleThicknessEffect|claimedBenefits","","yes","3","2","0",""
"black-crown-black-crown-perforated","cat-padel-grips","1","0","gripType|generation|perforated|thickness|tack|absorption|material|length|width|weight|texture|feel|packQuantity|colors|installationMethod|compatibility|handleThicknessEffect|claimedBenefits","","yes","3","2","0",""
"bullpadel-comfort-overgrip","cat-padel-grips","1","0","gripType|thickness|tack|absorption|perforated|material|length|width|weight|texture|feel|packQuantity|colors|installationMethod|compatibility|handleThicknessEffect|claimedBenefits","","yes","3","2","0",""
"drop-shot-club","cat-padel-grips","1","0","gripType|generation|thickness|tack|absorption|perforated|material|length|width|weight|texture|feel|packQuantity|colors|installationMethod|compatibility|handleThicknessEffect|claimedBenefits","","yes","3","2","0",""
"drop-shot-super-tacky","cat-padel-grips","1","0","gripType|generation|tack|thickness|absorption|perforated|material|length|width|weight|texture|feel|packQuantity|colors|installationMethod|compatibility|handleThicknessEffect|claimedBenefits","","yes","3","2","0",""
"head-xtreme-soft-xtremesoft","cat-padel-grips","1","0","gripType|generation|thickness|tack|absorption|perforated|material|length|width|weight|texture|feel|packQuantity|colors|installationMethod|compatibility|handleThicknessEffect|claimedBenefits","","yes","3","2","1",""
"hesacore-pro-carbon","cat-padel-grips","1","0","gripType|thickness|tack|absorption|perforated|material|length|width|weight|texture|feel|packQuantity|colors|installationMethod|compatibility|handleThicknessEffect|claimedBenefits","","yes","3","2","0",""
"hesacore-tour-original","cat-padel-grips","1","0","gripType|generation|thickness|tack|absorption|perforated|material|length|width|weight|texture|feel|packQuantity|colors|installationMethod|compatibility|handleThicknessEffect|claimedBenefits","","yes","3","2","1",""
"siux-elite-overgrip","cat-padel-grips","1","0","gripType|thickness|tack|absorption|perforated|material|length|width|weight|texture|feel|packQuantity|colors|installationMethod|compatibility|handleThicknessEffect|claimedBenefits","","yes","3","2","0",""
"starvie-premier-soft","cat-padel-grips","1","0","gripType|thickness|tack|absorption|perforated|material|length|width|weight|texture|feel|packQuantity|colors|installationMethod|compatibility|handleThicknessEffect|claimedBenefits","","yes","3","2","0",""
"tecnifibre-players-pro-feel","cat-padel-grips","1","0","gripType|generation|thickness|tack|absorption|perforated|material|length|width|weight|texture|feel|packQuantity|colors|installationMethod|compatibility|handleThicknessEffect|claimedBenefits","","yes","3","2","0",""
"wilson-wilson-replacement-grip","cat-padel-grips","1","0","gripType|generation|thickness|tack|absorption|perforated|material|length|width|weight|texture|feel|packQuantity|colors|installationMethod|compatibility|handleThicknessEffect|claimedBenefits","","yes","3","2","0",""
"wilson-profile-padel","cat-padel-grips","1","0","gripType|generation|thickness|tack|absorption|perforated|material|length|width|weight|texture|feel|packQuantity|colors|installationMethod|compatibility|handleThicknessEffect|claimedBenefits","","yes","3","2","0",""
"yonex-super-grap","cat-padel-grips","1","0","gripType|generation|thickness|tack|absorption|perforated|material|length|width|weight|texture|feel|packQuantity|colors|installationMethod|compatibility|handleThicknessEffect|claimedBenefits","","yes","3","2","0",""
"adidas-accessory-pouch-2026","cat-padel-accessories","1","0","type|generation|compatibility|weightGrams|materials","","yes","2","2","0",""
"adidas-shoe-bag-ale-gal-n","cat-padel-accessories","1","0","type|generation|compatibility|weightGrams|materials","","yes","2","2","0",""
"oxdog-gold-pro","cat-padel-grips","1","0","gripType|generation|thickness|tack|absorption|perforated|material|length|width|weight|texture|feel|packQuantity|colors|installationMethod|compatibility|handleThicknessEffect|claimedBenefits","","yes","3","2","0",""
"oxdog-gold-sticky","cat-padel-grips","1","0","gripType|generation|tack|thickness|absorption|perforated|material|length|width|weight|texture|feel|packQuantity|colors|installationMethod|compatibility|handleThicknessEffect|claimedBenefits","","yes","3","2","0",""
"black-crown-plus","cat-padel-bags","1","0","form|generation|carryStyle|racketCapacity|capacity|volume|dimensions|thermalProtection|thermalRacketCompartment|shoeCompartment|wetCompartment|accessoryPockets|laptopCompartment|bottleStorage|carrySystem|backpackStraps|materials|waterResistance|weight|collection|racketCompartments","","yes","3","2","1",""
"lok-one-gen-2","cat-padel-bags","1","0","form|generation|carryStyle|racketCapacity|capacity|volume|dimensions|thermalProtection|thermalRacketCompartment|shoeCompartment|wetCompartment|accessoryPockets|laptopCompartment|bottleStorage|carrySystem|backpackStraps|materials|waterResistance|weight|collection|racketCompartments","","yes","3","2","0",""
"lok-accessory-bag-gen-2","cat-padel-bags","1","0","form|generation|carryStyle|racketCapacity|capacity|volume|dimensions|thermalProtection|thermalRacketCompartment|shoeCompartment|wetCompartment|accessoryPockets|laptopCompartment|bottleStorage|carrySystem|backpackStraps|materials|waterResistance|weight|collection|racketCompartments","","yes","3","2","0",""
"volt-volt-padelbag","cat-padel-bags","1","0","form|generation|carryStyle|racketCapacity|capacity|volume|dimensions|thermalProtection|thermalRacketCompartment|shoeCompartment|wetCompartment|accessoryPockets|laptopCompartment|bottleStorage|carrySystem|backpackStraps|materials|waterResistance|weight|collection|racketCompartments","","yes","3","2","0",""
"volt-volt-premium","cat-padel-grips","1","0","gripType|generation|thickness|tack|absorption|perforated|material|length|width|weight|texture|feel|packQuantity|colors|installationMethod|compatibility|handleThicknessEffect|claimedBenefits","","yes","3","2","0",""
"royal-padel-royal-overgrip","cat-padel-grips","1","0","gripType|generation|thickness|tack|absorption|perforated|material|length|width|weight|texture|feel|packQuantity|colors|installationMethod|compatibility|handleThicknessEffect|claimedBenefits","","yes","3","2","0",""
"4on-totalgrip-paste","cat-padel-accessories","1","0","type|generation|compatibility|weightGrams|materials","","yes","2","2","0",""
"4on-swiftgrip","cat-padel-grips","1","0","gripType|generation|thickness|tack|absorption|perforated|material|length|width|weight|texture|feel|packQuantity|colors|installationMethod|compatibility|handleThicknessEffect|claimedBenefits","","yes","3","2","0",""
"4on-pro-t1","cat-padel-balls","1","0","ballType|use|speed|pressurization|packSize|ballsPerCan|freshnessStatus|generation|feltMaterial|coreMaterial|diameter|weight|bounceSpec|officialApproval|durability|cansPerBox|intendedConditions|manufacturerPositioning","","yes","3","2","0",""
"head-prime-tour","cat-padel-grips","1","0","gripType|generation|thickness|tack|absorption|perforated|material|length|width|weight|texture|feel|packQuantity|colors|installationMethod|compatibility|handleThicknessEffect|claimedBenefits","","yes","3","2","0",""
"bullpadel-vertex-w","cat-padel-shoes","1","0","genderFit|cushioning|support|outsole|surfaceCompatibility|courtOutsole|tractionPattern|lateralStability|courtFeel|durability|upper|weight|fit|width|closure|generation","","yes","3","1","0",""
