productId,categoryId,brandId,name,lifecycleStatus,publicationStatus,completeness,requiredFilled,requiredTerminal,importantFilled,importantTerminal,optionalFilled,verifiedFieldCount,notPublishedCount,unknownCount,sourceCoveragePct,identityNotes
prod-nox-at10-18k-2026,cat-padel-rackets,brand-nox,AT10 Genius 18K Alum 2026,current,published,VERIFIED_COMPLETE,3,0,7,0,7,17,2,0,100,
prod-bullpadel-vertex-04,cat-padel-rackets,brand-bullpadel,Vertex 04,previous-generation,published,VERIFIED_COMPLETE,3,0,5,2,5,13,6,0,100,
prod-babolat-technical-viper,cat-padel-rackets,brand-babolat-padel,Technical Viper 3.0,current,published,VERIFIED_COMPLETE,3,0,7,0,6,16,3,0,100,
prod-head-coello-pro,cat-padel-rackets,brand-head-padel,Coello Pro,current,published,VERIFIED_COMPLETE,3,0,6,1,6,15,4,0,100,
prod-siux-diablo,cat-padel-rackets,brand-siux,Diablo Pro,current,published,VERIFIED_COMPLETE,3,0,6,1,6,15,4,0,100,
prod-adidas-courtstabil,cat-padel-shoes,brand-adidas-padel,Courtquick Padel,current,published,VERIFIED_COMPLETE,1,0,6,0,4,11,5,0,0,
prod-head-padel-pro-s,cat-padel-balls,brand-head-padel,Padel Pro S+,current,published,VERIFIED_COMPLETE,5,0,4,0,4,13,5,0,100,
prod-wilson-overgrip,cat-padel-grips,brand-wilson-padel,Pro Padel Overgrip,current,published,VERIFIED_COMPLETE,1,0,3,2,3,7,10,0,94,
prod-nox-bag-10,cat-padel-bags,brand-nox,Thermo Bag 10,current,draft,VERIFIED_COMPLETE,1,0,3,2,0,4,16,0,100,
prod-wilson-bela-pro,cat-padel-rackets,brand-wilson-padel,Bela Pro V3,current,published,VERIFIED_COMPLETE,3,0,6,1,6,15,4,0,100,
prod-starvie-titania-kepler,cat-padel-rackets,brand-starvie,Titania Kepler,previous-generation,published,VERIFIED_COMPLETE,3,0,5,2,4,12,7,0,100,
prod-adidas-metalbone-hrd,cat-padel-rackets,brand-adidas-padel,Metalbone HRD+,current,published,VERIFIED_COMPLETE,3,0,7,0,6,16,3,0,100,
prod-kuikma-pr-soft-500,cat-padel-rackets,brand-kuikma,PR Soft 500,current,draft,VERIFIED_COMPLETE,3,0,5,2,3,11,8,0,100,
prod-drop-shot-canyon-pro,cat-padel-rackets,brand-drop-shot,Canyon Pro,current,draft,VERIFIED_COMPLETE,3,0,5,2,5,13,6,0,100,
prod-varlion-lw-carbon-difusor,cat-padel-rackets,brand-varlion,LW Carbon Difusor,current,published,VERIFIED_COMPLETE,3,0,5,2,4,12,7,0,100,
prod-nox-ml10-pro-cup,cat-padel-rackets,brand-nox,ML10 Pro Cup,current,published,VERIFIED_COMPLETE,3,0,4,3,3,10,9,0,100,
prod-bullpadel-hack-03,cat-padel-rackets,brand-bullpadel,Hack 03,previous-generation,published,VERIFIED_COMPLETE,3,0,5,2,5,13,6,0,100,
prod-babolat-counter-viper,cat-padel-rackets,brand-babolat-padel,Counter Viper,current,published,VERIFIED_COMPLETE,3,0,6,1,5,14,5,0,100,
prod-head-extreme-pro-padel,cat-padel-rackets,brand-head-padel,Extreme Pro,current,published,VERIFIED_COMPLETE,3,0,6,1,6,15,4,0,100,
prod-wilson-blade-pro-padel,cat-padel-rackets,brand-wilson-padel,Blade Pro V3,current,published,VERIFIED_COMPLETE,3,0,5,2,3,11,8,0,100,
prod-starvie-basalto-osiris,cat-padel-rackets,brand-starvie,Basalto Osiris,previous-generation,published,VERIFIED_COMPLETE,3,0,6,1,5,14,5,0,100,
prod-bullpadel-vertex-05,cat-padel-rackets,brand-bullpadel,Vertex 05,current,published,VERIFIED_COMPLETE,3,0,7,0,7,17,2,0,100,
prod-bullpadel-hack-04,cat-padel-rackets,brand-bullpadel,Hack 04,current,published,VERIFIED_COMPLETE,3,0,7,0,6,16,3,0,100,
prod-nox-at10-12k-2026,cat-padel-rackets,brand-nox,AT10 Genius 12K Alum XTREM 2026,current,published,VERIFIED_COMPLETE,3,0,7,0,7,17,2,0,100,
prod-adidas-metalbone-3-3-2026,cat-padel-rackets,brand-adidas-padel,Metalbone 3.3,previous-generation,published,VERIFIED_COMPLETE,3,0,5,2,4,12,7,0,100,
prod-head-extreme-motion-2026,cat-padel-rackets,brand-head-padel,Extreme Motion,current,published,VERIFIED_COMPLETE,3,0,6,1,6,15,4,0,100,
prod-tecnifibre-wall-breaker-365-2026,cat-padel-rackets,brand-tecnifibre-padel,Wall Breaker 365,current,published,VERIFIED_COMPLETE,3,0,6,1,5,14,5,0,100,
prod-oxdog-sense-pro-2026,cat-padel-rackets,brand-oxdog,Sense Pro,current,published,VERIFIED_COMPLETE,3,0,5,2,4,12,7,0,100,
prod-royal-padel-rp-m27-2026,cat-padel-rackets,brand-royal-padel,M27 Poly,current,published,VERIFIED_COMPLETE,3,0,5,2,6,14,5,0,100,
prod-black-crown-special-one-soft,cat-padel-rackets,brand-black-crown,Special One Soft,current,draft,VERIFIED_COMPLETE,3,0,5,2,3,11,8,0,100,
prod-lok-maxx-flow,cat-padel-rackets,brand-lok,Maxx Flow,current,published,VERIFIED_COMPLETE,3,0,5,2,3,11,8,0,100,
prod-asics-gel-resolution-padel,cat-padel-shoes,brand-asics,Gel-Resolution Padel,current,published,VERIFIED_COMPLETE,1,0,6,0,4,11,5,0,0,
prod-asics-gel-challenger-court,cat-padel-shoes,brand-asics,Gel-Challenger Court,current,published,VERIFIED_COMPLETE,1,0,6,0,4,11,5,0,0,
prod-babolat-jet-premura,cat-padel-shoes,brand-babolat-padel,Jet Premura,current,published,VERIFIED_COMPLETE,1,0,6,0,4,11,5,0,0,
prod-joma-t-slam,cat-padel-shoes,brand-joma,T.Slam,current,published,VERIFIED_COMPLETE,1,0,6,0,4,11,5,0,0,
prod-head-revolt-pro-court,cat-padel-shoes,brand-head-padel,Revolt Pro Court,current,published,VERIFIED_COMPLETE,1,0,6,0,4,11,5,0,0,
prod-adidas-crazyquick-boost-m,cat-padel-shoes,brand-adidas-padel,Crazyquick Boost Padel,current,published,VERIFIED_COMPLETE,1,0,6,0,4,11,5,0,0,
prod-adidas-courtquick-w,cat-padel-shoes,brand-adidas-padel,Courtquick Padel Women,current,published,VERIFIED_COMPLETE,1,0,6,0,4,11,5,0,0,
prod-adidas-crazyquick-boost-w,cat-padel-shoes,brand-adidas-padel,Crazyquick Boost Padel Women,current,published,VERIFIED_COMPLETE,1,0,6,0,4,11,5,0,0,
prod-asics-gel-dedicate-8-padel,cat-padel-shoes,brand-asics,Gel-Dedicate 8 Padel,current,published,VERIFIED_COMPLETE,1,0,6,0,4,11,5,0,0,
prod-asics-game-ff-padel,cat-padel-shoes,brand-asics,Game FF Padel,current,published,VERIFIED_COMPLETE,1,0,6,0,4,11,5,0,0,
prod-asics-solution-swift-ff2-padel,cat-padel-shoes,brand-asics,Solution Swift FF 2 Padel,current,published,VERIFIED_COMPLETE,1,0,6,0,4,11,5,0,0,
prod-bullpadel-hybrid-fly,cat-padel-shoes,brand-bullpadel,Fastgear,current,published,VERIFIED_COMPLETE,1,0,6,0,4,11,5,0,0,
prod-bullpadel-ionic-woman,cat-padel-shoes,brand-bullpadel,Ionic Woman,current,published,VERIFIED_COMPLETE,1,0,6,0,4,11,5,0,0,
prod-nox-at10-lux,cat-padel-shoes,brand-nox,AT10 Lux,current,published,VERIFIED_COMPLETE,1,0,6,0,4,11,5,0,0,
prod-nox-ml10-hexa,cat-padel-shoes,brand-nox,ML10 Hexa,current,published,VERIFIED_COMPLETE,1,0,6,0,4,11,5,0,0,
prod-babolat-movea-2,cat-padel-shoes,brand-babolat-padel,Movea 2,current,published,VERIFIED_COMPLETE,1,0,6,0,4,11,5,0,0,
prod-babolat-sensa-women,cat-padel-shoes,brand-babolat-padel,Sensa Women,current,published,VERIFIED_COMPLETE,1,0,6,0,4,11,5,0,0,
prod-joma-slam-lady,cat-padel-shoes,brand-joma,Slam Lady,current,published,VERIFIED_COMPLETE,1,0,6,0,4,11,5,0,0,
prod-joma-spin-men,cat-padel-shoes,brand-joma,Spin Men,current,published,VERIFIED_COMPLETE,1,0,6,0,4,11,5,0,0,
prod-head-sprint-pro-4-padel,cat-padel-shoes,brand-head-padel,Sprint Pro 4.0 Padel,current,published,VERIFIED_COMPLETE,1,0,6,0,4,11,5,0,0,
prod-wilson-rush-pro-5-padel,cat-padel-shoes,brand-wilson-padel,Rush Pro 5 Padel,current,published,VERIFIED_COMPLETE,1,0,6,0,4,11,5,0,0,
prod-siux-diablo-pro,cat-padel-shoes,brand-siux,Diablo Pro,current,draft,COMPLETE_WITH_UNKNOWN,0,1,4,2,0,4,11,1,0,Shoe surfaceCompatibility unknown — not inferred.
prod-siux-comodo-woman,cat-padel-shoes,brand-siux,Comodo Woman,current,draft,COMPLETE_WITH_UNKNOWN,0,1,4,2,0,4,11,1,0,Shoe surfaceCompatibility unknown — not inferred.
prod-starvie-absolute-padel,cat-padel-shoes,brand-starvie,Absolute Padel,current,draft,COMPLETE_WITH_UNKNOWN,0,1,4,2,0,4,11,1,0,Shoe surfaceCompatibility unknown — not inferred.
prod-kuikma-ps-990,cat-padel-shoes,brand-kuikma,PS 990,current,published,VERIFIED_COMPLETE,1,0,6,0,4,11,5,0,0,
prod-kuikma-ps-560-women,cat-padel-shoes,brand-kuikma,PS 560 Women,current,draft,COMPLETE_WITH_UNKNOWN,0,1,4,2,0,4,11,1,0,Shoe surfaceCompatibility unknown — not inferred.
prod-oxdog-hyper-court,cat-padel-shoes,brand-oxdog,Hyper Court,current,draft,COMPLETE_WITH_UNKNOWN,0,1,4,2,0,4,11,1,0,Shoe surfaceCompatibility unknown — not inferred.
prod-asics-gel-resolution-padel-w,cat-padel-shoes,brand-asics,Gel-Resolution Padel Women,current,published,VERIFIED_COMPLETE,1,0,6,0,4,11,5,0,0,
prod-asics-solution-swift-padel-w,cat-padel-shoes,brand-asics,Solution Swift FF Padel Women,current,published,VERIFIED_COMPLETE,1,0,6,0,4,11,5,0,0,
prod-adidas-solecourt-boost-padel,cat-padel-shoes,brand-adidas-padel,Solecourt Boost Padel,current,draft,VERIFIED_COMPLETE,1,0,6,0,4,11,5,0,100,
prod-head-revolt-court,cat-padel-shoes,brand-head-padel,Revolt Court,current,draft,VERIFIED_COMPLETE,1,0,6,0,4,11,5,0,0,
prod-wilson-bela-pro-padel,cat-padel-shoes,brand-wilson-padel,Bela Pro Padel,current,draft,COMPLETE_WITH_UNKNOWN,0,1,4,2,0,4,11,1,0,Shoe surfaceCompatibility unknown — not inferred.
prod-joma-spin-lady,cat-padel-shoes,brand-joma,Spin Lady,current,published,VERIFIED_COMPLETE,1,0,6,0,4,11,5,0,0,
prod-bullpadel-hack-hybrid,cat-padel-shoes,brand-bullpadel,Hack Hybrid,current,draft,VERIFIED_COMPLETE,1,0,6,0,4,11,5,0,100,
prod-nox-at10-pro-shoe,cat-padel-shoes,brand-nox,AT10 Pro,current,draft,VERIFIED_COMPLETE,1,0,6,0,4,11,5,0,100,
prod-babolat-jet-premura-2-men,cat-padel-shoes,brand-babolat-padel,Jet Premura 2,current,published,VERIFIED_COMPLETE,1,0,6,0,4,11,5,0,0,
prod-tecnifibre-t-fight-padel,cat-padel-shoes,brand-tecnifibre-padel,Wall Shooter,current,draft,COMPLETE_WITH_UNKNOWN,0,1,4,2,0,4,11,1,0,Shoe surfaceCompatibility unknown — not inferred.
prod-varlion-bourne-padel-shoe,cat-padel-shoes,brand-varlion,Bourne Padel,current,draft,COMPLETE_WITH_UNKNOWN,0,1,4,2,0,4,11,1,0,Shoe surfaceCompatibility unknown — not inferred.
prod-lok-padel-one,cat-padel-shoes,brand-lok,Padel One,current,draft,COMPLETE_WITH_UNKNOWN,0,1,4,2,0,4,11,1,0,Shoe surfaceCompatibility unknown — not inferred.
prod-nox-at10-attack-18k-2026,cat-padel-rackets,brand-nox,AT10 Genius Attack 18K Alum 2026,current,published,VERIFIED_COMPLETE,3,0,7,0,7,17,2,0,100,
prod-nox-equation-soft-2026,cat-padel-rackets,brand-nox,Equation Soft Advanced 2026,current,published,VERIFIED_COMPLETE,3,0,7,0,7,17,2,0,100,
prod-bullpadel-vertex-05-hybrid,cat-padel-rackets,brand-bullpadel,Vertex 05 Hybrid,current,published,VERIFIED_COMPLETE,3,0,7,0,6,16,3,0,100,
prod-bullpadel-vertex-05-w,cat-padel-rackets,brand-bullpadel,Vertex 05 W,current,published,VERIFIED_COMPLETE,3,0,7,0,5,15,4,0,100,
prod-bullpadel-hack-04-hybrid,cat-padel-rackets,brand-bullpadel,Hack 04 Hybrid,current,published,VERIFIED_COMPLETE,3,0,7,0,7,17,2,0,100,
prod-bullpadel-hack-04-comfort,cat-padel-rackets,brand-bullpadel,Hack 04 Comfort,current,published,VERIFIED_COMPLETE,3,0,7,0,5,15,4,0,100,
prod-bullpadel-neuron-02,cat-padel-rackets,brand-bullpadel,Neuron 02,current,published,VERIFIED_COMPLETE,3,0,7,0,6,16,3,0,100,
prod-bullpadel-neuron-02-edge,cat-padel-rackets,brand-bullpadel,Neuron 02 Edge,current,published,VERIFIED_COMPLETE,3,0,7,0,6,16,3,0,100,
prod-bullpadel-xplo,cat-padel-rackets,brand-bullpadel,XPLO,current,published,VERIFIED_COMPLETE,3,0,7,0,7,17,2,0,100,
prod-bullpadel-xplo-comfort,cat-padel-rackets,brand-bullpadel,XPLO Comfort,current,published,VERIFIED_COMPLETE,3,0,7,0,4,14,5,0,100,
prod-bullpadel-ionic-light,cat-padel-rackets,brand-bullpadel,Ionic Light,current,published,VERIFIED_COMPLETE,3,0,7,0,6,16,3,0,100,
prod-bullpadel-indiga-ctr,cat-padel-rackets,brand-bullpadel,Indiga CTR,current,published,VERIFIED_COMPLETE,3,0,6,1,6,15,4,0,100,
prod-bullpadel-vertex-advance,cat-padel-rackets,brand-bullpadel,Vertex Advance,current,published,VERIFIED_COMPLETE,3,0,7,0,4,14,5,0,100,
prod-adidas-metalbone-3-5-2026,cat-padel-rackets,brand-adidas-padel,Metalbone 3.5,current,published,VERIFIED_COMPLETE,3,0,7,0,6,16,3,0,100,
prod-adidas-metalbone-ctrl,cat-padel-rackets,brand-adidas-padel,Metalbone CTRL,current,published,VERIFIED_COMPLETE,3,0,7,0,6,16,3,0,100,
prod-adidas-metalbone-team-light,cat-padel-rackets,brand-adidas-padel,Metalbone Team Light,current,published,VERIFIED_COMPLETE,3,0,7,0,4,14,5,0,100,
prod-adidas-cross-it-light,cat-padel-rackets,brand-adidas-padel,Cross It Light,current,published,VERIFIED_COMPLETE,3,0,5,2,5,13,6,0,100,
prod-adidas-cross-it-ctrl,cat-padel-rackets,brand-adidas-padel,Cross It CTRL,current,published,VERIFIED_COMPLETE,3,0,5,2,5,13,6,0,100,
prod-adidas-arrow-hit-ctrl,cat-padel-rackets,brand-adidas-padel,Arrow Hit CTRL,current,published,VERIFIED_COMPLETE,3,0,5,2,5,13,6,0,100,
prod-adidas-arrow-hit-attk,cat-padel-rackets,brand-adidas-padel,Arrow Hit,current,published,VERIFIED_COMPLETE,3,0,4,3,3,10,9,0,100,
prod-adidas-match-light,cat-padel-rackets,brand-adidas-padel,Match Light,current,published,VERIFIED_COMPLETE,3,0,5,2,5,13,6,0,100,
prod-head-coello-motion,cat-padel-rackets,brand-head-padel,Coello Motion,current,published,VERIFIED_COMPLETE,3,0,5,2,5,13,6,0,100,
prod-head-coello-team,cat-padel-rackets,brand-head-padel,Coello Team,current,published,VERIFIED_COMPLETE,3,0,5,2,5,13,6,0,100,
prod-head-gravity-pro,cat-padel-rackets,brand-head-padel,Gravity Pro,current,published,VERIFIED_COMPLETE,3,0,6,1,4,13,6,0,100,
prod-head-gravity-motion,cat-padel-rackets,brand-head-padel,Gravity Motion,current,published,VERIFIED_COMPLETE,3,0,6,1,4,13,6,0,100,
prod-head-speed-pro,cat-padel-rackets,brand-head-padel,Speed Pro,current,published,VERIFIED_COMPLETE,3,0,6,1,4,13,6,0,100,
prod-head-one-ultralight,cat-padel-rackets,brand-head-padel,One Ultralight,current,published,VERIFIED_COMPLETE,3,0,6,1,5,14,5,0,100,
prod-babolat-air-viper,cat-padel-rackets,brand-babolat-padel,Air Viper,current,published,VERIFIED_COMPLETE,3,0,6,1,4,13,6,0,100,
prod-babolat-air-veron,cat-padel-rackets,brand-babolat-padel,Air Veron,current,published,VERIFIED_COMPLETE,3,0,6,1,3,12,7,0,100,
prod-siux-electra,cat-padel-rackets,brand-siux,Electra Pro,current,published,VERIFIED_COMPLETE,3,0,5,2,3,11,8,0,100,
prod-siux-fenix,cat-padel-rackets,brand-siux,Fenix Pro,current,published,VERIFIED_COMPLETE,3,0,5,2,3,11,8,0,100,
prod-starvie-astrum,cat-padel-rackets,brand-starvie,Astrum+,current,published,VERIFIED_COMPLETE,3,0,6,1,5,14,5,0,100,
prod-nox-at10-attack-12k-2026,cat-padel-rackets,brand-nox,AT10 Genius Attack 12K Alum XTREM 2026,current,draft,VERIFIED_COMPLETE,3,0,7,0,5,15,4,0,100,
prod-kuikma-pr-hybrid-carbon,cat-padel-rackets,brand-kuikma,PR Hybrid Carbon,current,published,VERIFIED_COMPLETE,3,0,7,0,5,15,4,0,100,
prod-kuikma-pr-comfort-soft,cat-padel-rackets,brand-kuikma,PR Comfort Soft,current,published,VERIFIED_COMPLETE,3,0,4,3,4,11,8,0,100,
prod-head-padel-pro-plus,cat-padel-balls,brand-head-padel,Padel Pro+,current,published,VERIFIED_COMPLETE,5,0,4,0,4,13,5,0,100,
prod-head-padel-team,cat-padel-balls,brand-head-padel,Padel Team,current,published,VERIFIED_COMPLETE,5,0,3,1,1,9,9,0,100,
prod-head-padel-one,cat-padel-balls,brand-head-padel,Padel One,current,published,VERIFIED_COMPLETE,5,0,3,1,0,8,10,0,100,
prod-kuikma-pb-speed,cat-padel-balls,brand-kuikma,Padel Speed,current,published,VERIFIED_COMPLETE,5,0,4,0,1,10,8,0,100,
prod-kuikma-pb-control,cat-padel-balls,brand-kuikma,PB Control,current,published,VERIFIED_COMPLETE,5,0,4,0,1,10,8,0,100,
prod-kuikma-pb-club,cat-padel-balls,brand-kuikma,PB Club,current,published,VERIFIED_COMPLETE,5,0,3,1,0,8,10,0,100,
prod-wilson-padel-premier,cat-padel-balls,brand-wilson-padel,Padel Premier,current,published,VERIFIED_COMPLETE,5,0,3,1,2,10,8,0,100,
prod-wilson-padel-premier-speed,cat-padel-balls,brand-wilson-padel,Premier Padel Speed,current,published,VERIFIED_COMPLETE,5,0,4,0,3,12,6,0,100,
prod-bullpadel-premium-pro,cat-padel-balls,brand-bullpadel,Premium Pro,current,published,VERIFIED_COMPLETE,5,0,3,1,0,8,10,0,100,
prod-bullpadel-premium-gold,cat-padel-balls,brand-bullpadel,Premium Gold,discontinued,draft,BLOCKED,5,0,2,2,0,7,10,0,100,
prod-adidas-aditour-padel,cat-padel-balls,brand-adidas-padel,Aditour,discontinued,draft,BLOCKED,5,0,2,2,0,7,10,0,100,
prod-adidas-speed-rx,cat-padel-balls,brand-adidas-padel,Speed RX,current,published,VERIFIED_COMPLETE,5,0,3,1,1,9,9,0,100,
prod-babolat-court-padel-balls,cat-padel-balls,brand-babolat-padel,Court Padel,current,published,VERIFIED_COMPLETE,5,0,3,1,0,8,10,0,100,
prod-dunlop-pro-padel,cat-padel-balls,brand-dunlop-padel,Fort Padel,current,published,VERIFIED_COMPLETE,5,0,4,0,0,9,9,0,100,
prod-tecnifibre-padel-team,cat-padel-balls,brand-tecnifibre-padel,Padel Team,current,published,VERIFIED_COMPLETE,5,0,3,1,1,9,9,0,100,
prod-nox-at10-team-bag,cat-padel-bags,brand-nox,AT10 Team Paletero,current,published,VERIFIED_COMPLETE,1,0,4,1,2,7,13,0,100,
prod-babolat-rh-pro-padel,cat-padel-bags,brand-babolat-padel,RH Pro Padel,current,published,VERIFIED_COMPLETE,1,0,4,1,2,7,13,0,100,
prod-bullpadel-vertex-backpack,cat-padel-bags,brand-bullpadel,Vertex Geo Backpack,current,published,VERIFIED_COMPLETE,1,0,4,1,2,7,13,0,100,
prod-tecnifibre-tour-endurance-backpack,cat-padel-bags,brand-tecnifibre-padel,Tour Endurance Backpack,current,published,VERIFIED_COMPLETE,1,0,4,1,1,6,14,0,100,
prod-babolat-court-backpack,cat-padel-bags,brand-babolat-padel,Court S,current,published,VERIFIED_COMPLETE,1,0,4,1,2,7,13,0,100,
prod-adidas-protour-padel,cat-padel-bags,brand-adidas-padel,ProTour 3.5,current,published,VERIFIED_COMPLETE,1,0,4,1,1,6,14,0,100,
prod-head-tour-team-padel,cat-padel-bags,brand-head-padel,Tour Team Padel,current,published,VERIFIED_COMPLETE,1,0,3,2,0,4,16,0,100,
prod-head-elite-backpack,cat-padel-bags,brand-head-padel,Elite Backpack,current,published,VERIFIED_COMPLETE,1,0,4,1,2,7,13,0,100,
prod-wilson-super-tour-padel,cat-padel-bags,brand-wilson-padel,Bela Super Tour,current,published,VERIFIED_COMPLETE,1,0,4,1,1,6,14,0,100,
prod-kuikma-paletero,cat-padel-bags,brand-kuikma,Kuikma Paletero,current,published,VERIFIED_COMPLETE,1,0,3,2,0,4,16,0,100,
prod-nox-pro-series-bag,cat-padel-bags,brand-nox,Pro Series Bag,current,draft,VERIFIED_COMPLETE,1,0,3,2,0,4,16,0,100,
prod-nox-at10-xxl-bag,cat-padel-bags,brand-nox,AT10 XXL,current,published,VERIFIED_COMPLETE,1,0,4,1,2,7,13,0,100,
prod-siux-paletero,cat-padel-bags,brand-siux,Siux Paletero,current,published,VERIFIED_COMPLETE,1,0,3,2,0,4,16,0,100,
prod-bullpadel-gb1200,cat-padel-grips,brand-bullpadel,HaC,current,published,VERIFIED_COMPLETE,1,0,2,3,3,6,11,0,94,
prod-nox-pro-overgrip,cat-padel-grips,brand-nox,Pro Overgrip,current,published,VERIFIED_COMPLETE,1,0,4,1,3,8,9,0,94,
prod-head-xtreme-soft,cat-padel-grips,brand-head-padel,Xtreme Soft,current,published,VERIFIED_COMPLETE,1,0,3,2,3,7,10,0,94,
prod-babolat-pro-response,cat-padel-grips,brand-babolat-padel,Pro Response,current,published,VERIFIED_COMPLETE,1,0,3,2,3,7,10,0,94,
prod-kuikma-overgrip,cat-padel-grips,brand-kuikma,Kuikma Overgrip Pro,current,published,VERIFIED_COMPLETE,1,0,3,2,3,7,10,0,94,
prod-head-hydrosorb,cat-padel-grips,brand-head-padel,Hydrosorb,current,published,VERIFIED_COMPLETE,1,0,1,4,3,5,12,0,94,
prod-babolat-syntec-pro,cat-padel-grips,brand-babolat-padel,Syntec Pro,current,published,VERIFIED_COMPLETE,1,0,3,2,3,7,10,0,94,
prod-hesacore-padel,cat-padel-grips,brand-hesacore,Hesacore,current,published,VERIFIED_COMPLETE,1,0,1,4,6,8,9,0,94,
prod-adidas-padel-overgrip,cat-padel-grips,brand-adidas-padel,Adidas Padel Overgrip,current,published,VERIFIED_COMPLETE,1,0,0,5,2,3,14,0,94,
prod-bullpadel-frame-protector,cat-padel-accessories,brand-bullpadel,Frame Protector,current,published,VERIFIED_COMPLETE,1,0,2,2,0,5,3,0,88,
prod-nox-frame-protector,cat-padel-accessories,brand-nox,Transparent Protector,current,published,VERIFIED_COMPLETE,1,0,2,2,0,5,3,0,88,
prod-bullpadel-pascal-box,cat-padel-accessories,brand-bullpadel,Pascal Box 3B,current,published,VERIFIED_COMPLETE,3,0,2,2,0,6,5,0,91,
prod-head-x3-pressurizer,cat-padel-accessories,brand-head-padel,X3 Pressurizer,current,published,VERIFIED_COMPLETE,3,0,2,2,0,6,5,0,91,
prod-bullpadel-custom-weight,cat-padel-accessories,brand-bullpadel,Protector Custom Weight,current,published,VERIFIED_COMPLETE,1,0,1,1,0,4,3,0,86,
prod-head-wristband,cat-padel-accessories,brand-head-padel,HEAD Wristband,current,published,VERIFIED_COMPLETE,1,0,1,0,0,2,3,0,80,
prod-wilson-wristband,cat-padel-accessories,brand-wilson-padel,Wilson Wristband,current,published,VERIFIED_COMPLETE,1,0,1,0,0,2,3,0,80,
prod-nox-wristband,cat-padel-accessories,brand-nox,Nox Wristband,current,published,VERIFIED_COMPLETE,1,0,1,0,0,2,3,0,80,
prod-bullpadel-wristband,cat-padel-accessories,brand-bullpadel,Bullpadel Wristband,current,published,VERIFIED_COMPLETE,1,0,1,0,0,2,3,0,80,
prod-head-smartsorb,cat-padel-accessories,brand-head-padel,Smartsorb,current,published,VERIFIED_COMPLETE,1,0,1,0,0,2,3,0,80,
prod-4on-totalgrip,cat-padel-accessories,brand-4on,TotalGrip,current,published,VERIFIED_COMPLETE,1,0,1,0,1,3,2,0,80,
prod-adidas-adidas-protector,cat-padel-accessories,brand-adidas-padel,Adidas Protector,current,published,VERIFIED_COMPLETE,1,0,1,3,1,3,3,0,83,
prod-adidas-adidas-wristband,cat-padel-accessories,brand-adidas-padel,Adidas Wristband,current,published,VERIFIED_COMPLETE,1,0,1,0,1,3,2,0,80,
prod-alacran-alacran-basket,cat-padel-accessories,brand-alacran,Alacran Basket,current,published,VERIFIED_COMPLETE,1,0,1,1,1,3,3,0,83,
prod-alacran-wide-ancha,cat-padel-accessories,brand-alacran,Wide / Ancha,current,draft,VERIFIED_COMPLETE,1,0,1,0,1,3,2,0,80,
prod-babolat-babolat-protector,cat-padel-accessories,brand-babolat-padel,Babolat Protector,current,published,VERIFIED_COMPLETE,1,0,1,3,1,3,3,0,83,
prod-babolat-babolat-wristband,cat-padel-accessories,brand-babolat-padel,Babolat Wristband,current,published,VERIFIED_COMPLETE,1,0,1,0,1,3,2,0,80,
prod-ball-rescuer-ball-rescuer,cat-padel-accessories,brand-ball-rescuer,Ball Rescuer,current,published,VERIFIED_COMPLETE,2,1,1,3,1,4,6,0,90,
prod-ball-rescuer-premium,cat-padel-accessories,brand-ball-rescuer,Premium,current,draft,VERIFIED_COMPLETE,2,1,1,3,0,3,7,0,90,
prod-black-crown-vibranium-transparent,cat-padel-accessories,brand-black-crown,Vibranium Transparent,current,published,VERIFIED_COMPLETE,1,0,1,3,1,3,3,0,83,
prod-black-crown-black-crown-wristband,cat-padel-accessories,brand-black-crown,Black Crown Wristband,current,published,VERIFIED_COMPLETE,1,0,1,0,1,3,2,0,80,
prod-bounce-bounce-padel-x4,cat-padel-accessories,brand-bounce-tube,Bounce Padel X4,current,draft,VERIFIED_COMPLETE,3,0,1,3,1,5,5,0,90,
prod-bullpadel-bpmu252-bpmu253,cat-padel-accessories,brand-bullpadel,BPMU252 / BPMU253,current,published,VERIFIED_COMPLETE,1,0,1,0,1,3,2,0,80,
prod-bullpadel-pascal-box-switch-3b,cat-padel-accessories,brand-bullpadel,Pascal Box Switch 3B,current,draft,VERIFIED_COMPLETE,3,0,1,3,0,4,6,0,90,
prod-bullpadel-custom-weight-grip,cat-padel-accessories,brand-bullpadel,Custom Weight Grip,current,published,VERIFIED_COMPLETE,1,0,1,1,1,3,2,0,80,
prod-bullpadel-frame-protector-uni,cat-padel-accessories,brand-bullpadel,Frame Protector Uni,current,published,VERIFIED_COMPLETE,1,0,1,3,1,3,3,0,83,
prod-bullpadel-bullpadel-headband,cat-padel-accessories,brand-bullpadel,Bullpadel Headband,current,published,VERIFIED_COMPLETE,1,0,1,0,1,3,2,0,80,
prod-bullpadel-metalshield,cat-padel-accessories,brand-bullpadel,Metalshield,current,published,VERIFIED_COMPLETE,1,0,1,1,1,3,2,0,80,
prod-bullpadel-pascal-box-4b,cat-padel-accessories,brand-bullpadel,Pascal Box 4B,current,draft,VERIFIED_COMPLETE,3,0,1,3,1,5,5,0,90,
prod-bullpadel-pascal-box-pro,cat-padel-accessories,brand-bullpadel,Pascal Box PRO,current,draft,VERIFIED_COMPLETE,2,1,1,3,1,4,6,0,90,
prod-bullpadel-pascal-box-switch,cat-padel-accessories,brand-bullpadel,Pascal Box SWITCH,current,draft,VERIFIED_COMPLETE,2,1,1,3,1,4,6,0,90,
prod-bullpadel-custom-weight-protector,cat-padel-accessories,brand-bullpadel,Custom Weight Protector,current,draft,VERIFIED_COMPLETE,1,0,1,1,1,3,2,0,80,
prod-enebe-enebe-protector-line,cat-padel-accessories,brand-enebe,Enebe Protector line,current,published,VERIFIED_COMPLETE,1,0,1,3,1,3,3,0,83,
prod-head-antishock-skin,cat-padel-accessories,brand-head-padel,Antishock Skin,current,published,VERIFIED_COMPLETE,1,0,1,3,1,3,3,0,83,
prod-head-head-ball-cart,cat-padel-accessories,brand-head-padel,HEAD Ball Cart,current,draft,VERIFIED_COMPLETE,1,0,1,1,1,3,3,0,83,
prod-head-pick-up-tube,cat-padel-accessories,brand-head-padel,Pick Up Tube,current,published,VERIFIED_COMPLETE,1,0,1,0,1,3,2,0,80,
prod-head-court-basket-70,cat-padel-accessories,brand-head-padel,Court Basket 70,current,draft,VERIFIED_COMPLETE,1,0,1,1,1,3,3,0,83,
prod-head-ball-basket,cat-padel-accessories,brand-head-padel,Ball Basket,current,draft,VERIFIED_COMPLETE,1,0,1,1,0,2,4,0,83,
prod-head-protector-tape,cat-padel-accessories,brand-head-padel,Protector Tape,current,draft,VERIFIED_COMPLETE,1,0,1,0,0,2,4,0,83,
prod-head-headband,cat-padel-accessories,brand-head-padel,Headband,current,draft,VERIFIED_COMPLETE,1,0,1,0,0,2,3,0,80,
prod-head-x100,cat-padel-accessories,brand-head-padel,X100,current,draft,VERIFIED_COMPLETE,2,1,1,3,0,3,7,0,90,
prod-head-head-logo-wristband,cat-padel-accessories,brand-head-padel,HEAD Logo Wristband,current,draft,VERIFIED_COMPLETE,1,0,1,0,1,3,2,0,80,
prod-head-coaching-kit,cat-padel-accessories,brand-head-padel,Coaching Kit,current,published,VERIFIED_COMPLETE,1,0,1,0,1,3,2,0,80,
prod-head-dome-cones,cat-padel-accessories,brand-head-padel,Dome Cones,current,published,VERIFIED_COMPLETE,1,0,1,0,1,3,2,0,80,
prod-head-performance-headband,cat-padel-accessories,brand-head-padel,Performance HEADband,current,draft,VERIFIED_COMPLETE,1,0,1,0,1,3,2,0,80,
prod-head-head-targets,cat-padel-accessories,brand-head-padel,HEAD Targets,current,draft,VERIFIED_COMPLETE,1,0,1,0,1,3,2,0,80,
prod-head-x3-pump,cat-padel-accessories,brand-head-padel,X3 Pump,current,published,VERIFIED_COMPLETE,3,0,1,3,1,5,5,0,90,
prod-head-x4-pump,cat-padel-accessories,brand-head-padel,X4 Pump,current,draft,VERIFIED_COMPLETE,3,0,1,3,1,5,5,0,90,
prod-nox-nox-pickup-tube,cat-padel-accessories,brand-nox,Nox Pickup Tube,current,draft,VERIFIED_COMPLETE,1,0,1,0,1,3,2,0,80,
prod-nox-nox-color-pack,cat-padel-accessories,brand-nox,Nox Color Pack,current,published,VERIFIED_COMPLETE,1,0,1,3,1,3,3,0,83,
prod-nox-texture-protector,cat-padel-accessories,brand-nox,Texture Protector,current,draft,VERIFIED_COMPLETE,1,0,1,3,0,2,4,0,83,
prod-nox-transparent-protection-tape,cat-padel-accessories,brand-nox,Transparent / Protection Tape,current,draft,VERIFIED_COMPLETE,1,0,1,3,1,3,3,0,83,
prod-nox-weight-balancer-2-4g,cat-padel-accessories,brand-nox,Weight Balancer 2-4g,current,published,VERIFIED_COMPLETE,1,0,1,1,1,3,2,0,80,
prod-pascal-box-compressor,cat-padel-accessories,brand-pascal-box,Compressor,current,published,VERIFIED_COMPLETE,2,1,1,3,0,3,7,0,90,
prod-pascal-box-compressor-pro,cat-padel-accessories,brand-pascal-box,Compressor Pro,current,draft,VERIFIED_COMPLETE,2,1,1,3,0,3,7,0,90,
prod-shockout-gravity,cat-padel-accessories,brand-shockout,Gravity+,current,published,VERIFIED_COMPLETE,1,0,1,1,1,3,2,0,80,
prod-shockout-shockout-protector,cat-padel-accessories,brand-shockout,ShockOut Protector,current,draft,VERIFIED_COMPLETE,1,0,1,3,1,3,3,0,83,
prod-shockout-padel-balls-design,cat-padel-accessories,brand-shockout,Padel Balls design,current,draft,VERIFIED_COMPLETE,1,0,1,3,1,3,3,0,83,
prod-siux-siux-logo-transparent,cat-padel-accessories,brand-siux,Siux Logo Transparent,current,draft,VERIFIED_COMPLETE,1,0,1,3,1,3,3,0,83,
prod-softee-softee-basket,cat-padel-accessories,brand-softee,Softee Basket,current,published,VERIFIED_COMPLETE,1,0,1,1,1,3,3,0,83,
prod-softee-cube-pro,cat-padel-accessories,brand-softee,Cube Pro,current,published,VERIFIED_COMPLETE,2,1,1,3,0,3,7,0,90,
prod-softee-max-tube,cat-padel-accessories,brand-softee,Max Tube,current,draft,VERIFIED_COMPLETE,2,1,1,3,0,3,7,0,90,
prod-softee-press-pro-x3,cat-padel-accessories,brand-softee,Press Pro X3,current,draft,VERIFIED_COMPLETE,3,0,1,3,0,4,6,0,90,
prod-softee-softee-protector,cat-padel-accessories,brand-softee,Softee Protector,current,published,VERIFIED_COMPLETE,1,0,1,3,1,3,3,0,83,
prod-starvie-transparent-protector-2026,cat-padel-accessories,brand-starvie,Transparent Protector 2026,current,published,VERIFIED_COMPLETE,1,0,1,3,0,2,4,0,83,
prod-tuboplus-tuboplus-29psi-x3,cat-padel-accessories,brand-tuboplus,TuboPlus 29PSI X3,current,draft,VERIFIED_COMPLETE,3,0,1,3,1,5,5,0,90,
prod-tuboplus-29psi-x3e,cat-padel-accessories,brand-tuboplus,29PSI X3e,current,draft,VERIFIED_COMPLETE,3,0,1,3,0,4,6,0,90,
prod-tuboplus-29psi-x4e,cat-padel-accessories,brand-tuboplus,29PSI X4e,current,draft,VERIFIED_COMPLETE,3,0,1,3,0,4,6,0,90,
prod-tuboplus-boost,cat-padel-accessories,brand-tuboplus,BOOST,current,draft,VERIFIED_COMPLETE,2,1,1,3,0,3,7,0,90,
prod-tuboplus-r3play,cat-padel-accessories,brand-tuboplus,R3PLAY,current,draft,VERIFIED_COMPLETE,2,1,1,3,0,3,7,0,90,
prod-tuboplus-r3set,cat-padel-accessories,brand-tuboplus,R3SET,current,draft,VERIFIED_COMPLETE,2,1,1,3,0,3,7,0,90,
prod-tuboplus-repl4y,cat-padel-accessories,brand-tuboplus,REPL4Y,current,draft,VERIFIED_COMPLETE,2,1,1,3,0,3,7,0,90,
prod-tuboplus-tuboplus-x4,cat-padel-accessories,brand-tuboplus,TuboPlus X4,current,draft,VERIFIED_COMPLETE,3,0,1,3,1,5,5,0,90,
prod-tuboplus-tubox3,cat-padel-accessories,brand-tuboplus,TuboX3,current,draft,VERIFIED_COMPLETE,3,0,1,3,1,5,5,0,90,
prod-vibora-vibor-a-transparent,cat-padel-accessories,brand-vibora,Vibor-A Transparent,current,published,VERIFIED_COMPLETE,1,0,1,3,1,3,3,0,83,
prod-wilson-wilson-weight-tape,cat-padel-accessories,brand-wilson-padel,Wilson Weight Tape,current,published,VERIFIED_COMPLETE,1,0,1,1,1,3,2,0,80,
prod-wilson-wilson-protector,cat-padel-accessories,brand-wilson-padel,Wilson Protector,current,draft,VERIFIED_COMPLETE,1,0,1,3,1,3,3,0,83,
prod-adidas-control-2026,cat-padel-bags,brand-adidas-padel,Control 2026,current,published,VERIFIED_COMPLETE,1,0,1,4,0,3,18,0,100,
prod-adidas-metalbone-bag,cat-padel-bags,brand-adidas-padel,Metalbone Bag,current,published,VERIFIED_COMPLETE,1,0,1,4,0,2,18,0,100,
prod-adidas-multigame-backpack-2026,cat-padel-bags,brand-adidas-padel,Multigame Backpack 2026,current,draft,VERIFIED_COMPLETE,1,0,1,4,0,3,18,0,100,
prod-adidas-multigame-2026,cat-padel-bags,brand-adidas-padel,Multigame 2026,current,draft,VERIFIED_COMPLETE,1,0,1,4,0,3,18,0,100,
prod-adidas-protour-backpack-2026,cat-padel-bags,brand-adidas-padel,ProTour Backpack 2026,current,published,VERIFIED_COMPLETE,1,0,1,4,0,3,18,0,100,
prod-adidas-tour,cat-padel-bags,brand-adidas-padel,Tour,current,published,VERIFIED_COMPLETE,1,0,1,4,0,3,18,0,100,
prod-adidas-weekend,cat-padel-bags,brand-adidas-padel,Weekend,current,draft,VERIFIED_COMPLETE,1,0,1,4,0,3,18,0,100,
prod-babolat-backpack-kids,cat-padel-bags,brand-babolat-padel,Backpack Kids,current,draft,VERIFIED_COMPLETE,1,0,1,4,0,3,18,0,100,
prod-babolat-court-backpack-lite,cat-padel-bags,brand-babolat-padel,Court Backpack Lite,current,draft,VERIFIED_COMPLETE,1,0,1,4,0,3,18,0,100,
prod-babolat-rh-perf,cat-padel-bags,brand-babolat-padel,RH Perf,current,published,VERIFIED_COMPLETE,1,0,0,5,0,2,19,0,100,
prod-black-crown-spartan,cat-padel-bags,brand-black-crown,Spartan,current,published,VERIFIED_COMPLETE,1,0,1,4,0,3,18,0,100,
prod-black-crown-thunder,cat-padel-bags,brand-black-crown,Thunder,current,published,VERIFIED_COMPLETE,1,0,1,4,0,3,18,0,100,
prod-black-crown-ultimate-pro-2-0,cat-padel-bags,brand-black-crown,Ultimate Pro 2.0,current,published,VERIFIED_COMPLETE,1,0,1,4,0,3,18,0,100,
prod-bullpadel-advance-bpp26014,cat-padel-bags,brand-bullpadel,Advance BPP26014,current,published,VERIFIED_COMPLETE,1,0,1,4,0,3,18,0,100,
prod-bullpadel-casual-bpp26016,cat-padel-bags,brand-bullpadel,Casual BPP26016,current,published,VERIFIED_COMPLETE,1,0,1,4,0,3,18,0,100,
prod-bullpadel-elite-bpp26019,cat-padel-bags,brand-bullpadel,Elite BPP26019,current,published,VERIFIED_COMPLETE,1,0,1,4,0,3,18,0,100,
prod-bullpadel-hack-bpm26002,cat-padel-bags,brand-bullpadel,Hack BPM26002,current,published,VERIFIED_COMPLETE,1,0,1,4,0,3,18,0,100,
prod-bullpadel-icon-bpp26023,cat-padel-bags,brand-bullpadel,Icon BPP26023,current,published,VERIFIED_COMPLETE,1,0,1,4,0,3,18,0,100,
prod-bullpadel-ionic-bpp26005,cat-padel-bags,brand-bullpadel,Ionic BPP26005,current,published,VERIFIED_COMPLETE,1,0,1,4,0,3,18,0,100,
prod-bullpadel-neuron-bpm26020,cat-padel-bags,brand-bullpadel,Neuron BPM26020,current,published,VERIFIED_COMPLETE,1,0,1,4,0,3,18,0,100,
prod-bullpadel-neuron-bpp26020,cat-padel-bags,brand-bullpadel,Neuron BPP26020,current,draft,VERIFIED_COMPLETE,1,0,1,4,0,3,18,0,100,
prod-bullpadel-pearl-bpm27017,cat-padel-bags,brand-bullpadel,Pearl BPM27017,current,published,VERIFIED_COMPLETE,1,0,1,4,0,3,18,0,100,
prod-bullpadel-pearl-bpp26021,cat-padel-bags,brand-bullpadel,Pearl BPP26021,current,draft,VERIFIED_COMPLETE,1,0,1,4,0,3,18,0,100,
prod-bullpadel-tour-bpp26015,cat-padel-bags,brand-bullpadel,Tour BPP26015,current,published,VERIFIED_COMPLETE,1,0,1,4,0,3,18,0,100,
prod-bullpadel-trolley-bpp26011,cat-padel-bags,brand-bullpadel,Trolley BPP26011,current,draft,VERIFIED_COMPLETE,1,0,0,5,0,2,19,0,100,
prod-bullpadel-vertex-bpp26001,cat-padel-bags,brand-bullpadel,Vertex BPP26001,current,published,VERIFIED_COMPLETE,1,0,1,4,0,3,18,0,100,
prod-bullpadel-vertex-geo-premier-bpm26008,cat-padel-bags,brand-bullpadel,Vertex Geo Premier BPM26008,current,published,VERIFIED_COMPLETE,1,0,1,4,0,3,18,0,100,
prod-bullpadel-wonder-bpp26024,cat-padel-bags,brand-bullpadel,Wonder BPP26024,current,published,VERIFIED_COMPLETE,1,0,1,4,0,3,18,0,100,
prod-bullpadel-xplo-bpp26022,cat-padel-bags,brand-bullpadel,Xplo BPP26022,current,published,VERIFIED_COMPLETE,1,0,1,4,0,3,18,0,100,
prod-bullpadel-flow-bpp26006,cat-padel-bags,brand-bullpadel,Flow BPP26006,current,published,VERIFIED_COMPLETE,1,0,1,4,0,3,18,0,100,
prod-bullpadel-bpm26002-hack,cat-padel-bags,brand-bullpadel,BPM26002 Hack,current,draft,VERIFIED_COMPLETE,1,0,1,4,0,3,18,0,100,
prod-bullpadel-hack-bpp26012,cat-padel-bags,brand-bullpadel,Hack BPP26012,current,published,VERIFIED_COMPLETE,1,0,1,4,0,3,18,0,100,
prod-bullpadel-bpp26005-ionic,cat-padel-bags,brand-bullpadel,BPP26005 Ionic,current,draft,VERIFIED_COMPLETE,1,0,1,4,0,3,18,0,100,
prod-bullpadel-bpm26007-bpm26008-vertex,cat-padel-bags,brand-bullpadel,BPM26007 / BPM26008 Vertex,current,published,VERIFIED_COMPLETE,1,0,1,4,0,3,18,0,100,
prod-bullpadel-bpp26001-vertex,cat-padel-bags,brand-bullpadel,BPP26001 Vertex,current,draft,VERIFIED_COMPLETE,1,0,1,4,0,3,18,0,100,
prod-bullpadel-bpm26022-xplo,cat-padel-bags,brand-bullpadel,BPM26022 XPLO,current,draft,VERIFIED_COMPLETE,1,0,1,4,0,3,18,0,100,
prod-bullpadel-bpp26022-xplo,cat-padel-bags,brand-bullpadel,BPP26022 XPLO,current,draft,VERIFIED_COMPLETE,1,0,1,4,0,3,18,0,100,
prod-drop-shot-axion-backpack,cat-padel-bags,brand-drop-shot,Axion Backpack,current,draft,VERIFIED_COMPLETE,1,0,1,4,0,3,18,0,100,
prod-drop-shot-axion,cat-padel-bags,brand-drop-shot,Axion,current,draft,VERIFIED_COMPLETE,1,0,1,4,0,3,18,0,100,
prod-drop-shot-blitz,cat-padel-bags,brand-drop-shot,Blitz,current,published,VERIFIED_COMPLETE,1,0,1,4,0,3,18,0,100,
prod-drop-shot-fenix,cat-padel-bags,brand-drop-shot,Fenix,current,draft,VERIFIED_COMPLETE,1,0,1,4,0,3,18,0,100,
prod-drop-shot-lcp,cat-padel-bags,brand-drop-shot,LCP,current,published,VERIFIED_COMPLETE,1,0,1,4,0,3,18,0,100,
prod-head-coello-pro-x-backpack,cat-padel-bags,brand-head-padel,Coello Pro X Backpack,current,published,VERIFIED_COMPLETE,1,0,1,4,0,3,18,0,100,
prod-head-coello-pro-x-duffle-l,cat-padel-bags,brand-head-padel,Coello Pro X Duffle L,current,published,VERIFIED_COMPLETE,1,0,1,4,0,3,18,0,100,
prod-head-coello-tour-backpack,cat-padel-bags,brand-head-padel,Coello Tour Backpack,current,published,VERIFIED_COMPLETE,1,0,1,4,0,3,18,0,100,
prod-head-coello-tour-bag,cat-padel-bags,brand-head-padel,Coello Tour Bag,current,published,VERIFIED_COMPLETE,1,0,0,5,0,2,19,0,100,
prod-head-elite-supercombi,cat-padel-bags,brand-head-padel,Elite Supercombi,current,draft,VERIFIED_COMPLETE,1,0,1,4,0,2,18,0,100,
prod-head-tour-backpack-25l,cat-padel-bags,brand-head-padel,Tour Backpack 25L,current,published,VERIFIED_COMPLETE,1,0,1,4,0,3,18,0,100,
prod-head-tour-team-cb-2026,cat-padel-bags,brand-head-padel,Tour Team CB 2026,current,draft,VERIFIED_COMPLETE,1,0,1,4,0,3,18,0,100,
prod-head-pro-x-bag-l,cat-padel-bags,brand-head-padel,Pro X Bag L,current,published,VERIFIED_COMPLETE,1,0,0,5,0,2,19,0,100,
prod-head-pro-x-duffle-l,cat-padel-bags,brand-head-padel,Pro X Duffle L,current,draft,VERIFIED_COMPLETE,1,0,1,4,0,3,18,0,100,
prod-head-tour-padel-bag-l,cat-padel-bags,brand-head-padel,Tour Padel Bag L,current,draft,VERIFIED_COMPLETE,1,0,0,5,0,2,19,0,100,
prod-head-tour-team-elite,cat-padel-bags,brand-head-padel,Tour Team Elite,current,draft,VERIFIED_COMPLETE,1,0,1,4,0,3,18,0,100,
prod-joma-pro,cat-padel-bags,brand-joma,Pro,current,published,VERIFIED_COMPLETE,1,0,1,4,0,3,18,0,100,
prod-kuikma-pl-900-elite,cat-padel-bags,brand-kuikma,PL 900 Elite,current,draft,VERIFIED_COMPLETE,1,0,1,4,0,3,18,0,100,
prod-kuikma-backpack,cat-padel-bags,brand-kuikma,Backpack,current,draft,VERIFIED_COMPLETE,1,0,1,4,0,2,18,0,100,
prod-kuikma-pbp-elite,cat-padel-bags,brand-kuikma,PBP Elite,current,draft,VERIFIED_COMPLETE,1,0,1,4,0,3,18,0,100,
prod-lok-aventure-gen-2,cat-padel-bags,brand-lok,Aventure Gen 2,current,published,VERIFIED_COMPLETE,1,0,1,4,0,3,18,0,100,
prod-lok-maxx-gen-2,cat-padel-bags,brand-lok,Maxx Gen 2 Paletero,current,published,VERIFIED_COMPLETE,1,0,1,4,0,3,18,0,100,
prod-nox-at10-competition-trolley,cat-padel-bags,brand-nox,AT10 Competition Trolley,current,published,VERIFIED_COMPLETE,1,0,0,5,0,2,19,0,100,
prod-nox-at10-team-backpack,cat-padel-bags,brand-nox,AT10 Team Backpack,current,draft,VERIFIED_COMPLETE,1,0,1,4,0,3,18,0,100,
prod-nox-at10-team,cat-padel-bags,brand-nox,AT10 Team,current,published,VERIFIED_COMPLETE,1,0,1,4,0,3,18,0,100,
prod-nox-luxury-master-backpack,cat-padel-bags,brand-nox,Luxury Master Backpack,current,published,VERIFIED_COMPLETE,1,0,1,4,0,3,18,0,100,
prod-nox-luxury-master-series,cat-padel-bags,brand-nox,Luxury Master Series,current,published,VERIFIED_COMPLETE,1,0,0,5,0,2,19,0,100,
prod-nox-luxury-open-backpack,cat-padel-bags,brand-nox,Luxury Open Backpack,current,published,VERIFIED_COMPLETE,1,0,1,4,0,3,18,0,100,
prod-nox-luxury-open-series,cat-padel-bags,brand-nox,Luxury Open Series,current,published,VERIFIED_COMPLETE,1,0,0,5,0,2,19,0,100,
prod-nox-ml10-competition-xl-compact,cat-padel-bags,brand-nox,ML10 Competition XL Compact,current,draft,VERIFIED_COMPLETE,1,0,0,5,0,2,19,0,100,
prod-nox-ml10-team-backpack,cat-padel-bags,brand-nox,ML10 Team Backpack,current,draft,VERIFIED_COMPLETE,1,0,1,4,0,3,18,0,100,
prod-nox-ml10-team,cat-padel-bags,brand-nox,ML10 Team,current,draft,VERIFIED_COMPLETE,1,0,1,4,0,3,18,0,100,
prod-nox-at10-competition-xl-compact,cat-padel-bags,brand-nox,AT10 Competition XL Compact,current,draft,VERIFIED_COMPLETE,1,0,1,4,0,3,18,0,100,
prod-nox-pro-series-backpack,cat-padel-bags,brand-nox,Pro Series Backpack,current,published,VERIFIED_COMPLETE,1,0,1,4,0,3,18,0,100,
prod-nox-pro-series,cat-padel-bags,brand-nox,Pro Series,current,draft,VERIFIED_COMPLETE,1,0,1,4,0,3,18,0,100,
prod-nox-street-series,cat-padel-bags,brand-nox,Street Series,current,draft,VERIFIED_COMPLETE,1,0,1,4,0,3,18,0,100,
prod-oxdog-cube,cat-padel-bags,brand-oxdog,Cube,current,published,VERIFIED_COMPLETE,1,0,1,4,0,3,18,0,100,
prod-oxdog-hyper-pro-thermo,cat-padel-bags,brand-oxdog,Hyper Pro Thermo,current,published,VERIFIED_COMPLETE,1,0,1,4,0,3,18,0,100,
prod-oxdog-hyper-tour-thermo-backpack,cat-padel-bags,brand-oxdog,Hyper Tour Thermo Backpack,current,published,VERIFIED_COMPLETE,1,0,1,4,0,3,18,0,100,
prod-oxdog-x-padel-pro-thermo,cat-padel-bags,brand-oxdog,X Padel Pro Thermo,current,draft,VERIFIED_COMPLETE,1,0,1,4,0,3,18,0,100,
prod-royal-padel-force,cat-padel-bags,brand-royal-padel,Force,current,published,VERIFIED_COMPLETE,1,0,1,4,0,3,18,0,100,
prod-siux-nomad,cat-padel-bags,brand-siux,Nomad,current,published,VERIFIED_COMPLETE,1,0,1,4,0,3,18,0,100,
prod-siux-electra-stupa-2026,cat-padel-bags,brand-siux,Electra Stupa 2026,current,published,VERIFIED_COMPLETE,1,0,1,4,0,3,18,0,100,
prod-siux-tour,cat-padel-bags,brand-siux,Tour,current,published,VERIFIED_COMPLETE,1,0,1,4,0,3,18,0,100,
prod-siux-trail,cat-padel-bags,brand-siux,Trail,current,published,VERIFIED_COMPLETE,1,0,1,4,0,3,18,0,100,
prod-starvie-hard-eva,cat-padel-bags,brand-starvie,Hard Eva,current,published,VERIFIED_COMPLETE,1,0,1,4,0,3,18,0,100,
prod-starvie-hard-eva-backpack,cat-padel-bags,brand-starvie,Hard Eva Backpack,current,published,VERIFIED_COMPLETE,1,0,1,4,0,3,18,0,100,
prod-starvie-pro-master,cat-padel-bags,brand-starvie,Pro Master,current,published,VERIFIED_COMPLETE,1,0,1,4,0,3,18,0,100,
prod-starvie-tactic-pro,cat-padel-bags,brand-starvie,Tactic Pro,current,published,VERIFIED_COMPLETE,1,0,1,4,0,3,18,0,100,
prod-tecnifibre-tour-endurance-bag,cat-padel-bags,brand-tecnifibre-padel,Tour Endurance Bag,current,published,VERIFIED_COMPLETE,1,0,1,4,0,2,18,0,100,
prod-tecnifibre-tour-endurance-ultra,cat-padel-bags,brand-tecnifibre-padel,Tour Endurance Ultra,current,draft,VERIFIED_COMPLETE,1,0,0,5,0,2,19,0,100,
prod-varlion-ambassador,cat-padel-bags,brand-varlion,Ambassador,current,draft,VERIFIED_COMPLETE,1,0,1,4,0,3,18,0,100,
prod-varlion-summum-backpack,cat-padel-bags,brand-varlion,Summum Backpack,current,published,VERIFIED_COMPLETE,1,0,1,4,0,3,18,0,100,
prod-varlion-summum-pro,cat-padel-bags,brand-varlion,Summum Pro,current,draft,VERIFIED_COMPLETE,1,0,0,5,0,2,19,0,100,
prod-wilson-bela-super-tour-backpack,cat-padel-bags,brand-wilson-padel,Bela Super Tour Backpack,current,published,VERIFIED_COMPLETE,1,0,1,4,0,3,18,0,100,
prod-wilson-bela-backpack,cat-padel-bags,brand-wilson-padel,Bela Backpack,current,published,VERIFIED_COMPLETE,1,0,1,4,0,2,18,0,100,
prod-wilson-super-tour-2026,cat-padel-bags,brand-wilson-padel,Super Tour 2026,current,published,VERIFIED_COMPLETE,1,0,0,5,0,2,19,0,100,
prod-adidas-pro-bounce,cat-padel-balls,brand-adidas-padel,Pro Bounce,current,published,VERIFIED_COMPLETE,5,0,2,2,1,8,10,0,100,
prod-adidas-serie-tour,cat-padel-balls,brand-adidas-padel,Serie+ Tour,current,draft,VERIFIED_COMPLETE,5,0,2,2,0,7,11,0,100,
prod-babolat-ace,cat-padel-balls,brand-babolat-padel,Ace,current,draft,VERIFIED_COMPLETE,5,0,2,2,1,8,10,0,100,
prod-babolat-court,cat-padel-balls,brand-babolat-padel,Court,current,published,VERIFIED_COMPLETE,5,0,2,2,1,8,10,0,100,
prod-babolat-short,cat-padel-balls,brand-babolat-padel,Short,current,published,VERIFIED_COMPLETE,5,0,2,2,0,7,11,0,100,
prod-black-crown-one,cat-padel-balls,brand-black-crown,One,current,published,VERIFIED_COMPLETE,5,0,2,2,1,8,10,0,100,
prod-black-crown-pro,cat-padel-balls,brand-black-crown,Pro,current,published,VERIFIED_COMPLETE,5,0,2,2,1,8,10,0,100,
prod-bullpadel-fip-next,cat-padel-balls,brand-bullpadel,FIP Next,current,draft,VERIFIED_COMPLETE,5,0,2,2,1,8,10,0,100,
prod-bullpadel-fip-next-pro,cat-padel-balls,brand-bullpadel,FIP Next Pro,current,published,VERIFIED_COMPLETE,5,0,2,2,1,8,10,0,100,
prod-bullpadel-next,cat-padel-balls,brand-bullpadel,Next,current,published,VERIFIED_COMPLETE,5,0,2,2,1,8,10,0,100,
prod-bullpadel-next-pro,cat-padel-balls,brand-bullpadel,Next Pro,current,draft,VERIFIED_COMPLETE,5,0,2,2,1,8,10,0,100,
prod-drop-shot-speed-tech,cat-padel-balls,brand-drop-shot,Speed Tech,current,published,VERIFIED_COMPLETE,5,0,2,2,0,7,11,0,100,
prod-drop-shot-tournament-speed-pro,cat-padel-balls,brand-drop-shot,Tournament Speed Pro,current,published,VERIFIED_COMPLETE,5,0,2,2,0,7,11,0,100,
prod-drop-shot-tournament-tech,cat-padel-balls,brand-drop-shot,Tournament Tech,current,draft,VERIFIED_COMPLETE,5,0,2,2,1,8,10,0,100,
prod-drop-shot-training-tech,cat-padel-balls,brand-drop-shot,Training Tech,current,published,VERIFIED_COMPLETE,5,0,2,2,0,7,11,0,100,
prod-dunlop-eco,cat-padel-balls,brand-dunlop-padel,Eco,current,published,VERIFIED_COMPLETE,5,0,2,2,1,8,10,0,100,
prod-dunlop-pro,cat-padel-balls,brand-dunlop-padel,Pro,current,published,VERIFIED_COMPLETE,5,0,2,2,1,8,10,0,100,
prod-dunlop-team,cat-padel-balls,brand-dunlop-padel,Team,current,draft,VERIFIED_COMPLETE,5,0,2,2,1,8,10,0,100,
prod-fila-premium,cat-padel-balls,brand-fila-padel,Premium,current,published,VERIFIED_COMPLETE,5,0,2,2,1,8,10,0,100,
prod-fila-premium-pro,cat-padel-balls,brand-fila-padel,Premium Pro,current,published,VERIFIED_COMPLETE,5,0,2,2,0,7,11,0,100,
prod-nox-nerbo,cat-padel-balls,brand-nox,Nerbo,current,published,VERIFIED_COMPLETE,5,0,2,2,1,8,10,0,100,
prod-nox-nerbo-speed,cat-padel-balls,brand-nox,Nerbo+ Speed,current,published,VERIFIED_COMPLETE,5,0,2,2,1,8,10,0,100,
prod-nox-pro-titanium,cat-padel-balls,brand-nox,Pro Titanium,current,published,VERIFIED_COMPLETE,5,0,2,2,1,8,10,0,100,
prod-osaka-pro-tour,cat-padel-balls,brand-osaka-padel,Pro Tour,current,published,VERIFIED_COMPLETE,5,0,2,2,1,8,10,0,100,
prod-osaka-vision,cat-padel-balls,brand-osaka-padel,Vision,current,published,VERIFIED_COMPLETE,5,0,2,2,1,8,10,0,100,
prod-oxdog-boost,cat-padel-balls,brand-oxdog,Boost,current,published,VERIFIED_COMPLETE,5,0,2,2,1,8,10,0,100,
prod-pallap-competition-01,cat-padel-balls,brand-pallap,Competition 01,current,draft,VERIFIED_COMPLETE,5,0,2,2,1,8,10,0,100,
prod-rs-champions-choice,cat-padel-balls,brand-rs-padel,Champions Choice,current,published,VERIFIED_COMPLETE,5,0,2,2,1,8,10,0,100,
prod-rs-nova-x,cat-padel-balls,brand-rs-padel,Nova X,current,published,VERIFIED_COMPLETE,5,0,2,2,1,8,10,0,100,
prod-siux-neo,cat-padel-balls,brand-siux,Neo,current,published,VERIFIED_COMPLETE,5,0,2,2,1,8,10,0,100,
prod-siux-neo-speed,cat-padel-balls,brand-siux,Neo Speed,current,published,VERIFIED_COMPLETE,5,0,2,2,1,8,10,0,100,
prod-siux-neo-speed-neo-s,cat-padel-balls,brand-siux,Neo Speed (Neo S),current,published,VERIFIED_COMPLETE,5,0,2,2,1,8,10,0,100,
prod-slazenger-challenge-no-1,cat-padel-balls,brand-slazenger-padel,Challenge No.1,current,draft,VERIFIED_COMPLETE,5,0,2,2,1,8,10,0,100,
prod-tecnifibre-padel-tour,cat-padel-balls,brand-tecnifibre-padel,Padel Tour,current,published,VERIFIED_COMPLETE,5,0,2,2,1,8,10,0,100,
prod-tecnifibre-x-one,cat-padel-balls,brand-tecnifibre-padel,X-One,current,published,VERIFIED_COMPLETE,5,0,2,2,1,8,10,0,100,
prod-tretorn-serie-padel-control,cat-padel-balls,brand-tretorn-padel,Serie+ Padel Control,current,published,VERIFIED_COMPLETE,5,0,2,2,1,8,10,0,100,
prod-tretorn-serie-padel-tour,cat-padel-balls,brand-tretorn-padel,Serie+ Padel Tour,current,published,VERIFIED_COMPLETE,5,0,2,2,1,8,10,0,100,
prod-varlion-summum-pro-s,cat-padel-balls,brand-varlion,Summum Pro S,current,draft,VERIFIED_COMPLETE,5,0,2,2,0,7,11,0,100,
prod-varlion-summum-pro-w,cat-padel-balls,brand-varlion,Summum Pro W,current,draft,VERIFIED_COMPLETE,5,0,2,2,0,7,11,0,100,
prod-volt-premium,cat-padel-balls,brand-volt-padel,Premium,current,published,VERIFIED_COMPLETE,5,0,2,2,1,8,10,0,100,
prod-wilson-premier-padel,cat-padel-balls,brand-wilson-padel,Premier Padel,current,published,VERIFIED_COMPLETE,5,0,2,2,1,8,10,0,100,
prod-wilson-rush-100,cat-padel-balls,brand-wilson-padel,Rush 100,current,published,VERIFIED_COMPLETE,5,0,2,2,1,8,10,0,100,
prod-adidas-perforated-ac2ba1wh,cat-padel-grips,brand-adidas-padel,Perforated / AC2BA1WH,current,draft,VERIFIED_COMPLETE,1,0,1,4,1,4,14,0,94,
prod-adidas-tacky-feeling,cat-padel-grips,brand-adidas-padel,Tacky Feeling,current,published,VERIFIED_COMPLETE,1,0,1,4,1,4,14,0,94,
prod-babolat-pro-tour,cat-padel-grips,brand-babolat-padel,Pro Tour,current,published,VERIFIED_COMPLETE,1,0,0,5,1,3,15,0,94,
prod-babolat-syntec-team,cat-padel-grips,brand-babolat-padel,Syntec Team,current,draft,VERIFIED_COMPLETE,1,0,0,5,1,3,15,0,94,
prod-babolat-vs-original,cat-padel-grips,brand-babolat-padel,VS Original,current,published,VERIFIED_COMPLETE,1,0,0,5,1,3,15,0,94,
prod-black-crown-black-crown-perforated,cat-padel-grips,brand-black-crown,Black Crown Perforated,current,published,VERIFIED_COMPLETE,1,0,1,4,1,4,14,0,94,
prod-bullpadel-comfort-overgrip,cat-padel-grips,brand-bullpadel,Comfort Overgrip,current,published,VERIFIED_COMPLETE,1,0,0,5,1,2,15,0,94,
prod-bullpadel-gb-1705,cat-padel-grips,brand-bullpadel,GB-1705,current,draft,VERIFIED_COMPLETE,1,0,0,5,1,3,15,0,94,
prod-bullpadel-gb1201,cat-padel-grips,brand-bullpadel,GB1201,current,draft,VERIFIED_COMPLETE,1,0,0,5,1,3,15,0,94,
prod-bullpadel-gb1200-hac,cat-padel-grips,brand-bullpadel,GB1200 HaC,current,draft,VERIFIED_COMPLETE,1,0,0,5,1,3,15,0,94,
prod-drop-shot-club,cat-padel-grips,brand-drop-shot,Club,current,published,VERIFIED_COMPLETE,1,0,0,5,1,3,15,0,94,
prod-drop-shot-super-dry,cat-padel-grips,brand-drop-shot,Super Dry,current,draft,VERIFIED_COMPLETE,1,0,1,4,1,3,14,0,94,
prod-drop-shot-super-tacky,cat-padel-grips,brand-drop-shot,Super Tacky,current,published,VERIFIED_COMPLETE,1,0,1,4,1,4,14,0,94,
prod-enebe-enebe-smooth,cat-padel-grips,brand-enebe,Enebe Smooth,current,published,VERIFIED_COMPLETE,1,0,0,5,1,3,15,0,94,
prod-head-prestige-pro,cat-padel-grips,brand-head-padel,Prestige Pro,current,published,VERIFIED_COMPLETE,1,0,0,5,1,2,15,0,94,
prod-head-hydrosorb-comfort,cat-padel-grips,brand-head-padel,Hydrosorb Comfort,current,draft,VERIFIED_COMPLETE,1,0,1,4,1,4,14,0,94,
prod-head-hydrosorb-family,cat-padel-grips,brand-head-padel,Hydrosorb family,current,draft,VERIFIED_COMPLETE,1,0,1,4,1,4,14,0,94,
prod-head-padel-pro,cat-padel-grips,brand-head-padel,Padel Pro,current,published,VERIFIED_COMPLETE,1,0,0,5,1,3,15,0,94,
prod-head-padel-pro-perforated,cat-padel-grips,brand-head-padel,Padel Pro Perforated,current,published,VERIFIED_COMPLETE,1,0,1,4,1,4,14,0,94,
prod-head-xtreme-soft-xtremesoft,cat-padel-grips,brand-head-padel,Xtreme Soft / XtremeSoft,current,published,VERIFIED_COMPLETE,1,0,0,5,1,3,15,0,94,
prod-hesacore-carbon,cat-padel-grips,brand-hesacore,Carbon,current,published,VERIFIED_COMPLETE,1,0,0,5,1,3,15,0,94,
prod-hesacore-gel,cat-padel-grips,brand-hesacore,Gel,current,draft,VERIFIED_COMPLETE,1,0,0,5,1,3,15,0,94,
prod-hesacore-pro-carbon,cat-padel-grips,brand-hesacore,Pro Carbon,current,published,VERIFIED_COMPLETE,1,0,0,5,1,2,15,0,94,
prod-hesacore-tour,cat-padel-grips,brand-hesacore,Tour,current,draft,VERIFIED_COMPLETE,1,0,0,5,1,2,15,0,94,
prod-hesacore-tour-w,cat-padel-grips,brand-hesacore,Tour W,current,draft,VERIFIED_COMPLETE,1,0,0,5,1,2,15,0,94,
prod-hesacore-pink-w,cat-padel-grips,brand-hesacore,Pink / W,current,draft,VERIFIED_COMPLETE,1,0,0,5,1,3,15,0,94,
prod-hesacore-tour-original,cat-padel-grips,brand-hesacore,Tour / Original,current,published,VERIFIED_COMPLETE,1,0,0,5,1,3,15,0,94,
prod-joma-club-cushion,cat-padel-grips,brand-joma,Club Cushion,current,published,VERIFIED_COMPLETE,1,0,0,5,1,3,15,0,94,
prod-kuikma-antislip,cat-padel-grips,brand-kuikma,Antislip,current,draft,VERIFIED_COMPLETE,1,0,0,5,1,3,15,0,94,
prod-kuikma-overgrip-pro-adherence,cat-padel-grips,brand-kuikma,Overgrip Pro / Adherence,current,draft,VERIFIED_COMPLETE,1,0,0,5,1,3,15,0,94,
prod-nox-custom-grip,cat-padel-grips,brand-nox,Custom Grip,current,published,VERIFIED_COMPLETE,1,0,0,5,1,3,15,0,94,
prod-nox-luxury-pro,cat-padel-grips,brand-nox,Luxury Pro,current,draft,VERIFIED_COMPLETE,1,0,0,5,1,3,15,0,94,
prod-nox-h-dri,cat-padel-grips,brand-nox,H-Dri,current,draft,VERIFIED_COMPLETE,1,0,1,4,1,3,14,0,94,
prod-shockout-shockout-overgrip,cat-padel-grips,brand-shockout,ShockOut Overgrip,current,published,VERIFIED_COMPLETE,1,0,0,5,1,3,15,0,94,
prod-shockout-100-0062-combo,cat-padel-grips,brand-shockout,100-0062 Combo,current,draft,VERIFIED_COMPLETE,1,0,0,5,1,3,15,0,94,
prod-shockout-shockout,cat-padel-grips,brand-shockout,ShockOut,current,draft,VERIFIED_COMPLETE,1,0,0,5,1,2,15,0,94,
prod-siux-elite,cat-padel-grips,brand-siux,Elite,current,published,VERIFIED_COMPLETE,1,0,0,5,1,3,15,0,94,
prod-siux-elite-overgrip,cat-padel-grips,brand-siux,Elite Overgrip,current,published,VERIFIED_COMPLETE,1,0,0,5,1,2,15,0,94,
prod-starvie-premier-soft,cat-padel-grips,brand-starvie,Premier Soft,current,published,VERIFIED_COMPLETE,1,0,0,5,1,2,15,0,94,
prod-starvie-tacky-touch,cat-padel-grips,brand-starvie,Tacky Touch,current,draft,VERIFIED_COMPLETE,1,0,1,4,1,4,14,0,94,
prod-tecnifibre-contact-pro,cat-padel-grips,brand-tecnifibre-padel,Contact Pro,current,published,VERIFIED_COMPLETE,1,0,0,5,1,3,15,0,94,
prod-tecnifibre-players-pro-feel,cat-padel-grips,brand-tecnifibre-padel,Players Pro Feel,current,published,VERIFIED_COMPLETE,1,0,0,5,1,3,15,0,94,
prod-tecnifibre-pro-contact,cat-padel-grips,brand-tecnifibre-padel,Pro Contact,current,draft,VERIFIED_COMPLETE,1,0,0,5,1,2,15,0,94,
prod-tourna-tourna-grip-ii,cat-padel-grips,brand-tourna,Tourna Grip II,current,draft,VERIFIED_COMPLETE,1,0,0,5,1,3,15,0,94,
prod-tourna-tourna-grip-original-xl,cat-padel-grips,brand-tourna,Tourna Grip Original XL,current,published,VERIFIED_COMPLETE,1,0,0,5,1,3,15,0,94,
prod-tourna-grip-xl,cat-padel-grips,brand-tourna,Grip XL,current,draft,VERIFIED_COMPLETE,1,0,0,5,1,2,15,0,94,
prod-tourna-mega-tac,cat-padel-grips,brand-tourna,Mega Tac,current,published,VERIFIED_COMPLETE,1,0,1,4,1,3,14,0,94,
prod-wilson-wilson-replacement-grip,cat-padel-grips,brand-wilson-padel,Wilson Replacement Grip,current,published,VERIFIED_COMPLETE,1,0,0,5,1,3,15,0,94,
prod-wilson-pro-overgrip-perforated,cat-padel-grips,brand-wilson-padel,Pro Overgrip Perforated,current,draft,VERIFIED_COMPLETE,1,0,1,4,1,4,14,0,94,
prod-wilson-profile-padel,cat-padel-grips,brand-wilson-padel,Profile Padel,current,published,VERIFIED_COMPLETE,1,0,0,5,1,3,15,0,94,
prod-yonex-super-grap,cat-padel-grips,brand-yonex-padel,Super Grap,current,draft,VERIFIED_COMPLETE,1,0,0,5,1,3,15,0,94,
prod-kuikma-insulated-backpack-pro-40-l,cat-padel-bags,brand-kuikma,Insulated Backpack Pro 40 L,current,draft,VERIFIED_COMPLETE,1,0,1,4,0,3,18,0,100,
prod-adidas-weekend-bag-martita-ortega-2026,cat-padel-bags,brand-adidas-padel,Weekend Bag Martita Ortega 2026,current,published,VERIFIED_COMPLETE,1,0,1,4,0,3,18,0,100,
prod-adidas-accessory-pouch-2026,cat-padel-accessories,brand-adidas-padel,Accessory Pouch 2026,current,published,VERIFIED_COMPLETE,1,0,1,0,1,3,2,0,80,
prod-adidas-shoe-bag-ale-gal-n,cat-padel-accessories,brand-adidas-padel,Shoe Bag Ale Galán,current,published,VERIFIED_COMPLETE,1,0,1,0,1,3,2,0,80,
prod-dunlop-elite-thermo,cat-padel-bags,brand-dunlop-padel,Elite Thermo,current,draft,VERIFIED_COMPLETE,1,0,1,4,0,3,18,0,100,
prod-dunlop-tour-pro,cat-padel-grips,brand-dunlop-padel,Tour Pro,current,draft,VERIFIED_COMPLETE,1,0,0,5,1,3,15,0,94,
prod-dunlop-tour-dry,cat-padel-grips,brand-dunlop-padel,Tour Dry,current,published,VERIFIED_COMPLETE,1,0,1,4,1,4,14,0,94,
prod-dunlop-protection-tape,cat-padel-accessories,brand-dunlop-padel,Protection Tape,current,draft,VERIFIED_COMPLETE,1,0,1,3,1,3,3,0,83,
prod-joma-vero-virseda-2026,cat-padel-bags,brand-joma,Vero Virseda 2026,current,draft,VERIFIED_COMPLETE,1,0,1,4,0,3,18,0,100,
prod-babolat-rh-perf-padel,cat-padel-bags,brand-babolat-padel,RH Perf Padel,current,draft,VERIFIED_COMPLETE,1,0,1,4,0,3,18,0,100,
prod-bullpadel-gb-1201-perforated,cat-padel-grips,brand-bullpadel,GB-1201 Perforated,current,published,VERIFIED_COMPLETE,1,0,1,4,1,4,14,0,94,
prod-bullpadel-gb-1202-fixogrip-pro,cat-padel-grips,brand-bullpadel,GB-1202 FixoGrip Pro,current,draft,VERIFIED_COMPLETE,1,0,0,5,1,3,15,0,94,
prod-bullpadel-gb-1705-sensogrip-pro,cat-padel-grips,brand-bullpadel,GB-1705 SensoGrip Pro,current,draft,VERIFIED_COMPLETE,1,0,0,5,1,3,15,0,94,
prod-nox-pro-overgrip-perforated,cat-padel-grips,brand-nox,Pro Overgrip Perforated,current,draft,VERIFIED_COMPLETE,1,0,1,4,1,4,14,0,94,
prod-wilson-profile-padel-overgrip,cat-padel-grips,brand-wilson-padel,Profile Padel Overgrip,current,draft,VERIFIED_COMPLETE,1,0,0,5,1,3,15,0,94,
prod-oxdog-gold-pro,cat-padel-grips,brand-oxdog,Gold Pro,current,published,VERIFIED_COMPLETE,1,0,0,5,1,3,15,0,94,
prod-oxdog-gold-sticky,cat-padel-grips,brand-oxdog,Gold Sticky,current,published,VERIFIED_COMPLETE,1,0,1,4,1,4,14,0,94,
prod-oxdog-no1,cat-padel-accessories,brand-oxdog,No1,current,draft,VERIFIED_COMPLETE,1,0,1,3,1,3,3,0,83,
prod-black-crown-plus,cat-padel-bags,brand-black-crown,Plus,current,published,VERIFIED_COMPLETE,1,0,1,4,0,3,18,0,100,
prod-lok-one-gen-2,cat-padel-bags,brand-lok,One Gen 2,current,published,VERIFIED_COMPLETE,1,0,1,4,0,3,18,0,100,
prod-lok-accessory-bag-gen-2,cat-padel-bags,brand-lok,Accessory Bag Gen 2,current,published,VERIFIED_COMPLETE,1,0,0,5,0,2,19,0,100,
prod-sane-nitro,cat-padel-balls,brand-sane,Nitro,current,draft,VERIFIED_COMPLETE,5,0,2,2,1,8,10,0,100,
prod-sane-core,cat-padel-balls,brand-sane,Core,current,published,VERIFIED_COMPLETE,5,0,2,2,1,8,10,0,100,
prod-sane-spin-premium,cat-padel-balls,brand-sane,Spin Premium,current,draft,VERIFIED_COMPLETE,5,0,2,2,1,8,10,0,100,
prod-sane-feel,cat-padel-grips,brand-sane,Feel+,current,draft,VERIFIED_COMPLETE,1,0,0,5,1,3,15,0,94,
prod-sane-pro-elegance,cat-padel-bags,brand-sane,Pro Elegance,current,draft,VERIFIED_COMPLETE,1,0,1,4,0,3,18,0,100,
prod-sane-pro-sport,cat-padel-bags,brand-sane,Pro Sport,current,draft,VERIFIED_COMPLETE,1,0,1,4,0,3,18,0,100,
prod-sane-everyday,cat-padel-bags,brand-sane,Everyday,current,draft,VERIFIED_COMPLETE,1,0,1,4,0,3,18,0,100,
prod-volt-volt-padelbag,cat-padel-bags,brand-volt-padel,Volt Padelbag,current,published,VERIFIED_COMPLETE,1,0,1,4,0,3,18,0,100,
prod-volt-volt-premium,cat-padel-grips,brand-volt-padel,Volt Premium,current,published,VERIFIED_COMPLETE,1,0,0,5,1,3,15,0,94,
prod-osaka-sports-padel-bag,cat-padel-bags,brand-osaka-padel,Sports Padel Bag,current,published,VERIFIED_COMPLETE,1,0,1,4,0,3,18,0,100,
prod-osaka-sports-backpack,cat-padel-bags,brand-osaka-padel,Sports Backpack,current,published,VERIFIED_COMPLETE,1,0,1,4,0,3,18,0,100,
prod-osaka-pro-tour-duffel,cat-padel-bags,brand-osaka-padel,Pro Tour Duffel,current,draft,VERIFIED_COMPLETE,1,0,1,4,0,3,18,0,100,
prod-osaka-osaka-overgrip,cat-padel-grips,brand-osaka-padel,Osaka Overgrip,current,published,VERIFIED_COMPLETE,1,0,0,5,1,3,15,0,94,
prod-royal-padel-royal-overgrip,cat-padel-grips,brand-royal-padel,Royal Overgrip,current,published,VERIFIED_COMPLETE,1,0,0,5,1,3,15,0,94,
prod-rs-pro-padel-bag,cat-padel-bags,brand-rs-padel,Pro Padel Bag,current,draft,VERIFIED_COMPLETE,1,0,1,4,0,3,18,0,100,
prod-rs-pro-tour-overgrip,cat-padel-grips,brand-rs-padel,Pro Tour Overgrip,current,draft,VERIFIED_COMPLETE,1,0,0,5,1,3,15,0,94,
prod-bounce-filtertech-padel,cat-padel-accessories,brand-bounce-tube,FilterTech Padel,current,published,VERIFIED_COMPLETE,2,1,1,3,1,4,6,0,90,
prod-4on-totalgrip-paste,cat-padel-accessories,brand-4on,TotalGrip Paste,current,published,VERIFIED_COMPLETE,1,0,1,0,1,3,2,0,80,
prod-4on-totaldry,cat-padel-accessories,brand-4on,TotalDry,current,draft,VERIFIED_COMPLETE,1,0,1,0,1,3,2,0,80,
prod-4on-swiftgrip,cat-padel-grips,brand-4on,SwiftGrip,current,published,VERIFIED_COMPLETE,1,0,0,5,1,3,15,0,94,
prod-4on-premium-comfort,cat-padel-grips,brand-4on,Premium Comfort,current,draft,VERIFIED_COMPLETE,1,0,0,5,1,3,15,0,94,
prod-4on-pro-t1,cat-padel-balls,brand-4on,Pro T1,current,published,VERIFIED_COMPLETE,5,0,2,2,1,8,10,0,100,
prod-shockout-dual-pro,cat-padel-grips,brand-shockout,Dual Pro,current,draft,VERIFIED_COMPLETE,1,0,0,5,1,3,15,0,94,
prod-shockout-shockout-perforated,cat-padel-grips,brand-shockout,ShockOut Perforated,current,draft,VERIFIED_COMPLETE,1,0,1,4,1,4,14,0,94,
prod-tourna-tourna-tac-xl,cat-padel-grips,brand-tourna,Tourna Tac XL,current,draft,VERIFIED_COMPLETE,1,0,1,4,1,4,14,0,94,
prod-tourna-tourna-tuff,cat-padel-grips,brand-tourna,Tourna Tuff,current,draft,VERIFIED_COMPLETE,1,0,0,5,1,3,15,0,94,
prod-sane-core-overgrip,cat-padel-grips,brand-sane,Core Overgrip,current,draft,VERIFIED_COMPLETE,1,0,0,5,1,3,15,0,94,
prod-noene-anti-shock-grip-padel,cat-padel-grips,brand-noene,Anti Shock Grip Padel,current,published,VERIFIED_COMPLETE,1,0,0,5,1,3,15,0,94,
prod-noene-undergrip-anti-shock,cat-padel-grips,brand-noene,Undergrip Anti-shock,current,published,VERIFIED_COMPLETE,1,0,0,5,1,3,15,0,94,
prod-head-prime-tour,cat-padel-grips,brand-head-padel,Prime Tour,current,published,VERIFIED_COMPLETE,1,0,0,5,1,3,15,0,94,
prod-bullpadel-vertex-w,cat-padel-shoes,brand-bullpadel,Vertex-W,current,published,VERIFIED_COMPLETE,1,0,6,0,4,11,5,0,100,
