productId,slug,category,brand,status,revokedWrongMedia,priorHeroSrc,priorSourceUrl,identityReasons,researchPriority,sourcePriority
"prod-nox-bag-10","nox-thermo-bag-10","bags","nox","draft","no","/images/padel/products/bag.svg","","not_authentic_photograph","P1_REGISTER_EXACT","1_official_manufacturer|2_official_distributor|3_specialist_retailer|4_major_retailer"
"prod-bullpadel-premium-gold","bullpadel-premium-gold","balls","bullpadel","draft","no","/images/padel/products/balls.svg","","not_authentic_photograph","P1_REGISTER_EXACT","1_official_manufacturer|2_official_distributor|3_specialist_retailer|4_major_retailer"
"prod-adidas-aditour-padel","adidas-aditour-padel-balls","balls","adidas-padel","draft","no","/images/padel/products/balls.svg","","not_authentic_photograph","P1_REGISTER_EXACT","1_official_manufacturer|2_official_distributor|3_specialist_retailer|4_major_retailer"
"prod-kuikma-paletero","kuikma-padel-paletero","bags","kuikma","draft","yes","/images/padel/products/bag.svg","","not_authentic_photograph","P0_EXACT_MANUFACTURER","1_official_manufacturer|2_official_distributor|3_specialist_retailer|4_major_retailer"
"prod-nox-pro-series-bag","nox-pro-series-padel-bag","bags","nox","draft","no","/images/padel/products/bag.svg","","not_authentic_photograph","P1_REGISTER_EXACT","1_official_manufacturer|2_official_distributor|3_specialist_retailer|4_major_retailer"
"prod-siux-paletero","siux-padel-paletero","bags","siux","draft","yes","/images/padel/products/bag.svg","","not_authentic_photograph","P0_EXACT_MANUFACTURER","1_official_manufacturer|2_official_distributor|3_specialist_retailer|4_major_retailer"
"prod-head-hydrosorb","head-hydrosorb-replacement-grip","grips","head","draft","yes","/images/padel/products/grips.svg","","not_authentic_photograph","P0_EXACT_MANUFACTURER","1_official_manufacturer|2_official_distributor|3_specialist_retailer|4_major_retailer"
"prod-head-wristband","head-padel-wristband","accessories","head","draft","yes","/images/catalog/fallbacks/accessory.svg","","not_authentic_photograph","P0_EXACT_MANUFACTURER","1_official_manufacturer|2_official_distributor|3_specialist_retailer|4_major_retailer"
"prod-wilson-wristband","wilson-padel-wristband","accessories","wilson","draft","yes","/images/catalog/fallbacks/accessory.svg","","not_authentic_photograph","P0_EXACT_MANUFACTURER","1_official_manufacturer|2_official_distributor|3_specialist_retailer|4_major_retailer"
"prod-nox-wristband","nox-padel-wristband","accessories","nox","draft","yes","/images/catalog/fallbacks/accessory.svg","","not_authentic_photograph","P0_EXACT_MANUFACTURER","1_official_manufacturer|2_official_distributor|3_specialist_retailer|4_major_retailer"
"prod-bullpadel-wristband","bullpadel-padel-wristband","accessories","bullpadel","draft","yes","/images/catalog/fallbacks/accessory.svg","","not_authentic_photograph","P0_EXACT_MANUFACTURER","1_official_manufacturer|2_official_distributor|3_specialist_retailer|4_major_retailer"
"prod-head-smartsorb","head-smartsorb","accessories","head","draft","yes","/images/catalog/fallbacks/accessory.svg","","not_authentic_photograph","P0_EXACT_MANUFACTURER","1_official_manufacturer|2_official_distributor|3_specialist_retailer|4_major_retailer"
"prod-adidas-adidas-protector","adidas-adidas-protector","accessories","adidas-padel","draft","yes","/images/catalog/fallbacks/accessory.svg","","not_authentic_photograph","P0_EXACT_MANUFACTURER","1_official_manufacturer|2_official_distributor|3_specialist_retailer|4_major_retailer"
"prod-adidas-adidas-wristband","adidas-adidas-wristband","accessories","adidas-padel","draft","yes","/images/catalog/fallbacks/accessory.svg","","not_authentic_photograph","P0_EXACT_MANUFACTURER","1_official_manufacturer|2_official_distributor|3_specialist_retailer|4_major_retailer"
"prod-alacran-alacran-basket","alacran-alacran-basket","accessories","alacran","draft","yes","/images/catalog/fallbacks/accessory.svg","","not_authentic_photograph","P0_EXACT_MANUFACTURER","1_official_manufacturer|2_official_distributor|3_specialist_retailer|4_major_retailer"
"prod-alacran-wide-ancha","alacran-wide-ancha","accessories","alacran","draft","yes","/images/catalog/fallbacks/accessory.svg","","not_authentic_photograph","P0_EXACT_MANUFACTURER","1_official_manufacturer|2_official_distributor|3_specialist_retailer|4_major_retailer"
"prod-babolat-babolat-protector","babolat-babolat-protector","accessories","babolat","draft","yes","/images/catalog/fallbacks/accessory.svg","","not_authentic_photograph","P0_EXACT_MANUFACTURER","1_official_manufacturer|2_official_distributor|3_specialist_retailer|4_major_retailer"
"prod-babolat-babolat-wristband","babolat-babolat-wristband","accessories","babolat","draft","yes","/images/catalog/fallbacks/accessory.svg","","not_authentic_photograph","P0_EXACT_MANUFACTURER","1_official_manufacturer|2_official_distributor|3_specialist_retailer|4_major_retailer"
"prod-ball-rescuer-premium","ball-rescuer-premium","accessories","ball-rescuer","draft","no","/images/catalog/fallbacks/accessory.svg","","not_authentic_photograph","P1_REGISTER_EXACT","1_official_manufacturer|2_official_distributor|3_specialist_retailer|4_major_retailer"
"prod-black-crown-vibranium-transparent","black-crown-vibranium-transparent","accessories","black-crown","draft","yes","/images/catalog/fallbacks/accessory.svg","","not_authentic_photograph","P0_EXACT_MANUFACTURER","1_official_manufacturer|2_official_distributor|3_specialist_retailer|4_major_retailer"
"prod-bounce-bounce-padel-x4","bounce-bounce-padel-x4","accessories","bounce-tube","draft","no","/images/catalog/fallbacks/accessory.svg","","not_authentic_photograph","P1_REGISTER_EXACT","1_official_manufacturer|2_official_distributor|3_specialist_retailer|4_major_retailer"
"prod-bullpadel-bpmu252-bpmu253","bullpadel-bpmu252-bpmu253","accessories","bullpadel","draft","yes","/images/catalog/fallbacks/accessory.svg","","not_authentic_photograph","P0_EXACT_MANUFACTURER","1_official_manufacturer|2_official_distributor|3_specialist_retailer|4_major_retailer"
"prod-bullpadel-pascal-box-switch-3b","bullpadel-pascal-box-switch-3b","accessories","bullpadel","draft","no","/images/catalog/fallbacks/accessory.svg","","not_authentic_photograph","P1_REGISTER_EXACT","1_official_manufacturer|2_official_distributor|3_specialist_retailer|4_major_retailer"
"prod-bullpadel-bullpadel-headband","bullpadel-bullpadel-headband","accessories","bullpadel","draft","yes","/images/catalog/fallbacks/accessory.svg","","not_authentic_photograph","P0_EXACT_MANUFACTURER","1_official_manufacturer|2_official_distributor|3_specialist_retailer|4_major_retailer"
"prod-bullpadel-metalshield","bullpadel-metalshield","accessories","bullpadel","draft","yes","/images/catalog/fallbacks/accessory.svg","","not_authentic_photograph","P0_EXACT_MANUFACTURER","1_official_manufacturer|2_official_distributor|3_specialist_retailer|4_major_retailer"
"prod-bullpadel-pascal-box-4b","bullpadel-pascal-box-4b","accessories","bullpadel","draft","no","/images/catalog/fallbacks/accessory.svg","","not_authentic_photograph","P1_REGISTER_EXACT","1_official_manufacturer|2_official_distributor|3_specialist_retailer|4_major_retailer"
"prod-bullpadel-pascal-box-pro","bullpadel-pascal-box-pro","accessories","bullpadel","draft","no","/images/catalog/fallbacks/accessory.svg","","not_authentic_photograph","P1_REGISTER_EXACT","1_official_manufacturer|2_official_distributor|3_specialist_retailer|4_major_retailer"
"prod-bullpadel-pascal-box-switch","bullpadel-pascal-box-switch","accessories","bullpadel","draft","no","/images/catalog/fallbacks/accessory.svg","","not_authentic_photograph","P1_REGISTER_EXACT","1_official_manufacturer|2_official_distributor|3_specialist_retailer|4_major_retailer"
"prod-bullpadel-custom-weight-protector","bullpadel-custom-weight-protector","accessories","bullpadel","draft","no","/images/catalog/fallbacks/accessory.svg","","not_authentic_photograph","P1_REGISTER_EXACT","1_official_manufacturer|2_official_distributor|3_specialist_retailer|4_major_retailer"
"prod-head-head-ball-cart","head-head-ball-cart","accessories","head","draft","no","/images/catalog/fallbacks/accessory.svg","","not_authentic_photograph","P1_REGISTER_EXACT","1_official_manufacturer|2_official_distributor|3_specialist_retailer|4_major_retailer"
"prod-head-pick-up-tube","head-pick-up-tube","accessories","head","draft","yes","/images/catalog/fallbacks/accessory.svg","","not_authentic_photograph","P0_EXACT_MANUFACTURER","1_official_manufacturer|2_official_distributor|3_specialist_retailer|4_major_retailer"
"prod-head-court-basket-70","head-court-basket-70","accessories","head","draft","no","/images/catalog/fallbacks/accessory.svg","","not_authentic_photograph","P1_REGISTER_EXACT","1_official_manufacturer|2_official_distributor|3_specialist_retailer|4_major_retailer"
"prod-head-ball-basket","head-ball-basket","accessories","head","draft","no","/images/catalog/fallbacks/accessory.svg","","not_authentic_photograph","P1_REGISTER_EXACT","1_official_manufacturer|2_official_distributor|3_specialist_retailer|4_major_retailer"
"prod-head-protector-tape","head-protector-tape","accessories","head","draft","no","/images/catalog/fallbacks/accessory.svg","","not_authentic_photograph","P1_REGISTER_EXACT","1_official_manufacturer|2_official_distributor|3_specialist_retailer|4_major_retailer"
"prod-head-headband","head-headband","accessories","head","draft","no","/images/catalog/fallbacks/accessory.svg","","not_authentic_photograph","P1_REGISTER_EXACT","1_official_manufacturer|2_official_distributor|3_specialist_retailer|4_major_retailer"
"prod-head-x100","head-x100","accessories","head","draft","no","/images/catalog/fallbacks/accessory.svg","","not_authentic_photograph","P1_REGISTER_EXACT","1_official_manufacturer|2_official_distributor|3_specialist_retailer|4_major_retailer"
"prod-head-head-logo-wristband","head-head-logo-wristband","accessories","head","draft","no","/images/catalog/fallbacks/accessory.svg","","not_authentic_photograph","P1_REGISTER_EXACT","1_official_manufacturer|2_official_distributor|3_specialist_retailer|4_major_retailer"
"prod-head-coaching-kit","head-coaching-kit","accessories","head","draft","yes","/images/catalog/fallbacks/accessory.svg","","not_authentic_photograph","P0_EXACT_MANUFACTURER","1_official_manufacturer|2_official_distributor|3_specialist_retailer|4_major_retailer"
"prod-head-dome-cones","head-dome-cones","accessories","head","draft","yes","/images/catalog/fallbacks/accessory.svg","","not_authentic_photograph","P0_EXACT_MANUFACTURER","1_official_manufacturer|2_official_distributor|3_specialist_retailer|4_major_retailer"
"prod-head-performance-headband","head-performance-headband","accessories","head","draft","no","/images/catalog/fallbacks/accessory.svg","","not_authentic_photograph","P1_REGISTER_EXACT","1_official_manufacturer|2_official_distributor|3_specialist_retailer|4_major_retailer"
"prod-head-head-targets","head-head-targets","accessories","head","draft","no","/images/catalog/fallbacks/accessory.svg","","not_authentic_photograph","P1_REGISTER_EXACT","1_official_manufacturer|2_official_distributor|3_specialist_retailer|4_major_retailer"
"prod-head-x4-pump","head-x4-pump","accessories","head","draft","no","/images/catalog/fallbacks/accessory.svg","","not_authentic_photograph","P1_REGISTER_EXACT","1_official_manufacturer|2_official_distributor|3_specialist_retailer|4_major_retailer"
"prod-nox-nox-pickup-tube","nox-nox-pickup-tube","accessories","nox","draft","no","/images/catalog/fallbacks/accessory.svg","","not_authentic_photograph","P1_REGISTER_EXACT","1_official_manufacturer|2_official_distributor|3_specialist_retailer|4_major_retailer"
"prod-nox-nox-color-pack","nox-nox-color-pack","accessories","nox","draft","yes","/images/catalog/fallbacks/accessory.svg","","not_authentic_photograph","P0_EXACT_MANUFACTURER","1_official_manufacturer|2_official_distributor|3_specialist_retailer|4_major_retailer"
"prod-nox-texture-protector","nox-texture-protector","accessories","nox","draft","no","/images/catalog/fallbacks/accessory.svg","","not_authentic_photograph","P1_REGISTER_EXACT","1_official_manufacturer|2_official_distributor|3_specialist_retailer|4_major_retailer"
"prod-nox-transparent-protection-tape","nox-transparent-protection-tape","accessories","nox","draft","no","/images/catalog/fallbacks/accessory.svg","","not_authentic_photograph","P1_REGISTER_EXACT","1_official_manufacturer|2_official_distributor|3_specialist_retailer|4_major_retailer"
"prod-pascal-box-compressor","pascal-box-compressor","accessories","pascal-box","draft","yes","/images/catalog/fallbacks/accessory.svg","","not_authentic_photograph","P0_EXACT_MANUFACTURER","1_official_manufacturer|2_official_distributor|3_specialist_retailer|4_major_retailer"
"prod-pascal-box-compressor-pro","pascal-box-compressor-pro","accessories","pascal-box","draft","no","/images/catalog/fallbacks/accessory.svg","","not_authentic_photograph","P1_REGISTER_EXACT","1_official_manufacturer|2_official_distributor|3_specialist_retailer|4_major_retailer"
"prod-shockout-shockout-protector","shockout-shockout-protector","accessories","shockout","draft","no","/images/catalog/fallbacks/accessory.svg","","not_authentic_photograph","P1_REGISTER_EXACT","1_official_manufacturer|2_official_distributor|3_specialist_retailer|4_major_retailer"
"prod-shockout-padel-balls-design","shockout-padel-balls-design","accessories","shockout","draft","no","/images/catalog/fallbacks/accessory.svg","","not_authentic_photograph","P1_REGISTER_EXACT","1_official_manufacturer|2_official_distributor|3_specialist_retailer|4_major_retailer"
"prod-siux-siux-logo-transparent","siux-siux-logo-transparent","accessories","siux","draft","no","/images/catalog/fallbacks/accessory.svg","","not_authentic_photograph","P1_REGISTER_EXACT","1_official_manufacturer|2_official_distributor|3_specialist_retailer|4_major_retailer"
"prod-softee-softee-basket","softee-softee-basket","accessories","softee","draft","yes","/images/catalog/fallbacks/accessory.svg","","not_authentic_photograph","P0_EXACT_MANUFACTURER","1_official_manufacturer|2_official_distributor|3_specialist_retailer|4_major_retailer"
"prod-softee-cube-pro","softee-cube-pro","accessories","softee","draft","yes","/images/catalog/fallbacks/accessory.svg","","not_authentic_photograph","P0_EXACT_MANUFACTURER","1_official_manufacturer|2_official_distributor|3_specialist_retailer|4_major_retailer"
"prod-softee-max-tube","softee-max-tube","accessories","softee","draft","no","/images/catalog/fallbacks/accessory.svg","","not_authentic_photograph","P1_REGISTER_EXACT","1_official_manufacturer|2_official_distributor|3_specialist_retailer|4_major_retailer"
"prod-softee-press-pro-x3","softee-press-pro-x3","accessories","softee","draft","no","/images/catalog/fallbacks/accessory.svg","","not_authentic_photograph","P1_REGISTER_EXACT","1_official_manufacturer|2_official_distributor|3_specialist_retailer|4_major_retailer"
"prod-tuboplus-tuboplus-29psi-x3","tuboplus-tuboplus-29psi-x3","accessories","tuboplus","draft","no","/images/catalog/fallbacks/accessory.svg","","not_authentic_photograph","P1_REGISTER_EXACT","1_official_manufacturer|2_official_distributor|3_specialist_retailer|4_major_retailer"
"prod-tuboplus-29psi-x3e","tuboplus-29psi-x3e","accessories","tuboplus","draft","no","/images/catalog/fallbacks/accessory.svg","","not_authentic_photograph","P1_REGISTER_EXACT","1_official_manufacturer|2_official_distributor|3_specialist_retailer|4_major_retailer"
"prod-tuboplus-29psi-x4e","tuboplus-29psi-x4e","accessories","tuboplus","draft","no","/images/catalog/fallbacks/accessory.svg","","not_authentic_photograph","P1_REGISTER_EXACT","1_official_manufacturer|2_official_distributor|3_specialist_retailer|4_major_retailer"
"prod-tuboplus-boost","tuboplus-boost","accessories","tuboplus","draft","no","/images/catalog/fallbacks/accessory.svg","","not_authentic_photograph","P1_REGISTER_EXACT","1_official_manufacturer|2_official_distributor|3_specialist_retailer|4_major_retailer"
"prod-tuboplus-r3play","tuboplus-r3play","accessories","tuboplus","draft","yes","/images/catalog/fallbacks/accessory.svg","","not_authentic_photograph","P0_EXACT_MANUFACTURER","1_official_manufacturer|2_official_distributor|3_specialist_retailer|4_major_retailer"
"prod-tuboplus-r3set","tuboplus-r3set","accessories","tuboplus","draft","no","/images/catalog/fallbacks/accessory.svg","","not_authentic_photograph","P1_REGISTER_EXACT","1_official_manufacturer|2_official_distributor|3_specialist_retailer|4_major_retailer"
"prod-tuboplus-repl4y","tuboplus-repl4y","accessories","tuboplus","draft","no","/images/catalog/fallbacks/accessory.svg","","not_authentic_photograph","P1_REGISTER_EXACT","1_official_manufacturer|2_official_distributor|3_specialist_retailer|4_major_retailer"
"prod-tuboplus-tuboplus-x4","tuboplus-tuboplus-x4","accessories","tuboplus","draft","no","/images/catalog/fallbacks/accessory.svg","","not_authentic_photograph","P1_REGISTER_EXACT","1_official_manufacturer|2_official_distributor|3_specialist_retailer|4_major_retailer"
"prod-tuboplus-tubox3","tuboplus-tubox3","accessories","tuboplus","draft","no","/images/catalog/fallbacks/accessory.svg","","not_authentic_photograph","P1_REGISTER_EXACT","1_official_manufacturer|2_official_distributor|3_specialist_retailer|4_major_retailer"
"prod-wilson-wilson-weight-tape","wilson-wilson-weight-tape","accessories","wilson","draft","yes","/images/catalog/fallbacks/accessory.svg","","not_authentic_photograph","P0_EXACT_MANUFACTURER","1_official_manufacturer|2_official_distributor|3_specialist_retailer|4_major_retailer"
"prod-wilson-wilson-protector","wilson-wilson-protector","accessories","wilson","draft","no","/images/catalog/fallbacks/accessory.svg","","not_authentic_photograph","P1_REGISTER_EXACT","1_official_manufacturer|2_official_distributor|3_specialist_retailer|4_major_retailer"
"prod-adidas-metalbone-bag","adidas-metalbone-bag","bags","adidas-padel","draft","yes","/images/padel/products/bag.svg","","not_authentic_photograph","P0_EXACT_MANUFACTURER","1_official_manufacturer|2_official_distributor|3_specialist_retailer|4_major_retailer"
"prod-adidas-multigame-backpack-2026","adidas-multigame-backpack-2026","bags","adidas-padel","draft","no","/images/padel/products/bag.svg","","not_authentic_photograph","P1_REGISTER_EXACT","1_official_manufacturer|2_official_distributor|3_specialist_retailer|4_major_retailer"
"prod-adidas-multigame-2026","adidas-multigame-2026","bags","adidas-padel","draft","no","/images/padel/products/bag.svg","","not_authentic_photograph","P1_REGISTER_EXACT","1_official_manufacturer|2_official_distributor|3_specialist_retailer|4_major_retailer"
"prod-adidas-weekend","adidas-weekend","bags","adidas-padel","draft","no","/images/padel/products/bag.svg","","not_authentic_photograph","P1_REGISTER_EXACT","1_official_manufacturer|2_official_distributor|3_specialist_retailer|4_major_retailer"
"prod-babolat-backpack-kids","babolat-backpack-kids","bags","babolat","draft","no","/images/padel/products/bag.svg","","not_authentic_photograph","P1_REGISTER_EXACT","1_official_manufacturer|2_official_distributor|3_specialist_retailer|4_major_retailer"
"prod-babolat-court-backpack-lite","babolat-court-backpack-lite","bags","babolat","draft","no","/images/padel/products/bag.svg","","not_authentic_photograph","P1_REGISTER_EXACT","1_official_manufacturer|2_official_distributor|3_specialist_retailer|4_major_retailer"
"prod-bullpadel-advance-bpp26014","bullpadel-advance-bpp26014","bags","bullpadel","draft","yes","/images/padel/products/bag.svg","","not_authentic_photograph","P0_EXACT_MANUFACTURER","1_official_manufacturer|2_official_distributor|3_specialist_retailer|4_major_retailer"
"prod-bullpadel-hack-bpm26002","bullpadel-hack-bpm26002","bags","bullpadel","draft","yes","/images/padel/products/bag.svg","","not_authentic_photograph","P0_EXACT_MANUFACTURER","1_official_manufacturer|2_official_distributor|3_specialist_retailer|4_major_retailer"
"prod-bullpadel-neuron-bpp26020","bullpadel-neuron-bpp26020","bags","bullpadel","draft","no","/images/padel/products/bag.svg","","not_authentic_photograph","P1_REGISTER_EXACT","1_official_manufacturer|2_official_distributor|3_specialist_retailer|4_major_retailer"
"prod-bullpadel-pearl-bpp26021","bullpadel-pearl-bpp26021","bags","bullpadel","draft","no","/images/padel/products/bag.svg","","not_authentic_photograph","P1_REGISTER_EXACT","1_official_manufacturer|2_official_distributor|3_specialist_retailer|4_major_retailer"
"prod-bullpadel-trolley-bpp26011","bullpadel-trolley-bpp26011","bags","bullpadel","draft","no","/images/padel/products/bag.svg","","not_authentic_photograph","P1_REGISTER_EXACT","1_official_manufacturer|2_official_distributor|3_specialist_retailer|4_major_retailer"
"prod-bullpadel-vertex-bpp26001","bullpadel-vertex-bpp26001","bags","bullpadel","draft","yes","/images/padel/products/bag.svg","","not_authentic_photograph","P0_EXACT_MANUFACTURER","1_official_manufacturer|2_official_distributor|3_specialist_retailer|4_major_retailer"
"prod-bullpadel-vertex-geo-premier-bpm26008","bullpadel-vertex-geo-premier-bpm26008","bags","bullpadel","draft","yes","/images/padel/products/bag.svg","","not_authentic_photograph","P0_EXACT_MANUFACTURER","1_official_manufacturer|2_official_distributor|3_specialist_retailer|4_major_retailer"
"prod-bullpadel-flow-bpp26006","bullpadel-flow-bpp26006","bags","bullpadel","draft","yes","/images/padel/products/bag.svg","","not_authentic_photograph","P0_EXACT_MANUFACTURER","1_official_manufacturer|2_official_distributor|3_specialist_retailer|4_major_retailer"
"prod-bullpadel-hack-bpp26012","bullpadel-hack-bpp26012","bags","bullpadel","draft","yes","/images/padel/products/bag.svg","","not_authentic_photograph","P0_EXACT_MANUFACTURER","1_official_manufacturer|2_official_distributor|3_specialist_retailer|4_major_retailer"
"prod-bullpadel-bpp26005-ionic","bullpadel-bpp26005-ionic","bags","bullpadel","draft","no","/images/padel/products/bag.svg","","not_authentic_photograph","P1_REGISTER_EXACT","1_official_manufacturer|2_official_distributor|3_specialist_retailer|4_major_retailer"
"prod-bullpadel-bpm26022-xplo","bullpadel-bpm26022-xplo","bags","bullpadel","draft","no","/images/padel/products/bag.svg","","not_authentic_photograph","P1_REGISTER_EXACT","1_official_manufacturer|2_official_distributor|3_specialist_retailer|4_major_retailer"
"prod-drop-shot-axion-backpack","drop-shot-axion-backpack","bags","drop-shot","draft","no","/images/padel/products/bag.svg","","not_authentic_photograph","P1_REGISTER_EXACT","1_official_manufacturer|2_official_distributor|3_specialist_retailer|4_major_retailer"
"prod-drop-shot-axion","drop-shot-axion","bags","drop-shot","draft","no","/images/padel/products/bag.svg","","not_authentic_photograph","P1_REGISTER_EXACT","1_official_manufacturer|2_official_distributor|3_specialist_retailer|4_major_retailer"
"prod-drop-shot-fenix","drop-shot-fenix","bags","drop-shot","draft","no","/images/padel/products/bag.svg","","not_authentic_photograph","P1_REGISTER_EXACT","1_official_manufacturer|2_official_distributor|3_specialist_retailer|4_major_retailer"
"prod-drop-shot-lcp","drop-shot-lcp","bags","drop-shot","draft","yes","/images/padel/products/bag.svg","","not_authentic_photograph","P0_EXACT_MANUFACTURER","1_official_manufacturer|2_official_distributor|3_specialist_retailer|4_major_retailer"
"prod-head-elite-supercombi","head-elite-supercombi","bags","head","draft","no","/images/padel/products/bag.svg","","not_authentic_photograph","P1_REGISTER_EXACT","1_official_manufacturer|2_official_distributor|3_specialist_retailer|4_major_retailer"
"prod-head-tour-team-cb-2026","head-tour-team-cb-2026","bags","head","draft","no","/images/padel/products/bag.svg","","not_authentic_photograph","P1_REGISTER_EXACT","1_official_manufacturer|2_official_distributor|3_specialist_retailer|4_major_retailer"
"prod-head-pro-x-duffle-l","head-pro-x-duffle-l","bags","head","draft","no","/images/padel/products/bag.svg","","not_authentic_photograph","P1_REGISTER_EXACT","1_official_manufacturer|2_official_distributor|3_specialist_retailer|4_major_retailer"
"prod-head-tour-padel-bag-l","head-tour-padel-bag-l","bags","head","draft","no","/images/padel/products/bag.svg","","not_authentic_photograph","P1_REGISTER_EXACT","1_official_manufacturer|2_official_distributor|3_specialist_retailer|4_major_retailer"
"prod-head-tour-team-elite","head-tour-team-elite","bags","head","draft","no","/images/padel/products/bag.svg","","not_authentic_photograph","P1_REGISTER_EXACT","1_official_manufacturer|2_official_distributor|3_specialist_retailer|4_major_retailer"
"prod-joma-pro","joma-pro","bags","joma","draft","yes","/images/padel/products/bag.svg","","not_authentic_photograph","P0_EXACT_MANUFACTURER","1_official_manufacturer|2_official_distributor|3_specialist_retailer|4_major_retailer"
"prod-kuikma-backpack","kuikma-backpack","bags","kuikma","draft","no","/images/padel/products/bag.svg","","not_authentic_photograph","P1_REGISTER_EXACT","1_official_manufacturer|2_official_distributor|3_specialist_retailer|4_major_retailer"
"prod-kuikma-pbp-elite","kuikma-pbp-elite","bags","kuikma","draft","no","/images/padel/products/bag.svg","","not_authentic_photograph","P1_REGISTER_EXACT","1_official_manufacturer|2_official_distributor|3_specialist_retailer|4_major_retailer"
"prod-nox-at10-team-backpack","nox-at10-team-backpack","bags","nox","draft","no","/images/padel/products/bag.svg","","not_authentic_photograph","P1_REGISTER_EXACT","1_official_manufacturer|2_official_distributor|3_specialist_retailer|4_major_retailer"
"prod-nox-ml10-competition-xl-compact","nox-ml10-competition-xl-compact","bags","nox","draft","no","/images/padel/products/bag.svg","","not_authentic_photograph","P1_REGISTER_EXACT","1_official_manufacturer|2_official_distributor|3_specialist_retailer|4_major_retailer"
"prod-nox-ml10-team-backpack","nox-ml10-team-backpack","bags","nox","draft","no","/images/padel/products/bag.svg","","not_authentic_photograph","P1_REGISTER_EXACT","1_official_manufacturer|2_official_distributor|3_specialist_retailer|4_major_retailer"
"prod-nox-ml10-team","nox-ml10-team","bags","nox","draft","no","/images/padel/products/bag.svg","","not_authentic_photograph","P1_REGISTER_EXACT","1_official_manufacturer|2_official_distributor|3_specialist_retailer|4_major_retailer"
"prod-nox-at10-competition-xl-compact","nox-at10-competition-xl-compact","bags","nox","draft","no","/images/padel/products/bag.svg","","not_authentic_photograph","P1_REGISTER_EXACT","1_official_manufacturer|2_official_distributor|3_specialist_retailer|4_major_retailer"
"prod-nox-pro-series","nox-pro-series","bags","nox","draft","no","/images/padel/products/bag.svg","","not_authentic_photograph","P1_REGISTER_EXACT","1_official_manufacturer|2_official_distributor|3_specialist_retailer|4_major_retailer"
"prod-nox-street-series","nox-street-series","bags","nox","draft","no","/images/padel/products/bag.svg","","not_authentic_photograph","P1_REGISTER_EXACT","1_official_manufacturer|2_official_distributor|3_specialist_retailer|4_major_retailer"
"prod-oxdog-cube","oxdog-cube","bags","oxdog","draft","yes","/images/padel/products/bag.svg","","not_authentic_photograph","P0_EXACT_MANUFACTURER","1_official_manufacturer|2_official_distributor|3_specialist_retailer|4_major_retailer"
"prod-oxdog-hyper-pro-thermo","oxdog-hyper-pro-thermo","bags","oxdog","draft","yes","/images/padel/products/bag.svg","","not_authentic_photograph","P0_EXACT_MANUFACTURER","1_official_manufacturer|2_official_distributor|3_specialist_retailer|4_major_retailer"
"prod-oxdog-x-padel-pro-thermo","oxdog-x-padel-pro-thermo","bags","oxdog","draft","no","/images/padel/products/bag.svg","","not_authentic_photograph","P1_REGISTER_EXACT","1_official_manufacturer|2_official_distributor|3_specialist_retailer|4_major_retailer"
"prod-tecnifibre-tour-endurance-ultra","tecnifibre-tour-endurance-ultra","bags","tecnifibre-padel","draft","no","/images/padel/products/bag.svg","","not_authentic_photograph","P1_REGISTER_EXACT","1_official_manufacturer|2_official_distributor|3_specialist_retailer|4_major_retailer"
"prod-varlion-ambassador","varlion-ambassador","bags","varlion","draft","no","/images/padel/products/bag.svg","","not_authentic_photograph","P1_REGISTER_EXACT","1_official_manufacturer|2_official_distributor|3_specialist_retailer|4_major_retailer"
"prod-varlion-summum-backpack","varlion-summum-backpack","bags","varlion","draft","yes","/images/padel/products/bag.svg","","not_authentic_photograph","P0_EXACT_MANUFACTURER","1_official_manufacturer|2_official_distributor|3_specialist_retailer|4_major_retailer"
"prod-wilson-bela-backpack","wilson-bela-backpack","bags","wilson","draft","yes","/images/padel/products/bag.svg","","not_authentic_photograph","P0_EXACT_MANUFACTURER","1_official_manufacturer|2_official_distributor|3_specialist_retailer|4_major_retailer"
"prod-adidas-pro-bounce","adidas-pro-bounce","balls","adidas-padel","draft","yes","/images/padel/products/balls.svg","","not_authentic_photograph","P0_EXACT_MANUFACTURER","1_official_manufacturer|2_official_distributor|3_specialist_retailer|4_major_retailer"
"prod-adidas-serie-tour","adidas-serie-tour","balls","adidas-padel","draft","no","/images/padel/products/balls.svg","","not_authentic_photograph","P1_REGISTER_EXACT","1_official_manufacturer|2_official_distributor|3_specialist_retailer|4_major_retailer"
"prod-babolat-ace","babolat-ace","balls","babolat","draft","no","/images/padel/products/balls.svg","","not_authentic_photograph","P1_REGISTER_EXACT","1_official_manufacturer|2_official_distributor|3_specialist_retailer|4_major_retailer"
"prod-babolat-short","babolat-short","balls","babolat","draft","yes","/images/padel/products/balls.svg","","not_authentic_photograph","P0_EXACT_MANUFACTURER","1_official_manufacturer|2_official_distributor|3_specialist_retailer|4_major_retailer"
"prod-bullpadel-fip-next","bullpadel-fip-next","balls","bullpadel","draft","no","/images/padel/products/balls.svg","","not_authentic_photograph","P1_REGISTER_EXACT","1_official_manufacturer|2_official_distributor|3_specialist_retailer|4_major_retailer"
"prod-bullpadel-next-pro","bullpadel-next-pro","balls","bullpadel","draft","no","/images/padel/products/balls.svg","","not_authentic_photograph","P1_REGISTER_EXACT","1_official_manufacturer|2_official_distributor|3_specialist_retailer|4_major_retailer"
"prod-drop-shot-tournament-speed-pro","drop-shot-tournament-speed-pro","balls","drop-shot","draft","yes","/images/padel/products/balls.svg","","not_authentic_photograph","P0_EXACT_MANUFACTURER","1_official_manufacturer|2_official_distributor|3_specialist_retailer|4_major_retailer"
"prod-dunlop-team","dunlop-team","balls","dunlop-padel","draft","no","/images/padel/products/balls.svg","","not_authentic_photograph","P1_REGISTER_EXACT","1_official_manufacturer|2_official_distributor|3_specialist_retailer|4_major_retailer"
"prod-fila-premium","fila-premium","balls","fila-padel","draft","yes","/images/padel/products/balls.svg","","not_authentic_photograph","P0_EXACT_MANUFACTURER","1_official_manufacturer|2_official_distributor|3_specialist_retailer|4_major_retailer"
"prod-pallap-competition-01","pallap-competition-01","balls","pallap","draft","no","/images/padel/products/balls.svg","","not_authentic_photograph","P1_REGISTER_EXACT","1_official_manufacturer|2_official_distributor|3_specialist_retailer|4_major_retailer"
"prod-siux-neo-speed","siux-neo-speed","balls","siux","draft","yes","/images/padel/products/balls.svg","","not_authentic_photograph","P0_EXACT_MANUFACTURER","1_official_manufacturer|2_official_distributor|3_specialist_retailer|4_major_retailer"
"prod-slazenger-challenge-no-1","slazenger-challenge-no-1","balls","slazenger-padel","draft","no","/images/padel/products/balls.svg","","not_authentic_photograph","P1_REGISTER_EXACT","1_official_manufacturer|2_official_distributor|3_specialist_retailer|4_major_retailer"
"prod-tecnifibre-x-one","tecnifibre-x-one","balls","tecnifibre-padel","draft","yes","/images/padel/products/balls.svg","","not_authentic_photograph","P0_EXACT_MANUFACTURER","1_official_manufacturer|2_official_distributor|3_specialist_retailer|4_major_retailer"
"prod-adidas-perforated-ac2ba1wh","adidas-perforated-ac2ba1wh","grips","adidas-padel","draft","no","/images/padel/products/grips.svg","","not_authentic_photograph","P1_REGISTER_EXACT","1_official_manufacturer|2_official_distributor|3_specialist_retailer|4_major_retailer"
"prod-adidas-tacky-feeling","adidas-tacky-feeling","grips","adidas-padel","draft","yes","/images/padel/products/grips.svg","","not_authentic_photograph","P0_EXACT_MANUFACTURER","1_official_manufacturer|2_official_distributor|3_specialist_retailer|4_major_retailer"
"prod-babolat-pro-tour","babolat-pro-tour","grips","babolat","draft","yes","/images/padel/products/grips.svg","","not_authentic_photograph","P0_EXACT_MANUFACTURER","1_official_manufacturer|2_official_distributor|3_specialist_retailer|4_major_retailer"
"prod-babolat-syntec-team","babolat-syntec-team","grips","babolat","draft","no","/images/padel/products/grips.svg","","not_authentic_photograph","P1_REGISTER_EXACT","1_official_manufacturer|2_official_distributor|3_specialist_retailer|4_major_retailer"
"prod-bullpadel-gb-1705","bullpadel-gb-1705","grips","bullpadel","draft","no","/images/padel/products/grips.svg","","not_authentic_photograph","P1_REGISTER_EXACT","1_official_manufacturer|2_official_distributor|3_specialist_retailer|4_major_retailer"
"prod-bullpadel-gb1201","bullpadel-gb1201","grips","bullpadel","draft","no","/images/padel/products/grips.svg","","not_authentic_photograph","P1_REGISTER_EXACT","1_official_manufacturer|2_official_distributor|3_specialist_retailer|4_major_retailer"
"prod-bullpadel-gb1200-hac","bullpadel-gb1200-hac","grips","bullpadel","draft","no","/images/padel/products/grips.svg","","not_authentic_photograph","P1_REGISTER_EXACT","1_official_manufacturer|2_official_distributor|3_specialist_retailer|4_major_retailer"
"prod-drop-shot-super-dry","drop-shot-super-dry","grips","drop-shot","draft","no","/images/padel/products/grips.svg","","not_authentic_photograph","P1_REGISTER_EXACT","1_official_manufacturer|2_official_distributor|3_specialist_retailer|4_major_retailer"
"prod-enebe-enebe-smooth","enebe-enebe-smooth","grips","enebe","draft","yes","/images/padel/products/grips.svg","","not_authentic_photograph","P0_EXACT_MANUFACTURER","1_official_manufacturer|2_official_distributor|3_specialist_retailer|4_major_retailer"
"prod-head-prestige-pro","head-prestige-pro","grips","head","draft","yes","/images/padel/products/grips.svg","","not_authentic_photograph","P0_EXACT_MANUFACTURER","1_official_manufacturer|2_official_distributor|3_specialist_retailer|4_major_retailer"
"prod-head-hydrosorb-comfort","head-hydrosorb-comfort","grips","head","draft","no","/images/padel/products/grips.svg","","not_authentic_photograph","P1_REGISTER_EXACT","1_official_manufacturer|2_official_distributor|3_specialist_retailer|4_major_retailer"
"prod-head-hydrosorb-family","head-hydrosorb-family","grips","head","draft","no","/images/padel/products/grips.svg","","not_authentic_photograph","P1_REGISTER_EXACT","1_official_manufacturer|2_official_distributor|3_specialist_retailer|4_major_retailer"
"prod-head-padel-pro","head-padel-pro","grips","head","draft","yes","/images/padel/products/grips.svg","","not_authentic_photograph","P0_EXACT_MANUFACTURER","1_official_manufacturer|2_official_distributor|3_specialist_retailer|4_major_retailer"
"prod-head-padel-pro-perforated","head-padel-pro-perforated","grips","head","draft","yes","/images/padel/products/grips.svg","","not_authentic_photograph","P0_EXACT_MANUFACTURER","1_official_manufacturer|2_official_distributor|3_specialist_retailer|4_major_retailer"
"prod-hesacore-carbon","hesacore-carbon","grips","hesacore","draft","yes","/images/padel/products/grips.svg","","not_authentic_photograph","P0_EXACT_MANUFACTURER","1_official_manufacturer|2_official_distributor|3_specialist_retailer|4_major_retailer"
"prod-hesacore-gel","hesacore-gel","grips","hesacore","draft","no","/images/padel/products/grips.svg","","not_authentic_photograph","P1_REGISTER_EXACT","1_official_manufacturer|2_official_distributor|3_specialist_retailer|4_major_retailer"
"prod-hesacore-tour","hesacore-tour","grips","hesacore","draft","no","/images/padel/products/grips.svg","","not_authentic_photograph","P1_REGISTER_EXACT","1_official_manufacturer|2_official_distributor|3_specialist_retailer|4_major_retailer"
"prod-hesacore-tour-w","hesacore-tour-w","grips","hesacore","draft","no","/images/padel/products/grips.svg","","not_authentic_photograph","P1_REGISTER_EXACT","1_official_manufacturer|2_official_distributor|3_specialist_retailer|4_major_retailer"
"prod-hesacore-pink-w","hesacore-pink-w","grips","hesacore","draft","yes","/images/padel/products/grips.svg","","not_authentic_photograph","P0_EXACT_MANUFACTURER","1_official_manufacturer|2_official_distributor|3_specialist_retailer|4_major_retailer"
"prod-joma-club-cushion","joma-club-cushion","grips","joma","draft","yes","/images/padel/products/grips.svg","","not_authentic_photograph","P0_EXACT_MANUFACTURER","1_official_manufacturer|2_official_distributor|3_specialist_retailer|4_major_retailer"
"prod-kuikma-antislip","kuikma-antislip","grips","kuikma","draft","no","/images/padel/products/grips.svg","","not_authentic_photograph","P1_REGISTER_EXACT","1_official_manufacturer|2_official_distributor|3_specialist_retailer|4_major_retailer"
"prod-kuikma-overgrip-pro-adherence","kuikma-overgrip-pro-adherence","grips","kuikma","draft","no","/images/padel/products/grips.svg","","not_authentic_photograph","P1_REGISTER_EXACT","1_official_manufacturer|2_official_distributor|3_specialist_retailer|4_major_retailer"
"prod-nox-custom-grip","nox-custom-grip","grips","nox","draft","yes","/images/padel/products/grips.svg","","not_authentic_photograph","P0_EXACT_MANUFACTURER","1_official_manufacturer|2_official_distributor|3_specialist_retailer|4_major_retailer"
"prod-nox-luxury-pro","nox-luxury-pro","grips","nox","draft","no","/images/padel/products/grips.svg","","not_authentic_photograph","P1_REGISTER_EXACT","1_official_manufacturer|2_official_distributor|3_specialist_retailer|4_major_retailer"
"prod-nox-h-dri","nox-h-dri","grips","nox","draft","no","/images/padel/products/grips.svg","","not_authentic_photograph","P1_REGISTER_EXACT","1_official_manufacturer|2_official_distributor|3_specialist_retailer|4_major_retailer"
"prod-shockout-shockout-overgrip","shockout-shockout-overgrip","grips","shockout","draft","yes","/images/padel/products/grips.svg","","not_authentic_photograph","P0_EXACT_MANUFACTURER","1_official_manufacturer|2_official_distributor|3_specialist_retailer|4_major_retailer"
"prod-shockout-100-0062-combo","shockout-100-0062-combo","grips","shockout","draft","no","/images/padel/products/grips.svg","","not_authentic_photograph","P1_REGISTER_EXACT","1_official_manufacturer|2_official_distributor|3_specialist_retailer|4_major_retailer"
"prod-shockout-shockout","shockout-shockout","grips","shockout","draft","no","/images/padel/products/grips.svg","","not_authentic_photograph","P1_REGISTER_EXACT","1_official_manufacturer|2_official_distributor|3_specialist_retailer|4_major_retailer"
"prod-siux-elite","siux-elite","grips","siux","draft","yes","/images/padel/products/grips.svg","","not_authentic_photograph","P0_EXACT_MANUFACTURER","1_official_manufacturer|2_official_distributor|3_specialist_retailer|4_major_retailer"
"prod-starvie-tacky-touch","starvie-tacky-touch","grips","starvie","draft","no","/images/padel/products/grips.svg","","not_authentic_photograph","P1_REGISTER_EXACT","1_official_manufacturer|2_official_distributor|3_specialist_retailer|4_major_retailer"
"prod-tecnifibre-contact-pro","tecnifibre-contact-pro","grips","tecnifibre-padel","draft","yes","/images/padel/products/grips.svg","","not_authentic_photograph","P0_EXACT_MANUFACTURER","1_official_manufacturer|2_official_distributor|3_specialist_retailer|4_major_retailer"
"prod-tecnifibre-pro-contact","tecnifibre-pro-contact","grips","tecnifibre-padel","draft","no","/images/padel/products/grips.svg","","not_authentic_photograph","P1_REGISTER_EXACT","1_official_manufacturer|2_official_distributor|3_specialist_retailer|4_major_retailer"
"prod-tourna-tourna-grip-ii","tourna-tourna-grip-ii","grips","tourna","draft","no","/images/padel/products/grips.svg","","not_authentic_photograph","P1_REGISTER_EXACT","1_official_manufacturer|2_official_distributor|3_specialist_retailer|4_major_retailer"
"prod-tourna-tourna-grip-original-xl","tourna-tourna-grip-original-xl","grips","tourna","draft","yes","/images/padel/products/grips.svg","","not_authentic_photograph","P0_EXACT_MANUFACTURER","1_official_manufacturer|2_official_distributor|3_specialist_retailer|4_major_retailer"
"prod-tourna-grip-xl","tourna-grip-xl","grips","tourna","draft","no","/images/padel/products/grips.svg","","not_authentic_photograph","P1_REGISTER_EXACT","1_official_manufacturer|2_official_distributor|3_specialist_retailer|4_major_retailer"
"prod-tourna-mega-tac","tourna-mega-tac","grips","tourna","draft","yes","/images/padel/products/grips.svg","","not_authentic_photograph","P0_EXACT_MANUFACTURER","1_official_manufacturer|2_official_distributor|3_specialist_retailer|4_major_retailer"
"prod-wilson-pro-overgrip-perforated","wilson-pro-overgrip-perforated","grips","wilson","draft","no","/images/padel/products/grips.svg","","not_authentic_photograph","P1_REGISTER_EXACT","1_official_manufacturer|2_official_distributor|3_specialist_retailer|4_major_retailer"
"prod-kuikma-insulated-backpack-pro-40-l","kuikma-insulated-backpack-pro-40-l","bags","kuikma","draft","no","/images/padel/products/bag.svg","","not_authentic_photograph","P1_REGISTER_EXACT","1_official_manufacturer|2_official_distributor|3_specialist_retailer|4_major_retailer"
"prod-adidas-weekend-bag-martita-ortega-2026","adidas-weekend-bag-martita-ortega-2026","bags","adidas-padel","draft","yes","/images/padel/products/bag.svg","","not_authentic_photograph","P0_EXACT_MANUFACTURER","1_official_manufacturer|2_official_distributor|3_specialist_retailer|4_major_retailer"
"prod-dunlop-elite-thermo","dunlop-elite-thermo","bags","dunlop-padel","draft","no","/images/padel/products/bag.svg","","not_authentic_photograph","P1_REGISTER_EXACT","1_official_manufacturer|2_official_distributor|3_specialist_retailer|4_major_retailer"
"prod-dunlop-tour-pro","dunlop-tour-pro","grips","dunlop-padel","draft","no","/images/padel/products/grips.svg","","not_authentic_photograph","P1_REGISTER_EXACT","1_official_manufacturer|2_official_distributor|3_specialist_retailer|4_major_retailer"
"prod-dunlop-tour-dry","dunlop-tour-dry","grips","dunlop-padel","draft","yes","/images/padel/products/grips.svg","","not_authentic_photograph","P0_EXACT_MANUFACTURER","1_official_manufacturer|2_official_distributor|3_specialist_retailer|4_major_retailer"
"prod-dunlop-protection-tape","dunlop-protection-tape","accessories","dunlop-padel","draft","no","/images/catalog/fallbacks/accessory.svg","","not_authentic_photograph","P1_REGISTER_EXACT","1_official_manufacturer|2_official_distributor|3_specialist_retailer|4_major_retailer"
"prod-joma-vero-virseda-2026","joma-vero-virseda-2026","bags","joma","draft","no","/images/padel/products/bag.svg","","not_authentic_photograph","P1_REGISTER_EXACT","1_official_manufacturer|2_official_distributor|3_specialist_retailer|4_major_retailer"
"prod-babolat-rh-perf-padel","babolat-rh-perf-padel","bags","babolat","draft","no","/images/padel/products/bag.svg","","not_authentic_photograph","P1_REGISTER_EXACT","1_official_manufacturer|2_official_distributor|3_specialist_retailer|4_major_retailer"
"prod-bullpadel-gb-1201-perforated","bullpadel-gb-1201-perforated","grips","bullpadel","draft","yes","/images/padel/products/grips.svg","","not_authentic_photograph","P0_EXACT_MANUFACTURER","1_official_manufacturer|2_official_distributor|3_specialist_retailer|4_major_retailer"
"prod-bullpadel-gb-1202-fixogrip-pro","bullpadel-gb-1202-fixogrip-pro","grips","bullpadel","draft","no","/images/padel/products/grips.svg","","not_authentic_photograph","P1_REGISTER_EXACT","1_official_manufacturer|2_official_distributor|3_specialist_retailer|4_major_retailer"
"prod-bullpadel-gb-1705-sensogrip-pro","bullpadel-gb-1705-sensogrip-pro","grips","bullpadel","draft","no","/images/padel/products/grips.svg","","not_authentic_photograph","P1_REGISTER_EXACT","1_official_manufacturer|2_official_distributor|3_specialist_retailer|4_major_retailer"
"prod-nox-pro-overgrip-perforated","nox-pro-overgrip-perforated","grips","nox","draft","no","/images/padel/products/grips.svg","","not_authentic_photograph","P1_REGISTER_EXACT","1_official_manufacturer|2_official_distributor|3_specialist_retailer|4_major_retailer"
"prod-wilson-profile-padel-overgrip","wilson-profile-padel-overgrip","grips","wilson","draft","no","/images/padel/products/grips.svg","","not_authentic_photograph","P1_REGISTER_EXACT","1_official_manufacturer|2_official_distributor|3_specialist_retailer|4_major_retailer"
"prod-oxdog-no1","oxdog-no1","accessories","oxdog","draft","no","/images/catalog/fallbacks/accessory.svg","","not_authentic_photograph","P1_REGISTER_EXACT","1_official_manufacturer|2_official_distributor|3_specialist_retailer|4_major_retailer"
"prod-sane-nitro","sane-nitro","balls","sane","draft","no","/images/padel/products/balls.svg","","not_authentic_photograph","P1_REGISTER_EXACT","1_official_manufacturer|2_official_distributor|3_specialist_retailer|4_major_retailer"
"prod-sane-core","sane-core","balls","sane","draft","yes","/images/padel/products/balls.svg","","not_authentic_photograph","P0_EXACT_MANUFACTURER","1_official_manufacturer|2_official_distributor|3_specialist_retailer|4_major_retailer"
"prod-sane-spin-premium","sane-spin-premium","balls","sane","draft","no","/images/padel/products/balls.svg","","not_authentic_photograph","P1_REGISTER_EXACT","1_official_manufacturer|2_official_distributor|3_specialist_retailer|4_major_retailer"
"prod-sane-feel","sane-feel","grips","sane","draft","no","/images/padel/products/grips.svg","","not_authentic_photograph","P1_REGISTER_EXACT","1_official_manufacturer|2_official_distributor|3_specialist_retailer|4_major_retailer"
"prod-sane-pro-elegance","sane-pro-elegance","bags","sane","draft","no","/images/padel/products/bag.svg","","not_authentic_photograph","P1_REGISTER_EXACT","1_official_manufacturer|2_official_distributor|3_specialist_retailer|4_major_retailer"
"prod-sane-pro-sport","sane-pro-sport","bags","sane","draft","no","/images/padel/products/bag.svg","","not_authentic_photograph","P1_REGISTER_EXACT","1_official_manufacturer|2_official_distributor|3_specialist_retailer|4_major_retailer"
"prod-sane-everyday","sane-everyday","bags","sane","draft","no","/images/padel/products/bag.svg","","not_authentic_photograph","P1_REGISTER_EXACT","1_official_manufacturer|2_official_distributor|3_specialist_retailer|4_major_retailer"
"prod-osaka-sports-padel-bag","osaka-sports-padel-bag","bags","osaka-padel","draft","yes","/images/padel/products/bag.svg","","not_authentic_photograph","P0_EXACT_MANUFACTURER","1_official_manufacturer|2_official_distributor|3_specialist_retailer|4_major_retailer"
"prod-osaka-sports-backpack","osaka-sports-backpack","bags","osaka-padel","draft","yes","/images/padel/products/bag.svg","","not_authentic_photograph","P0_EXACT_MANUFACTURER","1_official_manufacturer|2_official_distributor|3_specialist_retailer|4_major_retailer"
"prod-osaka-pro-tour-duffel","osaka-pro-tour-duffel","bags","osaka-padel","draft","no","/images/padel/products/bag.svg","","not_authentic_photograph","P1_REGISTER_EXACT","1_official_manufacturer|2_official_distributor|3_specialist_retailer|4_major_retailer"
"prod-osaka-osaka-overgrip","osaka-osaka-overgrip","grips","osaka-padel","draft","yes","/images/padel/products/grips.svg","","not_authentic_photograph","P0_EXACT_MANUFACTURER","1_official_manufacturer|2_official_distributor|3_specialist_retailer|4_major_retailer"
"prod-rs-pro-padel-bag","rs-pro-padel-bag","bags","rs-padel","draft","no","/images/padel/products/bag.svg","","not_authentic_photograph","P1_REGISTER_EXACT","1_official_manufacturer|2_official_distributor|3_specialist_retailer|4_major_retailer"
"prod-rs-pro-tour-overgrip","rs-pro-tour-overgrip","grips","rs-padel","draft","no","/images/padel/products/grips.svg","","not_authentic_photograph","P1_REGISTER_EXACT","1_official_manufacturer|2_official_distributor|3_specialist_retailer|4_major_retailer"
"prod-bounce-filtertech-padel","bounce-filtertech-padel","accessories","bounce-tube","draft","yes","/images/catalog/fallbacks/accessory.svg","","not_authentic_photograph","P0_EXACT_MANUFACTURER","1_official_manufacturer|2_official_distributor|3_specialist_retailer|4_major_retailer"
"prod-4on-totaldry","4on-totaldry","accessories","4on","draft","no","/images/catalog/fallbacks/accessory.svg","","not_authentic_photograph","P1_REGISTER_EXACT","1_official_manufacturer|2_official_distributor|3_specialist_retailer|4_major_retailer"
"prod-4on-premium-comfort","4on-premium-comfort","grips","4on","draft","no","/images/padel/products/grips.svg","","not_authentic_photograph","P1_REGISTER_EXACT","1_official_manufacturer|2_official_distributor|3_specialist_retailer|4_major_retailer"
"prod-4on-pro-t1","4on-pro-t1","balls","4on","draft","yes","/images/padel/products/balls.svg","","not_authentic_photograph","P0_EXACT_MANUFACTURER","1_official_manufacturer|2_official_distributor|3_specialist_retailer|4_major_retailer"
"prod-shockout-dual-pro","shockout-dual-pro","grips","shockout","draft","no","/images/padel/products/grips.svg","","not_authentic_photograph","P1_REGISTER_EXACT","1_official_manufacturer|2_official_distributor|3_specialist_retailer|4_major_retailer"
"prod-shockout-shockout-perforated","shockout-shockout-perforated","grips","shockout","draft","no","/images/padel/products/grips.svg","","not_authentic_photograph","P1_REGISTER_EXACT","1_official_manufacturer|2_official_distributor|3_specialist_retailer|4_major_retailer"
"prod-tourna-tourna-tac-xl","tourna-tourna-tac-xl","grips","tourna","draft","no","/images/padel/products/grips.svg","","not_authentic_photograph","P1_REGISTER_EXACT","1_official_manufacturer|2_official_distributor|3_specialist_retailer|4_major_retailer"
"prod-tourna-tourna-tuff","tourna-tourna-tuff","grips","tourna","draft","no","/images/padel/products/grips.svg","","not_authentic_photograph","P1_REGISTER_EXACT","1_official_manufacturer|2_official_distributor|3_specialist_retailer|4_major_retailer"
"prod-sane-core-overgrip","sane-core-overgrip","grips","sane","draft","no","/images/padel/products/grips.svg","","not_authentic_photograph","P1_REGISTER_EXACT","1_official_manufacturer|2_official_distributor|3_specialist_retailer|4_major_retailer"
"prod-noene-anti-shock-grip-padel","noene-anti-shock-grip-padel","grips","noene","draft","yes","/images/padel/products/grips.svg","","not_authentic_photograph","P0_EXACT_MANUFACTURER","1_official_manufacturer|2_official_distributor|3_specialist_retailer|4_major_retailer"
"prod-noene-undergrip-anti-shock","noene-undergrip-anti-shock","grips","noene","draft","yes","/images/padel/products/grips.svg","","not_authentic_photograph","P0_EXACT_MANUFACTURER","1_official_manufacturer|2_official_distributor|3_specialist_retailer|4_major_retailer"
