productId,slug,category,brand,status,heroSrc,sourceUrl,identityVerified,identityReasons,primaryResolves,primarySrc,action
prod-nox-at10-18k-2026,nox-at10-genius-18k-2026,rackets,nox,published,/images/padel/products/nox-at10-genius-18k-2026-hero.jpg,https://noxsport.com/en/products/pala-at10-genius-18k-alum-2026-by-agustin-tapia,yes,,yes,/images/padel/products/nox-at10-genius-18k-2026-hero.jpg,KEEP
prod-bullpadel-vertex-04,bullpadel-vertex-04,rackets,bullpadel,published,/images/padel/products/bullpadel-vertex-04-hero.png,https://padelusa.com/products/bullpadel-vertex-04-2025-juan-tello-padel-racket,yes,,yes,/images/padel/products/bullpadel-vertex-04-hero.png,KEEP
prod-babolat-technical-viper,babolat-technical-viper-3-0,rackets,babolat,published,/images/padel/products/babolat-technical-viper-hero.png,https://padelusa.com/products/babolat-technical-viper-3-0-padel-racket?variant=46771757383843&_pos=1&_sid=cf28e5b12&_ss=r,yes,,yes,/images/padel/products/babolat-technical-viper-hero.png,KEEP
prod-head-coello-pro,head-coello-pro-2026,rackets,head,published,/images/padel/products/head-coello-pro-2026-hero.png,https://www.paddlepro.com/,yes,,yes,/images/padel/products/head-coello-pro-2026-hero.png,KEEP
prod-siux-diablo,siux-diablo-pro-2026,rackets,siux,published,/images/padel/products/siux-diablo-hero.png,https://siuxusa.com/products/diablo-pro-2026-night-blue,yes,,yes,/images/padel/products/siux-diablo-hero.png,KEEP
prod-adidas-courtstabil,adidas-courtstabil-padel,shoes,adidas-padel,draft,/images/padel/products/shoes.svg,,no,not_authentic_photograph,no,,STAY_DRAFT
prod-head-padel-pro-s,head-padel-pro-s-balls,balls,head,published,/images/padel/products/head-padel-pro-s-hero.jpg,https://www.zonadepadel.es/head-padel/15548-bipack-head-padel-pro-s-valencia.html,yes,,yes,/images/padel/products/head-padel-pro-s-hero.jpg,KEEP
prod-wilson-overgrip,wilson-padel-overgrip-pack,grips,wilson,published,/images/padel/products/wilson-padel-overgrip-hero.jpg,https://www.zonadepadel.es/wilson-padel/8056-overgrip-wilson-pro-padel-3pk-blanco.html,yes,,yes,/images/padel/products/wilson-padel-overgrip-hero.jpg,KEEP
prod-nox-bag-10,nox-thermo-bag-10,bags,nox,draft,/images/padel/products/bag.svg,,no,not_authentic_photograph,no,,STAY_DRAFT
prod-wilson-bela-pro,wilson-bela-pro-v3,rackets,wilson,published,/images/padel/products/wilson-bela-pro-hero.png,https://padelusa.com/products/wilson-bela-pro-v3-padel-racket?variant=45923259515043&_pos=1&_sid=2afcc8216&_ss=r,yes,,yes,/images/padel/products/wilson-bela-pro-hero.png,KEEP
prod-starvie-titania-kepler,starvie-titania-kepler,rackets,starvie,published,/images/padel/products/starvie-titania-kepler-hero.jpg,https://www.zonadepadel.es/star-vie/8032-star-vie-titania-kepler-pro-20.html,yes,,yes,/images/padel/products/starvie-titania-kepler-hero.jpg,KEEP
prod-adidas-metalbone-hrd,adidas-metalbone-hrd-2026,rackets,adidas-padel,published,/images/padel/products/adidas-metalbone-hrd-hero.png,https://padelusa.com/products/adidas-metalbone-hrd-3-4-padel-racket?variant=45436926394531&_pos=1&_sid=7ad0155cb&_ss=r,yes,,yes,/images/padel/products/adidas-metalbone-hrd-hero.png,KEEP
prod-kuikma-pr-soft-500,kuikma-pr-soft-500,rackets,kuikma,draft,/images/padel/products/racket-3.svg,,no,not_authentic_photograph,no,,STAY_DRAFT
prod-drop-shot-canyon-pro,drop-shot-canyon-pro,rackets,drop-shot,draft,/images/padel/products/racket-4.svg,,no,not_authentic_photograph,no,,STAY_DRAFT
prod-varlion-lw-carbon-difusor,varlion-lw-carbon-difusor,rackets,varlion,published,/images/padel/products/varlion-lw-carbon-difusor-2026-hero.jpg,https://keepadel.com/gb/varlion-padel-rackets/2973-varlion-lw-carbon-ti-difusor-black-padel-racket.html,yes,,yes,/images/padel/products/varlion-lw-carbon-difusor-2026-hero.jpg,KEEP
prod-nox-ml10-pro-cup,nox-ml10-pro-cup,rackets,nox,published,/images/padel/products/nox-ml10-pro-cup-2026-hero.jpg,https://www.zonadepadel.es/nox/13240-nox-ml10-pro-cup-2025.html,yes,,yes,/images/padel/products/nox-ml10-pro-cup-2026-hero.jpg,KEEP
prod-bullpadel-hack-03,bullpadel-hack-03,rackets,bullpadel,published,/images/padel/products/bullpadel-hack-03-hero.jpg,https://www.zonadepadel.es/bullpadel/9043-bullpadel-hack-03-2024.html,yes,,yes,/images/padel/products/bullpadel-hack-03-hero.jpg,KEEP
prod-babolat-counter-viper,babolat-counter-viper,rackets,babolat,published,/images/padel/products/babolat-counter-viper-hero.png,https://padelusa.com/products/babolat-counter-viper-2-6-padel-racket?variant=46771956842659&_pos=1&_sid=22d254b3e&_ss=r,yes,,yes,/images/padel/products/babolat-counter-viper-hero.png,KEEP
prod-head-extreme-pro-padel,head-extreme-pro-padel,rackets,head,published,/images/padel/products/head-extreme-pro-padel-hero.png,https://padelusa.com/products/head-extreme-pro-2025-padel-racket?variant=46182403309731&_pos=1&_sid=094d05edf&_ss=r,yes,,yes,/images/padel/products/head-extreme-pro-padel-hero.png,KEEP
prod-wilson-blade-pro-padel,wilson-blade-pro-v3-padel,rackets,wilson,published,/images/padel/products/wilson-blade-pro-padel-hero.png,https://padelusa.com/products/wilson-blade-pro-v3-2024-padel-racket?variant=44999173111971&_pos=1&_sid=b81e4f94a&_ss=r,yes,,yes,/images/padel/products/wilson-blade-pro-padel-hero.png,KEEP
prod-starvie-basalto-osiris,starvie-basalto-osiris,rackets,starvie,published,/images/padel/products/starvie-basalto-osiris-2026-hero.jpg,https://mypadellife.com/products/starvie-basalto-osiris-2-0-padel-racket,yes,,yes,/images/padel/products/starvie-basalto-osiris-2026-hero.jpg,KEEP
prod-bullpadel-vertex-05,bullpadel-vertex-05-2026,rackets,bullpadel,published,/images/padel/products/bullpadel-vertex-05-hero.png,https://padelusa.com/products/bullpadel-vertex-05-2026-padel-racket?variant=46513503142051&_pos=1&_sid=14e60950a&_ss=r,yes,,yes,/images/padel/products/bullpadel-vertex-05-hero.png,KEEP
prod-bullpadel-hack-04,bullpadel-hack-04-2026,rackets,bullpadel,published,/images/padel/products/bullpadel-hack-04-hero.png,https://padelusa.com/products/bullpadel-hack-04-2025-padel-racket?variant=45287101595811&_pos=1&_sid=79e474490&_ss=r,yes,,yes,/images/padel/products/bullpadel-hack-04-hero.png,KEEP
prod-nox-at10-12k-2026,nox-at10-genius-12k-alum-xtrem-2026,rackets,nox,published,/images/padel/products/nox-at10-genius-12k-alum-xtrem-2026-hero.jpg,https://padelusa.com/products/nox-at10-genius-12k-alum-xtreme-padel-racket?variant=47301729747107&_pos=1&_sid=ac7bdb158&_ss=r,yes,,yes,/images/padel/products/nox-at10-genius-12k-alum-xtrem-2026-hero.jpg,KEEP
prod-adidas-metalbone-3-3-2026,adidas-metalbone-3-3,rackets,adidas-padel,published,/images/padel/products/adidas-metalbone-3-3-hero.jpg,https://www.zonadepadel.com/adidas-padel/9362-adidas-metalbone-33.html,yes,,yes,/images/padel/products/adidas-metalbone-3-3-hero.jpg,KEEP
prod-head-extreme-motion-2026,head-extreme-motion,rackets,head,published,/images/padel/products/head-extreme-motion-2026-hero.png,https://padelusa.com/products/head-extreme-motion-2025-padel-racket?variant=46182388760739&_pos=1&_sid=51edaeaf4&_ss=r,yes,,yes,/images/padel/products/head-extreme-motion-2026-hero.png,KEEP
prod-tecnifibre-wall-breaker-365-2026,tecnifibre-wall-breaker-365,rackets,tecnifibre-padel,published,/images/padel/products/tecnifibre-wall-breaker-365-hero.jpg,https://www.greavessports.com/products/wall-breaker-365-padel-racket-black-yellow,yes,,yes,/images/padel/products/tecnifibre-wall-breaker-365-hero.jpg,KEEP
prod-oxdog-sense-pro-2026,oxdog-sense-pro,rackets,oxdog,published,/images/padel/products/oxdog-sense-pro-hero.jpg,https://www.oxdog.net/en/articles/2.13.854/sense-pro-classics,yes,,yes,/images/padel/products/oxdog-sense-pro-hero.jpg,KEEP
prod-royal-padel-rp-m27-2026,royal-padel-m27-poly-2026,rackets,royal-padel,draft,/images/padel/products/royal-padel-rp-m27-2026-hero.jpg,https://www.zonadepadel.es/royal-padel/15365-royal-padel-m27-ligh-ltd-amarilla-2026.html,no,filename_model_weak,no,,STAY_DRAFT
prod-black-crown-special-one-soft,black-crown-special-one-soft,rackets,black-crown,draft,/images/padel/products/racket-3.svg,,no,not_authentic_photograph,no,,STAY_DRAFT
prod-lok-maxx-flow,lok-maxx-flow,rackets,lok,published,/images/padel/products/lok-maxx-flow-hero.jpg,https://www.zonadepadel.es/lok/13686-lok-maxx-flow-gen-2-2026.html,yes,,yes,/images/padel/products/lok-maxx-flow-hero.jpg,KEEP
prod-asics-gel-resolution-padel,asics-gel-resolution-padel,shoes,asics,published,/images/padel/products/asics-gel-resolution-padel-hero.jpg,https://www.zonadepadel.es/asics/15276-zapatillas-asics-gel-resolution-x-clay-blue-fade-gunmetal-2026.html,yes,,yes,/images/padel/products/asics-gel-resolution-padel-hero.jpg,KEEP
prod-asics-gel-challenger-court,asics-gel-challenger-court,shoes,asics,published,/images/padel/products/asics-gel-challenger-court-hero.jpg,https://www.zonadepadel.es/asics/14103-zapatillas-asics-gel-challenger-15-padel-white-guava-2026.html,yes,,yes,/images/padel/products/asics-gel-challenger-court-hero.jpg,KEEP
prod-babolat-jet-premura,babolat-jet-premura,shoes,babolat,published,/images/padel/products/babolat-jet-premura-hero.jpg,https://www.zonadepadel.es/babolat/15856-zapatillas-babolat-jet-premura-2-men-cream-orange-2026.html,yes,,yes,/images/padel/products/babolat-jet-premura-hero.jpg,KEEP
prod-joma-t-slam,joma-t-slam,shoes,joma,draft,/images/padel/products/joma-t-slam-hero.jpg,https://www.zonadepadel.es/joma/15127-zapatillas-joma-slam-men-2602-white-royal-2026.html,no,source_other_brand:royal,no,,STAY_DRAFT
prod-head-revolt-pro-court,head-revolt-pro-court,shoes,head,published,/images/padel/products/head-revolt-pro-court-hero.jpg,https://www.zonadepadel.es/head-padel/9520-zapatillas-head-revolt-pro-45-clay-banana-black-2024.html,yes,,yes,/images/padel/products/head-revolt-pro-court-hero.jpg,KEEP
prod-adidas-crazyquick-boost-m,adidas-crazyquick-boost-padel,shoes,adidas-padel,draft,/images/padel/products/adidas-crazyquick-boost-padel-hero.jpg,https://www.zonadepadel.es/busca?controller=search&s=zapatillas,no,source_foreign_model:busca|source_pathname_identity_weak,no,,STAY_DRAFT
prod-adidas-courtquick-w,adidas-courtquick-padel-women,shoes,adidas-padel,draft,/images/padel/products/adidas-courtquick-padel-women-hero.jpg,https://www.zonadepadel.es/busca?controller=search&s=zapatillas,no,source_foreign_model:busca|source_pathname_identity_weak,no,,STAY_DRAFT
prod-adidas-crazyquick-boost-w,adidas-crazyquick-boost-padel-women,shoes,adidas-padel,draft,/images/padel/products/adidas-crazyquick-boost-padel-women-hero.jpg,https://www.zonadepadel.es/busca?controller=search&s=zapatillas,no,source_foreign_model:busca|source_pathname_identity_weak,no,,STAY_DRAFT
prod-asics-gel-dedicate-8-padel,asics-gel-dedicate-8-padel,shoes,asics,draft,/images/padel/products/asics-gel-dedicate-8-padel-hero.jpg,https://www.zonadepadel.es/busca?controller=search&s=zapatillas,no,source_foreign_model:busca|source_pathname_identity_weak,no,,STAY_DRAFT
prod-asics-game-ff-padel,asics-game-ff-padel,shoes,asics,draft,/images/padel/products/asics-game-ff-padel-hero.jpg,https://www.zonadepadel.es/busca?controller=search&s=zapatillas,no,source_foreign_model:busca|source_pathname_identity_weak,no,,STAY_DRAFT
prod-asics-solution-swift-ff2-padel,asics-solution-swift-ff2-padel,shoes,asics,draft,/images/padel/products/asics-solution-swift-ff2-padel-hero.jpg,https://www.zonadepadel.es/busca?controller=search&s=zapatillas,no,source_foreign_model:busca|source_pathname_identity_weak,no,,STAY_DRAFT
prod-bullpadel-hybrid-fly,bullpadel-hybrid-fly,shoes,bullpadel,draft,/images/padel/products/bullpadel-hybrid-fly-hero.jpg,https://www.zonadepadel.es/busca?controller=search&s=zapatillas,no,source_foreign_model:busca|source_pathname_identity_weak,no,,STAY_DRAFT
prod-bullpadel-ionic-woman,bullpadel-ionic-woman,shoes,bullpadel,draft,/images/padel/products/bullpadel-ionic-woman-hero.jpg,https://www.zonadepadel.es/busca?controller=search&s=zapatillas,no,source_foreign_model:busca|source_pathname_identity_weak,no,,STAY_DRAFT
prod-nox-at10-lux,nox-at10-lux,shoes,nox,draft,/images/padel/products/nox-at10-lux-hero.jpg,https://www.zonadepadel.es/busca?controller=search&s=zapatillas,no,source_foreign_model:busca|source_pathname_identity_weak,no,,STAY_DRAFT
prod-nox-ml10-hexa,nox-ml10-hexa,shoes,nox,draft,/images/padel/products/nox-ml10-hexa-hero.jpg,https://www.zonadepadel.es/busca?controller=search&s=zapatillas,no,source_foreign_model:busca|source_pathname_identity_weak,no,,STAY_DRAFT
prod-babolat-movea-2,babolat-movea-2,shoes,babolat,draft,/images/padel/products/babolat-movea-2-hero.jpg,https://www.zonadepadel.es/busca?controller=search&s=zapatillas,no,source_foreign_model:busca|source_pathname_identity_weak,no,,STAY_DRAFT
prod-babolat-sensa-women,babolat-sensa-women,shoes,babolat,draft,/images/padel/products/babolat-sensa-women-hero.jpg,https://www.zonadepadel.es/busca?controller=search&s=zapatillas,no,source_foreign_model:busca|source_pathname_identity_weak,no,,STAY_DRAFT
prod-joma-slam-lady,joma-slam-lady,shoes,joma,draft,/images/padel/products/joma-slam-lady-hero.jpg,https://www.zonadepadel.es/busca?controller=search&s=zapatillas,no,source_foreign_model:busca|source_pathname_identity_weak,no,,STAY_DRAFT
prod-joma-spin-men,joma-spin-men,shoes,joma,draft,/images/padel/products/joma-spin-men-hero.jpg,https://www.zonadepadel.es/busca?controller=search&s=zapatillas,no,source_foreign_model:busca|source_pathname_identity_weak,no,,STAY_DRAFT
prod-head-sprint-pro-4-padel,head-sprint-pro-4-padel,shoes,head,draft,/images/padel/products/head-sprint-pro-4-padel-hero.jpg,https://www.zonadepadel.es/busca?controller=search&s=zapatillas,no,source_foreign_model:busca|source_pathname_identity_weak,no,,STAY_DRAFT
prod-wilson-rush-pro-5-padel,wilson-rush-pro-5-padel,shoes,wilson,draft,/images/padel/products/wilson-rush-pro-5-padel-hero.jpg,https://www.zonadepadel.es/busca?controller=search&s=zapatillas,no,source_foreign_model:busca|source_pathname_identity_weak,no,,STAY_DRAFT
prod-siux-diablo-pro,siux-diablo-pro-padel,shoes,siux,draft,/images/catalog/fallbacks/shoe.svg,,no,not_authentic_photograph,no,,STAY_DRAFT
prod-siux-comodo-woman,siux-comodo-woman,shoes,siux,draft,/images/catalog/fallbacks/shoe.svg,,no,not_authentic_photograph,no,,STAY_DRAFT
prod-starvie-absolute-padel,starvie-absolute-padel,shoes,starvie,draft,/images/catalog/fallbacks/shoe.svg,,no,not_authentic_photograph,no,,STAY_DRAFT
prod-kuikma-ps-990,kuikma-ps-990,shoes,kuikma,published,/images/padel/products/kuikma-ps-990-hero.jpg,https://www.decathlon.com.au/,yes,,yes,/images/padel/products/kuikma-ps-990-hero.jpg,KEEP
prod-kuikma-ps-560-women,kuikma-ps-560-women,shoes,kuikma,draft,/images/catalog/fallbacks/shoe.svg,,no,not_authentic_photograph,no,,STAY_DRAFT
prod-oxdog-hyper-court,oxdog-hyper-court,shoes,oxdog,draft,/images/catalog/fallbacks/shoe.svg,,no,not_authentic_photograph,no,,STAY_DRAFT
prod-asics-gel-resolution-padel-w,asics-gel-resolution-padel-women,shoes,asics,draft,/images/padel/products/asics-gel-resolution-padel-women-hero.jpg,https://www.zonadepadel.es/busca?controller=search&s=ASICS%20Gel%20Resolution%20Padel,no,source_foreign_model:busca|source_pathname_identity_weak,no,,STAY_DRAFT
prod-asics-solution-swift-padel-w,asics-solution-swift-ff-padel-women,shoes,asics,draft,/images/padel/products/asics-solution-swift-ff-padel-women-hero.jpg,https://images.asics.com/is/image/asics/1042A264_500_SR_RT_GLB,no,source_foreign_model:1042a264|source_pathname_model_weak,no,,STAY_DRAFT
prod-adidas-solecourt-boost-padel,adidas-solecourt-boost-padel,shoes,adidas-padel,draft,/images/catalog/fallbacks/shoe.svg,,no,not_authentic_photograph,no,,STAY_DRAFT
prod-head-revolt-court,head-revolt-court-padel,shoes,head,draft,/images/catalog/fallbacks/shoe.svg,,no,not_authentic_photograph,no,,STAY_DRAFT
prod-wilson-bela-pro-padel,wilson-bela-pro-padel,shoes,wilson,draft,/images/catalog/fallbacks/shoe.svg,,no,not_authentic_photograph,no,,STAY_DRAFT
prod-joma-spin-lady,joma-spin-lady,shoes,joma,draft,/images/padel/products/joma-spin-lady-hero.jpg,https://www.zonadepadel.es/busca?controller=search&s=Joma%20Spin%20Lady,no,source_foreign_model:busca|source_pathname_identity_weak,no,,STAY_DRAFT
prod-bullpadel-hack-hybrid,bullpadel-hack-hybrid,shoes,bullpadel,draft,/images/catalog/fallbacks/shoe.svg,,no,not_authentic_photograph,no,,STAY_DRAFT
prod-nox-at10-pro-shoe,nox-at10-pro,shoes,nox,draft,/images/catalog/fallbacks/shoe.svg,,no,not_authentic_photograph,no,,STAY_DRAFT
prod-babolat-jet-premura-2-men,babolat-jet-premura-2,shoes,babolat,draft,/images/padel/products/babolat-jet-premura-2-hero.jpg,https://www.zonadepadel.es/busca?controller=search&s=Babolat%20Jet%20Premura%202,no,source_foreign_model:busca|source_pathname_identity_weak,no,,STAY_DRAFT
prod-tecnifibre-t-fight-padel,tecnifibre-wall-shooter,shoes,tecnifibre-padel,draft,/images/catalog/fallbacks/shoe.svg,,no,not_authentic_photograph,no,,STAY_DRAFT
prod-varlion-bourne-padel-shoe,varlion-bourne-padel,shoes,varlion,draft,/images/catalog/fallbacks/shoe.svg,,no,not_authentic_photograph,no,,STAY_DRAFT
prod-lok-padel-one,lok-padel-one,shoes,lok,draft,/images/catalog/fallbacks/shoe.svg,,no,not_authentic_photograph,no,,STAY_DRAFT
prod-nox-at10-attack-18k-2026,nox-at10-genius-attack-18k-2026,rackets,nox,published,/images/padel/products/nox-at10-genius-attack-18k-2026-hero.jpg,https://noxsport.com/en/products/pala-at10-genius-attack-18k-alum-2026-by-agustin-tapia,yes,,yes,/images/padel/products/nox-at10-genius-attack-18k-2026-hero.jpg,KEEP
prod-nox-equation-soft-2026,nox-equation-soft-advanced-2026,rackets,nox,published,/images/padel/products/nox-equation-soft-advanced-2026-hero.jpg,https://noxsport.com/en/products/pala-equation-soft-advanced,yes,,yes,/images/padel/products/nox-equation-soft-advanced-2026-hero.jpg,KEEP
prod-bullpadel-vertex-05-hybrid,bullpadel-vertex-05-hybrid-2026,rackets,bullpadel,published,/images/padel/products/bullpadel-vertex-05-hybrid-hero.jpg,https://www.zonadepadel.com/bullpadel/13550-bullpadel-vertex-05-hybrid-2026.html,yes,,yes,/images/padel/products/bullpadel-vertex-05-hybrid-hero.jpg,KEEP
prod-bullpadel-vertex-05-w,bullpadel-vertex-05-w-2026,rackets,bullpadel,published,/images/padel/products/bullpadel-vertex-05-w-hero.jpg,https://www.zonadepadel.com/bullpadel/13552-bullpadel-vertex-05-woman-2026.html,yes,,yes,/images/padel/products/bullpadel-vertex-05-w-hero.jpg,KEEP
prod-bullpadel-hack-04-hybrid,bullpadel-hack-04-hybrid-2026,rackets,bullpadel,published,/images/padel/products/bullpadel-hack-04-hybrid-hero.jpg,https://www.zonadepadel.es/bullpadel/13554-bullpadel-hack-04-hybrid-2026.html,yes,,yes,/images/padel/products/bullpadel-hack-04-hybrid-hero.jpg,KEEP
prod-bullpadel-hack-04-comfort,bullpadel-hack-04-comfort-2026,rackets,bullpadel,published,/images/padel/products/bullpadel-hack-04-comfort-hero.jpg,https://www.zonadepadel.es/bullpadel/13555-bullpadel-hack-04-comfort-2026.html,yes,,yes,/images/padel/products/bullpadel-hack-04-comfort-hero.jpg,KEEP
prod-bullpadel-neuron-02,bullpadel-neuron-02-2026,rackets,bullpadel,published,/images/padel/products/bullpadel-neuron-02-hero.jpg,https://www.zonadepadel.es/bullpadel/13556-bullpadel-neuron-02-2026.html,yes,,yes,/images/padel/products/bullpadel-neuron-02-hero.jpg,KEEP
prod-bullpadel-neuron-02-edge,bullpadel-neuron-02-edge-2026,rackets,bullpadel,published,/images/padel/products/bullpadel-neuron-02-edge-hero.jpg,https://www.zonadepadel.com/bullpadel/13558-bullpadel-neuron-02-edge-2026.html,yes,,yes,/images/padel/products/bullpadel-neuron-02-edge-hero.jpg,KEEP
prod-bullpadel-xplo,bullpadel-xplo-2026,rackets,bullpadel,published,/images/padel/products/bullpadel-xplo-hero.jpg,https://www.zonadepadel.com/bullpadel/13559-bullpadel-xplo-2026.html,yes,,yes,/images/padel/products/bullpadel-xplo-hero.jpg,KEEP
prod-bullpadel-xplo-comfort,bullpadel-xplo-comfort-2026,rackets,bullpadel,published,/images/padel/products/bullpadel-xplo-comfort-hero.jpg,https://www.zonadepadel.es/bullpadel/13560-bullpadel-xplo-comfort-2026.html,yes,,yes,/images/padel/products/bullpadel-xplo-comfort-hero.jpg,KEEP
prod-bullpadel-ionic-light,bullpadel-ionic-light-2026,rackets,bullpadel,published,/images/padel/products/bullpadel-ionic-light-hero.jpg,https://www.zonadepadel.com/bullpadel/13575-bullpadel-ionic-light-2026.html,yes,,yes,/images/padel/products/bullpadel-ionic-light-hero.jpg,KEEP
prod-bullpadel-indiga-ctr,bullpadel-indiga-ctr-2026,rackets,bullpadel,published,/images/padel/products/bullpadel-indiga-ctr-hero.jpg,https://www.padelreference.com/en/padel-rackets/p/bullpadel-indiga-ctr-26,yes,,yes,/images/padel/products/bullpadel-indiga-ctr-hero.jpg,KEEP
prod-bullpadel-vertex-advance,bullpadel-vertex-advance-2026,rackets,bullpadel,published,/images/padel/products/bullpadel-vertex-advance-hero.jpg,https://www.zonadepadel.com/bullpadel/14397-bullpadel-vertex-advance-2026.html,yes,,yes,/images/padel/products/bullpadel-vertex-advance-hero.jpg,KEEP
prod-adidas-metalbone-3-5-2026,adidas-metalbone-3-5-2026,rackets,adidas-padel,published,/images/padel/products/adidas-metalbone-3-5-2026-hero.jpg,https://allforpadel.com/en/padel-rackets/7521-padel-racket-adidas-metalbone-2026-ale-galan-8435739405802.html,yes,,yes,/images/padel/products/adidas-metalbone-3-5-2026-hero.jpg,KEEP
prod-adidas-metalbone-ctrl,adidas-metalbone-ctrl-2026,rackets,adidas-padel,published,/images/padel/products/adidas-metalbone-ctrl-2026-hero.jpg,https://allforpadel.com/en/padel-rackets/7525-padel-racket-adidas-metalbone-ctrl-2026-8435739405819.html,yes,,yes,/images/padel/products/adidas-metalbone-ctrl-2026-hero.jpg,KEEP
prod-adidas-metalbone-team-light,adidas-metalbone-team-light-2026,rackets,adidas-padel,published,/images/padel/products/adidas-metalbone-team-light-2026-hero.jpg,https://allforpadel.com/en/padel-rackets/7535-padel-racket-adidas-metalbone-team-light-2026-8435739405864.html,yes,,yes,/images/padel/products/adidas-metalbone-team-light-2026-hero.jpg,KEEP
prod-adidas-cross-it-light,adidas-cross-it-light-2026,rackets,adidas-padel,published,/images/padel/products/adidas-cross-it-light-2026-hero.jpg,https://allforpadel.com/en/padel-rackets/7528-padel-racket-adidas-cross-it-light-2026-martita-ortega-8435739405956.html,yes,,yes,/images/padel/products/adidas-cross-it-light-2026-hero.jpg,KEEP
prod-adidas-cross-it-ctrl,adidas-cross-it-ctrl-2026,rackets,adidas-padel,published,/images/padel/products/adidas-cross-it-ctrl-2026-hero.jpg,https://allforpadel.com/en/padel-rackets/7527-padel-racket-adidas-cross-it-ctrl-2026-8435739405949.html,yes,,yes,/images/padel/products/adidas-cross-it-ctrl-2026-hero.jpg,KEEP
prod-adidas-arrow-hit-ctrl,adidas-arrow-hit-ctrl-2026,rackets,adidas-padel,published,/images/padel/products/adidas-arrow-hit-ctrl-2026-hero.jpg,https://allforpadel.com/en/padel-rackets/7526-padel-racket-adidas-arrow-hit-ctrl-8435739405895.html,yes,,yes,/images/padel/products/adidas-arrow-hit-ctrl-2026-hero.jpg,KEEP
prod-adidas-arrow-hit-attk,adidas-arrow-hit-2026,rackets,adidas-padel,published,/images/padel/products/adidas-arrow-hit-attk-2026-hero.jpg,https://allforpadel.com/en/padel-rackets/7523-padel-racket-adidas-arrow-hit-8435739405888.html,yes,,yes,/images/padel/products/adidas-arrow-hit-attk-2026-hero.jpg,KEEP
prod-adidas-match-light,adidas-match-light-2026,rackets,adidas-padel,published,/images/padel/products/adidas-match-light-2026-hero.jpg,https://allforpadel.com/en/padel-rackets/7495-padel-racket-adidas-match-light-2026-8435739406076.html,yes,,yes,/images/padel/products/adidas-match-light-2026-hero.jpg,KEEP
prod-head-coello-motion,head-coello-motion-2026,rackets,head,published,/images/padel/products/head-coello-motion-hero.jpg,https://padelusa.com/products/head-coello-motion-2026-padel-racket,yes,,yes,/images/padel/products/head-coello-motion-hero.jpg,KEEP
prod-head-coello-team,head-coello-team-2026,rackets,head,published,/images/padel/products/head-coello-team-hero.jpg,https://padelusa.com/products/head-coello-team-2026-padel-racket,yes,,yes,/images/padel/products/head-coello-team-hero.jpg,KEEP
prod-head-gravity-pro,head-gravity-pro,rackets,head,published,/images/padel/products/head-gravity-pro-hero.jpg,https://www.padelreference.com/en/padel-rackets/p/head-gravity-pro-2024,yes,,yes,/images/padel/products/head-gravity-pro-hero.jpg,KEEP
prod-head-gravity-motion,head-gravity-motion,rackets,head,published,/images/padel/products/head-gravity-motion-hero.jpg,https://www.padelreference.com/en/padel-rackets/p/head-gravity-motion-2024,yes,,yes,/images/padel/products/head-gravity-motion-hero.jpg,KEEP
prod-head-speed-pro,head-speed-pro,rackets,head,published,/images/padel/products/head-speed-pro-hero.jpg,https://www.padelreference.com/en/palas-de-padel/p/head-speed-pro-2025,yes,,yes,/images/padel/products/head-speed-pro-hero.jpg,KEEP
prod-head-one-ultralight,head-one-ultralight,rackets,head,published,/images/padel/products/head-one-ultralight-hero.jpg,https://www.padelreference.com/en/padelschlager/p/head-one-ultralight-black-2025,yes,,yes,/images/padel/products/head-one-ultralight-hero.jpg,KEEP
prod-babolat-air-viper,babolat-air-viper-2-6,rackets,babolat,published,/images/padel/products/babolat-air-viper-hero.jpg,https://www.babolat.com/us/air-viper-2.6/150176.html,yes,,yes,/images/padel/products/babolat-air-viper-hero.jpg,KEEP
prod-babolat-air-veron,babolat-air-veron-2-6,rackets,babolat,published,/images/padel/products/babolat-air-veron-hero.jpg,https://www.babolat.com/us/air-veron-2.6/150180.html,yes,,yes,/images/padel/products/babolat-air-veron-hero.jpg,KEEP
prod-siux-electra,siux-electra-pro-2026,rackets,siux,published,/images/padel/products/siux-electra-pro-2026-hero.jpg,https://www.zonadepadel.com/siux/13932-siux-electra-pro-fire-red-2026.html,yes,,yes,/images/padel/products/siux-electra-pro-2026-hero.jpg,KEEP
prod-siux-fenix,siux-fenix-pro-2026,rackets,siux,published,/images/padel/products/siux-fenix-pro-2026-hero.jpg,https://www.zonadepadel.com/siux/13935-siux-fenix-pro-black-2026.html,yes,,yes,/images/padel/products/siux-fenix-pro-2026-hero.jpg,KEEP
prod-starvie-astrum,starvie-astrum-plus-2026,rackets,starvie,published,/images/padel/products/starvie-astrum-hero.jpg,https://starvie.com/en/products/astrum,yes,,yes,/images/padel/products/starvie-astrum-hero.jpg,KEEP
prod-nox-at10-attack-12k-2026,nox-at10-genius-attack-12k-2026,rackets,nox,draft,/images/padel/products/racket-5.svg,,no,not_authentic_photograph,no,,STAY_DRAFT
prod-kuikma-pr-hybrid-carbon,kuikma-pr-hybrid-carbon,rackets,kuikma,published,/images/padel/products/kuikma-pr-hybrid-carbon-hero.jpg,https://www.decathlon.co.id/en-ID/p/padel-racket-pr-hybrid-carbon-coki-nieto-kuikma-8979558.html,yes,,yes,/images/padel/products/kuikma-pr-hybrid-carbon-hero.jpg,KEEP
prod-kuikma-pr-comfort-soft,kuikma-pr-comfort-soft,rackets,kuikma,published,/images/padel/products/kuikma-pr-comfort-soft-hero.jpg,https://en.decathlon.com.sa/products/padel-racket-pr-comfort-soft,yes,,yes,/images/padel/products/kuikma-pr-comfort-soft-hero.jpg,KEEP
prod-head-padel-pro-plus,head-padel-pro-plus,balls,head,published,/images/padel/products/head-padel-pro-plus-hero.jpg,https://www.padelmq.com/en-nl/products/head-pro-tube,yes,,yes,/images/padel/products/head-padel-pro-plus-hero.jpg,KEEP
prod-head-padel-team,head-padel-team,balls,head,published,/images/padel/products/head-padel-team-hero.jpg,https://padelmarket.com/en-eu/products/head-padel-team-3-tubes-of-3-balls,yes,,yes,/images/padel/products/head-padel-team-hero.jpg,KEEP
prod-head-padel-one,head-padel-one,balls,head,published,/images/padel/products/head-padel-one-hero.jpg,https://padelmarket.com/en-gb/products/head-padel-one-tube-of-3-balls,yes,,yes,/images/padel/products/head-padel-one-hero.jpg,KEEP
prod-kuikma-pb-speed,kuikma-pb-speed,balls,kuikma,published,/images/padel/products/kuikma-pb-speed-hero.jpg,https://www.decathlon.ph/p/pressurised-padel-balls-kuikma-pb-speed-pack-of-3-kuikma-8788980.html,yes,,yes,/images/padel/products/kuikma-pb-speed-hero.jpg,KEEP
prod-kuikma-pb-control,kuikma-pb-control,balls,kuikma,published,/images/padel/products/kuikma-pb-control-hero.jpg,https://www.decathlon.in/p/8750703/pressurised-padel-balls-kuikma-pb-control-pack-of-3,yes,,yes,/images/padel/products/kuikma-pb-control-hero.jpg,KEEP
prod-kuikma-pb-club,kuikma-pb-club,balls,kuikma,published,/images/padel/balls/kuikma-pb-club-hero.jpg,https://padelracketkopen.nl/padel-ballen/kuikma-pb-club-18x-4st/,yes,,yes,/images/padel/balls/kuikma-pb-club-hero.jpg,KEEP
prod-wilson-padel-premier,wilson-padel-premier,balls,wilson,published,/images/padel/products/wilson-padel-premier-hero.jpg,https://www.padelmq.com/en-nl/products/wilson-premier-tube,yes,,yes,/images/padel/products/wilson-padel-premier-hero.jpg,KEEP
prod-wilson-padel-premier-speed,wilson-padel-premier-speed,balls,wilson,published,/images/padel/products/wilson-padel-premier-speed-hero.jpg,https://www.padelmq.com/en-nl/products/wilson-padel-premier-speed-tube,yes,,yes,/images/padel/products/wilson-padel-premier-speed-hero.jpg,KEEP
prod-bullpadel-premium-pro,bullpadel-premium-pro,balls,bullpadel,published,/images/padel/products/bullpadel-premium-pro-hero.jpg,https://www.padelmq.com/en-nl/products/premium-pro-tube,yes,,yes,/images/padel/products/bullpadel-premium-pro-hero.jpg,KEEP
prod-bullpadel-premium-gold,bullpadel-premium-gold,balls,bullpadel,draft,/images/padel/products/balls.svg,,no,not_authentic_photograph,no,,STAY_DRAFT
prod-adidas-aditour-padel,adidas-aditour-padel-balls,balls,adidas-padel,draft,/images/padel/products/balls.svg,,no,not_authentic_photograph,no,,STAY_DRAFT
prod-adidas-speed-rx,adidas-speed-rx-padel-balls,balls,adidas-padel,published,/images/padel/products/adidas-speed-rx-padel-balls-hero.jpg,https://www.padelmq.com/en-nl/products/adidas-speed-rx-bal-2023-1-tube-3-ballen,yes,,yes,/images/padel/products/adidas-speed-rx-padel-balls-hero.jpg,KEEP
prod-babolat-court-padel-balls,babolat-court-padel-balls,balls,babolat,published,/images/padel/products/babolat-court-padel-balls-hero.jpg,https://www.padelmq.com/en-nl/products/babolat-court-padel-ballen-tube,yes,,yes,/images/padel/products/babolat-court-padel-balls-hero.jpg,KEEP
prod-dunlop-pro-padel,dunlop-pro-padel,balls,dunlop-padel,published,/images/padel/products/dunlop-pro-padel-hero.jpg,https://www.zonadepadel.uk/dunlop-padel/11377-bottle-balls-dunlop-fort-padel.html,yes,,yes,/images/padel/products/dunlop-pro-padel-hero.jpg,KEEP
prod-tecnifibre-padel-team,tecnifibre-padel-team-balls,balls,tecnifibre-padel,published,/images/padel/products/tecnifibre-padel-team-balls-hero.jpg,https://www.padelmq.com/en-nl/products/tube-van-3-tecnifibre-padel-team-ballen,yes,,yes,/images/padel/products/tecnifibre-padel-team-balls-hero.jpg,KEEP
prod-nox-at10-team-bag,nox-at10-team-paletero,bags,nox,published,/images/padel/products/nox-at10-team-paletero-hero.jpg,https://noxsport.com/en/products/paletero-at10-team-grey-black,yes,,yes,/images/padel/products/nox-at10-team-paletero-hero.jpg,KEEP
prod-babolat-rh-pro-padel,babolat-rh-pro-padel,bags,babolat,published,/images/padel/products/babolat-rh-pro-padel-hero.jpg,https://www.babolat.com/us/rh-pro/759020.html,yes,,yes,/images/padel/products/babolat-rh-pro-padel-hero.jpg,KEEP
prod-bullpadel-vertex-backpack,bullpadel-vertex-geo-backpack,bags,bullpadel,published,/images/padel/products/bullpadel-vertex-geo-backpack-hero.jpg,https://www.padelmq.com/en-nl/products/bullpadel-vertex-geo-rugzak-intense-blue-2026,yes,,yes,/images/padel/products/bullpadel-vertex-geo-backpack-hero.jpg,KEEP
prod-tecnifibre-tour-endurance-backpack,tecnifibre-tour-endurance-padel-backpack,bags,tecnifibre-padel,published,/images/padel/products/tecnifibre-tour-endurance-padel-backpack-hero.jpg,https://www.padelmq.com/en-nl/products/tecnifibre-tour-endurance-rugzak-caqui,yes,,yes,/images/padel/products/tecnifibre-tour-endurance-padel-backpack-hero.jpg,KEEP
prod-babolat-court-backpack,babolat-court-backpack,bags,babolat,published,/images/padel/products/babolat-court-backpack-hero.jpg,https://www.babolat.com/us/court-s/102-759022.html,yes,,yes,/images/padel/products/babolat-court-backpack-hero.jpg,KEEP
prod-adidas-protour-padel,adidas-protour-padel-bag,bags,adidas-padel,published,/images/padel/products/adidas-protour-padel-bag-hero.jpg,https://www.padelmq.com/en-nl/products/adidas-padeltas-protour-3-5-blauw-brons-2026,yes,,yes,/images/padel/products/adidas-protour-padel-bag-hero.jpg,KEEP
prod-head-tour-team-padel,head-tour-team-padel-bag,bags,head,published,/images/padel/bags/head-tour-team-padel-hero.jpg,https://www.padelmq.com/products/head-tour-padel-l-blauwe-padeltas-2026?_pos=1&_psq=head+Tour+Team+Padel&_psid=d6834d8fc&_ss=e,yes,,yes,/images/padel/bags/head-tour-team-padel-hero.jpg,KEEP
prod-head-elite-backpack,head-elite-padel-backpack,bags,head,published,/images/padel/products/head-elite-padel-backpack-hero.jpg,https://www.tennis-point.co.uk/products/head-tour-team-elite-backpack-limeblue-00637502591000,yes,,yes,/images/padel/products/head-elite-padel-backpack-hero.jpg,KEEP
prod-wilson-super-tour-padel,wilson-super-tour-padel-bag,bags,wilson,published,/images/padel/products/wilson-super-tour-padel-bag-hero.jpg,https://www.padelmq.com/en-nl/products/wilson-bela-super-tour-padel-tas-rood,yes,,yes,/images/padel/products/wilson-super-tour-padel-bag-hero.jpg,KEEP
prod-kuikma-paletero,kuikma-padel-paletero,bags,kuikma,draft,/images/padel/products/bag.svg,,no,not_authentic_photograph,no,,STAY_DRAFT
prod-nox-pro-series-bag,nox-pro-series-padel-bag,bags,nox,draft,/images/padel/products/bag.svg,,no,not_authentic_photograph,no,,STAY_DRAFT
prod-nox-at10-xxl-bag,nox-at10-xxl-padel-bag,bags,nox,published,/images/padel/products/nox-at10-xxl-padel-bag-hero.jpg,https://www.padelmq.com/en-eu/products/nox-at10-xxl-padel-bag-black-red-agustin-tapia,yes,,yes,/images/padel/products/nox-at10-xxl-padel-bag-hero.jpg,KEEP
prod-siux-paletero,siux-padel-paletero,bags,siux,draft,/images/padel/products/bag.svg,,no,not_authentic_photograph,no,,STAY_DRAFT
prod-bullpadel-gb1200,bullpadel-hac-overgrip,grips,bullpadel,published,/images/padel/products/bullpadel-hac-overgrip-hero.jpg,https://www.zonadepadel.uk/bullpadel/1390-overgrips-gb1200-blancos.html,yes,,yes,/images/padel/products/bullpadel-hac-overgrip-hero.jpg,KEEP
prod-nox-pro-overgrip,nox-pro-overgrip,grips,nox,published,/images/padel/products/nox-pro-overgrip-hero.jpg,https://www.padelmq.com/en-nl/products/nox-pro-overgrip-wit-3-pack,yes,,yes,/images/padel/products/nox-pro-overgrip-hero.jpg,KEEP
prod-head-xtreme-soft,head-xtreme-soft-overgrip,grips,head,published,/images/padel/products/head-xtreme-soft-overgrip-hero.jpg,https://www.padelmq.com/en-nl/products/head-xtreme-soft-overgrip-wit,yes,,yes,/images/padel/products/head-xtreme-soft-overgrip-hero.jpg,KEEP
prod-babolat-pro-response,babolat-pro-response-overgrip,grips,babolat,published,/images/padel/products/babolat-pro-response-overgrip-hero.jpg,https://www.babolat.com/gb/pro-response-x3/653048.html,yes,,yes,/images/padel/products/babolat-pro-response-overgrip-hero.jpg,KEEP
prod-kuikma-overgrip,kuikma-padel-overgrip,grips,kuikma,published,/images/padel/products/kuikma-padel-overgrip-hero.jpg,https://www.decathlon.sg/p/padel-overgrip-pro-kuikma-8981669.html,yes,,yes,/images/padel/products/kuikma-padel-overgrip-hero.jpg,KEEP
prod-head-hydrosorb,head-hydrosorb-replacement-grip,grips,head,draft,/images/padel/products/grips.svg,,no,not_authentic_photograph,no,,STAY_DRAFT
prod-babolat-syntec-pro,babolat-syntec-pro-replacement-grip,grips,babolat,published,/images/padel/products/babolat-syntec-pro-replacement-grip-hero.jpg,https://www.babolat.com/us/syntec-pro/670051.html,yes,,yes,/images/padel/products/babolat-syntec-pro-replacement-grip-hero.jpg,KEEP
prod-hesacore-padel,hesacore-padel-grip,grips,hesacore,published,/images/padel/products/hesacore-padel-grip-hero.jpg,https://www.padelmq.com/en-nl/products/hesacore-grip,yes,,yes,/images/padel/products/hesacore-padel-grip-hero.jpg,KEEP
prod-adidas-padel-overgrip,adidas-padel-overgrip,grips,adidas-padel,published,/images/padel/grips/adidas-padel-overgrip-hero.jpg,https://www.padelmq.com/products/adidas-overgrip-oranje?_pos=1&_psq=adidas+Adidas+Padel+Overgrip&_psid=d20f41bf6&_ss=e,yes,,yes,/images/padel/grips/adidas-padel-overgrip-hero.jpg,KEEP
prod-bullpadel-frame-protector,bullpadel-frame-protector-3-pack,accessories,bullpadel,published,/images/padel/products/bullpadel-frame-protector-3-pack-hero.jpg,https://www.padelmq.com/en-nl/products/bullpadel-frame-protector-zwart-3-stuks,yes,,yes,/images/padel/products/bullpadel-frame-protector-3-pack-hero.jpg,KEEP
prod-nox-frame-protector,nox-transparent-frame-protector,accessories,nox,published,/images/padel/products/nox-transparent-frame-protector-hero.jpg,https://www.padelmq.com/en-nl/products/nox-protection-tape-transparant-framebeschermer,yes,,yes,/images/padel/products/nox-transparent-frame-protector-hero.jpg,KEEP
prod-bullpadel-pascal-box,bullpadel-pascal-box-3b,accessories,bullpadel,published,/images/padel/products/bullpadel-pascal-box-3b-hero.jpg,https://www.padelmq.com/en-nl/products/pascal-box-3b,yes,,yes,/images/padel/products/bullpadel-pascal-box-3b-hero.jpg,KEEP
prod-head-x3-pressurizer,head-x3-ball-pressurizer,accessories,head,published,/images/padel/products/head-x3-ball-pressurizer-hero.jpg,https://padelproshop.com/en/products/pressurizer-head-x3-pump,yes,,yes,/images/padel/products/head-x3-ball-pressurizer-hero.jpg,KEEP
prod-bullpadel-custom-weight,bullpadel-protector-custom-weight,accessories,bullpadel,published,/images/padel/products/bullpadel-protector-custom-weight-hero.jpg,https://www.padelmq.com/en-nl/products/bullpadel-protector-custom-weight-4-stuks,yes,,yes,/images/padel/products/bullpadel-protector-custom-weight-hero.jpg,KEEP
prod-head-wristband,head-padel-wristband,accessories,head,draft,/images/catalog/fallbacks/accessory.svg,,no,not_authentic_photograph,no,,STAY_DRAFT
prod-wilson-wristband,wilson-padel-wristband,accessories,wilson,draft,/images/catalog/fallbacks/accessory.svg,,no,not_authentic_photograph,no,,STAY_DRAFT
prod-nox-wristband,nox-padel-wristband,accessories,nox,draft,/images/catalog/fallbacks/accessory.svg,,no,not_authentic_photograph,no,,STAY_DRAFT
prod-bullpadel-wristband,bullpadel-padel-wristband,accessories,bullpadel,draft,/images/catalog/fallbacks/accessory.svg,,no,not_authentic_photograph,no,,STAY_DRAFT
prod-head-smartsorb,head-smartsorb,accessories,head,draft,/images/catalog/fallbacks/accessory.svg,,no,not_authentic_photograph,no,,STAY_DRAFT
prod-4on-totalgrip,4on-totalgrip,accessories,4on,published,/images/padel/accessories/4on-totalgrip-hero.jpg,https://www.4on.store/products/totalgrip/4on-totalgrip-spray,yes,,yes,/images/padel/accessories/4on-totalgrip-hero.jpg,KEEP
prod-adidas-adidas-protector,adidas-adidas-protector,accessories,adidas-padel,draft,/images/catalog/fallbacks/accessory.svg,,no,not_authentic_photograph,no,,STAY_DRAFT
prod-adidas-adidas-wristband,adidas-adidas-wristband,accessories,adidas-padel,draft,/images/catalog/fallbacks/accessory.svg,,no,not_authentic_photograph,no,,STAY_DRAFT
prod-alacran-alacran-basket,alacran-alacran-basket,accessories,alacran,draft,/images/catalog/fallbacks/accessory.svg,,no,not_authentic_photograph,no,,STAY_DRAFT
prod-alacran-wide-ancha,alacran-wide-ancha,accessories,alacran,draft,/images/catalog/fallbacks/accessory.svg,,no,not_authentic_photograph,no,,STAY_DRAFT
prod-babolat-babolat-protector,babolat-babolat-protector,accessories,babolat,draft,/images/catalog/fallbacks/accessory.svg,,no,not_authentic_photograph,no,,STAY_DRAFT
prod-babolat-babolat-wristband,babolat-babolat-wristband,accessories,babolat,draft,/images/catalog/fallbacks/accessory.svg,,no,not_authentic_photograph,no,,STAY_DRAFT
prod-ball-rescuer-ball-rescuer,ball-rescuer-ball-rescuer,accessories,ball-rescuer,published,/images/padel/accessories/ball-rescuer-ball-rescuer-hero.jpg,https://ballrescuer.com/en-nl,yes,,yes,/images/padel/accessories/ball-rescuer-ball-rescuer-hero.jpg,KEEP
prod-ball-rescuer-premium,ball-rescuer-premium,accessories,ball-rescuer,draft,/images/catalog/fallbacks/accessory.svg,,no,not_authentic_photograph,no,,STAY_DRAFT
prod-black-crown-vibranium-transparent,black-crown-vibranium-transparent,accessories,black-crown,draft,/images/catalog/fallbacks/accessory.svg,,no,not_authentic_photograph,no,,STAY_DRAFT
prod-black-crown-black-crown-wristband,black-crown-black-crown-wristband,accessories,black-crown,published,/images/padel/accessories/black-crown-black-crown-wristband-hero.jpg,https://www.padelmq.com/products/black-crown-polsbanden-2-stuks?_pos=1&_psq=black-crown+Black+Crown+Wristband&_psid=1f5bd4f50&_ss=e,yes,,yes,/images/padel/accessories/black-crown-black-crown-wristband-hero.jpg,KEEP
prod-bounce-bounce-padel-x4,bounce-bounce-padel-x4,accessories,bounce-tube,draft,/images/catalog/fallbacks/accessory.svg,,no,not_authentic_photograph,no,,STAY_DRAFT
prod-bullpadel-bpmu252-bpmu253,bullpadel-bpmu252-bpmu253,accessories,bullpadel,draft,/images/catalog/fallbacks/accessory.svg,,no,not_authentic_photograph,no,,STAY_DRAFT
prod-bullpadel-pascal-box-switch-3b,bullpadel-pascal-box-switch-3b,accessories,bullpadel,draft,/images/catalog/fallbacks/accessory.svg,,no,not_authentic_photograph,no,,STAY_DRAFT
prod-bullpadel-custom-weight-grip,bullpadel-custom-weight-grip,accessories,bullpadel,published,/images/padel/accessories/bullpadel-custom-weight-grip-hero.jpg,https://www.padelnuestro.com/int/box-12-pcs-blister-3-pcs-protector-bullpadel-custom-weight-black-111273-p,yes,,yes,/images/padel/accessories/bullpadel-custom-weight-grip-hero.jpg,KEEP
prod-bullpadel-frame-protector-uni,bullpadel-frame-protector-uni,accessories,bullpadel,published,/images/padel/accessories/bullpadel-frame-protector-uni-hero.jpg,https://www.padelmq.com/products/bullpadel-frame-guard-transparant-3-stuks?_pos=1&_psq=bullpadel+Frame+Protector+Uni&_psid=e92e20b70&_ss=e,yes,,yes,/images/padel/accessories/bullpadel-frame-protector-uni-hero.jpg,KEEP
prod-bullpadel-bullpadel-headband,bullpadel-bullpadel-headband,accessories,bullpadel,draft,/images/catalog/fallbacks/accessory.svg,,no,not_authentic_photograph,no,,STAY_DRAFT
prod-bullpadel-metalshield,bullpadel-metalshield,accessories,bullpadel,draft,/images/catalog/fallbacks/accessory.svg,,no,not_authentic_photograph,no,,STAY_DRAFT
prod-bullpadel-pascal-box-4b,bullpadel-pascal-box-4b,accessories,bullpadel,draft,/images/catalog/fallbacks/accessory.svg,,no,not_authentic_photograph,no,,STAY_DRAFT
prod-bullpadel-pascal-box-pro,bullpadel-pascal-box-pro,accessories,bullpadel,draft,/images/catalog/fallbacks/accessory.svg,,no,not_authentic_photograph,no,,STAY_DRAFT
prod-bullpadel-pascal-box-switch,bullpadel-pascal-box-switch,accessories,bullpadel,draft,/images/catalog/fallbacks/accessory.svg,,no,not_authentic_photograph,no,,STAY_DRAFT
prod-bullpadel-custom-weight-protector,bullpadel-custom-weight-protector,accessories,bullpadel,draft,/images/catalog/fallbacks/accessory.svg,,no,not_authentic_photograph,no,,STAY_DRAFT
prod-enebe-enebe-protector-line,enebe-enebe-protector-line,accessories,enebe,published,/images/padel/accessories/enebe-enebe-protector-line-hero.jpg,https://www.padelmq.com/products/enebe-dentado-frame-protector-zwart?_pos=1&_psq=enebe+Enebe+Protector+line&_psid=d76accf8c&_ss=e,yes,,yes,/images/padel/accessories/enebe-enebe-protector-line-hero.jpg,KEEP
prod-head-antishock-skin,head-antishock-skin,accessories,head,published,/images/padel/accessories/head-antishock-skin-hero.jpg,https://www.padelmq.com/products/head-anti-shock-skin-protector-transparant?_pos=1&_psq=head+Antishock+Skin&_psid=36af542d2&_ss=e,yes,,yes,/images/padel/accessories/head-antishock-skin-hero.jpg,KEEP
prod-head-head-ball-cart,head-head-ball-cart,accessories,head,draft,/images/catalog/fallbacks/accessory.svg,,no,not_authentic_photograph,no,,STAY_DRAFT
prod-head-pick-up-tube,head-pick-up-tube,accessories,head,draft,/images/catalog/fallbacks/accessory.svg,,no,not_authentic_photograph,no,,STAY_DRAFT
prod-head-court-basket-70,head-court-basket-70,accessories,head,draft,/images/catalog/fallbacks/accessory.svg,,no,not_authentic_photograph,no,,STAY_DRAFT
prod-head-ball-basket,head-ball-basket,accessories,head,draft,/images/catalog/fallbacks/accessory.svg,,no,not_authentic_photograph,no,,STAY_DRAFT
prod-head-protector-tape,head-protector-tape,accessories,head,draft,/images/catalog/fallbacks/accessory.svg,,no,not_authentic_photograph,no,,STAY_DRAFT
prod-head-headband,head-headband,accessories,head,draft,/images/catalog/fallbacks/accessory.svg,,no,not_authentic_photograph,no,,STAY_DRAFT
prod-head-x100,head-x100,accessories,head,draft,/images/catalog/fallbacks/accessory.svg,,no,not_authentic_photograph,no,,STAY_DRAFT
prod-head-head-logo-wristband,head-head-logo-wristband,accessories,head,draft,/images/catalog/fallbacks/accessory.svg,,no,not_authentic_photograph,no,,STAY_DRAFT
prod-head-coaching-kit,head-coaching-kit,accessories,head,draft,/images/catalog/fallbacks/accessory.svg,,no,not_authentic_photograph,no,,STAY_DRAFT
prod-head-dome-cones,head-dome-cones,accessories,head,draft,/images/catalog/fallbacks/accessory.svg,,no,not_authentic_photograph,no,,STAY_DRAFT
prod-head-performance-headband,head-performance-headband,accessories,head,draft,/images/catalog/fallbacks/accessory.svg,,no,not_authentic_photograph,no,,STAY_DRAFT
prod-head-head-targets,head-head-targets,accessories,head,draft,/images/catalog/fallbacks/accessory.svg,,no,not_authentic_photograph,no,,STAY_DRAFT
prod-head-x3-pump,head-x3-pump,accessories,head,published,/images/padel/accessories/head-x3-pump-hero.jpg,https://padelproshop.com/en/products/pressurizer-head-x3-pump,yes,,yes,/images/padel/accessories/head-x3-pump-hero.jpg,KEEP
prod-head-x4-pump,head-x4-pump,accessories,head,draft,/images/catalog/fallbacks/accessory.svg,,no,not_authentic_photograph,no,,STAY_DRAFT
prod-nox-nox-pickup-tube,nox-nox-pickup-tube,accessories,nox,draft,/images/catalog/fallbacks/accessory.svg,,no,not_authentic_photograph,no,,STAY_DRAFT
prod-nox-nox-color-pack,nox-nox-color-pack,accessories,nox,draft,/images/catalog/fallbacks/accessory.svg,,no,not_authentic_photograph,no,,STAY_DRAFT
prod-nox-texture-protector,nox-texture-protector,accessories,nox,draft,/images/catalog/fallbacks/accessory.svg,,no,not_authentic_photograph,no,,STAY_DRAFT
prod-nox-transparent-protection-tape,nox-transparent-protection-tape,accessories,nox,draft,/images/catalog/fallbacks/accessory.svg,,no,not_authentic_photograph,no,,STAY_DRAFT
prod-nox-weight-balancer-2-4g,nox-weight-balancer-2-4g,accessories,nox,published,/images/padel/accessories/nox-weight-balancer-2-4g-hero.jpg,https://www.extreme-tennis.eu/padel-accessories/23570-nox-weight-balancer-padel.html,yes,,yes,/images/padel/accessories/nox-weight-balancer-2-4g-hero.jpg,KEEP
prod-pascal-box-compressor,pascal-box-compressor,accessories,pascal-box,draft,/images/catalog/fallbacks/accessory.svg,,no,not_authentic_photograph,no,,STAY_DRAFT
prod-pascal-box-compressor-pro,pascal-box-compressor-pro,accessories,pascal-box,draft,/images/catalog/fallbacks/accessory.svg,,no,not_authentic_photograph,no,,STAY_DRAFT
prod-shockout-gravity,shockout-gravity,accessories,shockout,published,/images/padel/accessories/shockout-gravity-hero.jpg,https://www.shockout.es/tienda/gravity/gravity/,yes,,yes,/images/padel/accessories/shockout-gravity-hero.jpg,KEEP
prod-shockout-shockout-protector,shockout-shockout-protector,accessories,shockout,draft,/images/catalog/fallbacks/accessory.svg,,no,not_authentic_photograph,no,,STAY_DRAFT
prod-shockout-padel-balls-design,shockout-padel-balls-design,accessories,shockout,draft,/images/catalog/fallbacks/accessory.svg,,no,not_authentic_photograph,no,,STAY_DRAFT
prod-siux-siux-logo-transparent,siux-siux-logo-transparent,accessories,siux,draft,/images/catalog/fallbacks/accessory.svg,,no,not_authentic_photograph,no,,STAY_DRAFT
prod-softee-softee-basket,softee-softee-basket,accessories,softee,draft,/images/catalog/fallbacks/accessory.svg,,no,not_authentic_photograph,no,,STAY_DRAFT
prod-softee-cube-pro,softee-cube-pro,accessories,softee,draft,/images/catalog/fallbacks/accessory.svg,,no,not_authentic_photograph,no,,STAY_DRAFT
prod-softee-max-tube,softee-max-tube,accessories,softee,draft,/images/catalog/fallbacks/accessory.svg,,no,not_authentic_photograph,no,,STAY_DRAFT
prod-softee-press-pro-x3,softee-press-pro-x3,accessories,softee,draft,/images/catalog/fallbacks/accessory.svg,,no,not_authentic_photograph,no,,STAY_DRAFT
prod-softee-softee-protector,softee-softee-protector,accessories,softee,published,/images/padel/accessories/softee-softee-protector-hero.jpg,https://www.padelmq.com/products/softee-protector-dentado-zwart?_pos=1&_psq=softee+Softee+Protector&_psid=ce19b3f63&_ss=e,yes,,yes,/images/padel/accessories/softee-softee-protector-hero.jpg,KEEP
prod-starvie-transparent-protector-2026,starvie-transparent-protector-2026,accessories,starvie,published,/images/padel/accessories/starvie-transparent-protector-2026-hero.jpg,https://www.padelshack.com/product/starvie-transparent-protector-2026/,yes,,yes,/images/padel/accessories/starvie-transparent-protector-2026-hero.jpg,KEEP
prod-tuboplus-tuboplus-29psi-x3,tuboplus-tuboplus-29psi-x3,accessories,tuboplus,draft,/images/catalog/fallbacks/accessory.svg,,no,not_authentic_photograph,no,,STAY_DRAFT
prod-tuboplus-29psi-x3e,tuboplus-29psi-x3e,accessories,tuboplus,draft,/images/catalog/fallbacks/accessory.svg,,no,not_authentic_photograph,no,,STAY_DRAFT
prod-tuboplus-29psi-x4e,tuboplus-29psi-x4e,accessories,tuboplus,draft,/images/catalog/fallbacks/accessory.svg,,no,not_authentic_photograph,no,,STAY_DRAFT
prod-tuboplus-boost,tuboplus-boost,accessories,tuboplus,draft,/images/catalog/fallbacks/accessory.svg,,no,not_authentic_photograph,no,,STAY_DRAFT
prod-tuboplus-r3play,tuboplus-r3play,accessories,tuboplus,draft,/images/catalog/fallbacks/accessory.svg,,no,not_authentic_photograph,no,,STAY_DRAFT
prod-tuboplus-r3set,tuboplus-r3set,accessories,tuboplus,draft,/images/catalog/fallbacks/accessory.svg,,no,not_authentic_photograph,no,,STAY_DRAFT
prod-tuboplus-repl4y,tuboplus-repl4y,accessories,tuboplus,draft,/images/catalog/fallbacks/accessory.svg,,no,not_authentic_photograph,no,,STAY_DRAFT
prod-tuboplus-tuboplus-x4,tuboplus-tuboplus-x4,accessories,tuboplus,draft,/images/catalog/fallbacks/accessory.svg,,no,not_authentic_photograph,no,,STAY_DRAFT
prod-tuboplus-tubox3,tuboplus-tubox3,accessories,tuboplus,draft,/images/catalog/fallbacks/accessory.svg,,no,not_authentic_photograph,no,,STAY_DRAFT
prod-vibora-vibor-a-transparent,vibora-vibor-a-transparent,accessories,vibora,published,/images/padel/accessories/vibora-vibor-a-transparent-hero.jpg,https://www.padelmq.com/products/vibora-diva-swarovski-tas-bruin?_pos=1&_psq=vibora+Vibor-A+Transparent&_psid=c5b49c839&_ss=e,yes,,yes,/images/padel/accessories/vibora-vibor-a-transparent-hero.jpg,KEEP
prod-wilson-wilson-weight-tape,wilson-wilson-weight-tape,accessories,wilson,draft,/images/catalog/fallbacks/accessory.svg,,no,not_authentic_photograph,no,,STAY_DRAFT
prod-wilson-wilson-protector,wilson-wilson-protector,accessories,wilson,draft,/images/catalog/fallbacks/accessory.svg,,no,not_authentic_photograph,no,,STAY_DRAFT
prod-adidas-control-2026,adidas-control-2026,bags,adidas-padel,published,/images/padel/bags/adidas-control-2026-hero.jpg,https://padelproshop.com/en-de/products/padel-bag-adidas-control-white-2026,yes,,yes,/images/padel/bags/adidas-control-2026-hero.jpg,KEEP
prod-adidas-metalbone-bag,adidas-metalbone-bag,bags,adidas-padel,draft,/images/padel/products/bag.svg,,no,not_authentic_photograph,no,,STAY_DRAFT
prod-adidas-multigame-backpack-2026,adidas-multigame-backpack-2026,bags,adidas-padel,draft,/images/padel/products/bag.svg,,no,not_authentic_photograph,no,,STAY_DRAFT
prod-adidas-multigame-2026,adidas-multigame-2026,bags,adidas-padel,draft,/images/padel/products/bag.svg,,no,not_authentic_photograph,no,,STAY_DRAFT
prod-adidas-protour-backpack-2026,adidas-protour-backpack-2026,bags,adidas-padel,published,/images/padel/bags/adidas-protour-backpack-2026-hero.jpg,https://www.padelnuestro.com/uk/bag-adidas-protour-2026-ab1ma6u26,yes,,yes,/images/padel/bags/adidas-protour-backpack-2026-hero.jpg,KEEP
prod-adidas-tour,adidas-tour,bags,adidas-padel,published,/images/padel/bags/adidas-tour-hero.jpg,https://www.padelmq.com/products/adidas-padeltas-tour-3-5-silver-2026?_pos=1&_psq=adidas+Tour&_psid=674e7ab7e&_ss=e,yes,,yes,/images/padel/bags/adidas-tour-hero.jpg,KEEP
prod-adidas-weekend,adidas-weekend,bags,adidas-padel,draft,/images/padel/products/bag.svg,,no,not_authentic_photograph,no,,STAY_DRAFT
prod-babolat-backpack-kids,babolat-backpack-kids,bags,babolat,draft,/images/padel/products/bag.svg,,no,not_authentic_photograph,no,,STAY_DRAFT
prod-babolat-court-backpack-lite,babolat-court-backpack-lite,bags,babolat,draft,/images/padel/products/bag.svg,,no,not_authentic_photograph,no,,STAY_DRAFT
prod-babolat-rh-perf,babolat-rh-perf,bags,babolat,published,/images/padel/bags/babolat-rh-perf-hero.jpg,https://www.babolat.com/us/rh-perf/759021.html,yes,,yes,/images/padel/bags/babolat-rh-perf-hero.jpg,KEEP
prod-black-crown-spartan,black-crown-spartan,bags,black-crown,published,/images/padel/bags/black-crown-spartan-hero.jpg,https://www.padelmq.com/nl-nl/products/black-crown-spartan-rugzak-zwart-rood,yes,,yes,/images/padel/bags/black-crown-spartan-hero.jpg,KEEP
prod-black-crown-thunder,black-crown-thunder,bags,black-crown,published,/images/padel/bags/black-crown-thunder-hero.jpg,https://www.padelshack.com/product/black-crown-thunder-padel-bag-2026-blackblack/,yes,,yes,/images/padel/bags/black-crown-thunder-hero.jpg,KEEP
prod-black-crown-ultimate-pro-2-0,black-crown-ultimate-pro-2-0,bags,black-crown,published,/images/padel/bags/black-crown-ultimate-pro-2-0-hero.jpg,https://www.padelshack.com/product/black-crown-ultimate-pro-20-padel-racket-bag-2025-navy/,yes,,yes,/images/padel/bags/black-crown-ultimate-pro-2-0-hero.jpg,KEEP
prod-bullpadel-advance-bpp26014,bullpadel-advance-bpp26014,bags,bullpadel,draft,/images/padel/products/bag.svg,,no,not_authentic_photograph,no,,STAY_DRAFT
prod-bullpadel-casual-bpp26016,bullpadel-casual-bpp26016,bags,bullpadel,published,/images/padel/bags/bullpadel-casual-bpp26016-hero.jpg,https://www.padelmq.com/products/bullpadel-padeltas-casual-zwart-2026?_pos=1&_psq=bullpadel+Casual+BPP26016&_psid=1e4019b93&_ss=e,yes,,yes,/images/padel/bags/bullpadel-casual-bpp26016-hero.jpg,KEEP
prod-bullpadel-elite-bpp26019,bullpadel-elite-bpp26019,bags,bullpadel,published,/images/padel/bags/bullpadel-elite-bpp26019-hero.jpg,https://www.padelmq.com/products/bullpadel-padeltas-elite-2025?_pos=1&_psq=bullpadel+Elite+BPP26019&_psid=a3156dcd3&_ss=e,yes,,yes,/images/padel/bags/bullpadel-elite-bpp26019-hero.jpg,KEEP
prod-bullpadel-hack-bpm26002,bullpadel-hack-bpm26002,bags,bullpadel,draft,/images/padel/products/bag.svg,,no,not_authentic_photograph,no,,STAY_DRAFT
prod-bullpadel-icon-bpp26023,bullpadel-icon-bpp26023,bags,bullpadel,published,/images/padel/bags/bullpadel-icon-bpp26023-hero.jpg,https://www.padelmq.com/products/bullpadel-icon-2026?_pos=1&_psq=bullpadel+Icon+BPP26023&_psid=88dc90a77&_ss=e,yes,,yes,/images/padel/bags/bullpadel-icon-bpp26023-hero.jpg,KEEP
prod-bullpadel-ionic-bpp26005,bullpadel-ionic-bpp26005,bags,bullpadel,published,/images/padel/bags/bullpadel-ionic-bpp26005-hero.jpg,https://www.padelmq.com/products/bullpadel-ionic-control-2025?_pos=1&_psq=bullpadel+Ionic+BPP26005&_psid=4a59d8039&_ss=e,yes,,yes,/images/padel/bags/bullpadel-ionic-bpp26005-hero.jpg,KEEP
prod-bullpadel-neuron-bpm26020,bullpadel-neuron-bpm26020,bags,bullpadel,published,/images/padel/bags/bullpadel-neuron-bpm26020-hero.jpg,https://www.padelmq.com/products/bullpadel-neuron-2025?_pos=1&_psq=bullpadel+Neuron+BPM26020&_psid=b8d253a38&_ss=e,yes,,yes,/images/padel/bags/bullpadel-neuron-bpm26020-hero.jpg,KEEP
prod-bullpadel-neuron-bpp26020,bullpadel-neuron-bpp26020,bags,bullpadel,draft,/images/padel/products/bag.svg,,no,not_authentic_photograph,no,,STAY_DRAFT
prod-bullpadel-pearl-bpm27017,bullpadel-pearl-bpm27017,bags,bullpadel,published,/images/padel/bags/bullpadel-pearl-bpm27017-hero.jpg,https://www.padelmq.com/products/bullpadel-pearl-2026?_pos=1&_psq=bullpadel+Pearl+BPM27017&_psid=c7ec28c48&_ss=e,yes,,yes,/images/padel/bags/bullpadel-pearl-bpm27017-hero.jpg,KEEP
prod-bullpadel-pearl-bpp26021,bullpadel-pearl-bpp26021,bags,bullpadel,draft,/images/padel/products/bag.svg,,no,not_authentic_photograph,no,,STAY_DRAFT
prod-bullpadel-tour-bpp26015,bullpadel-tour-bpp26015,bags,bullpadel,published,/images/padel/bags/bullpadel-tour-bpp26015-hero.jpg,https://www.padelmq.com/products/bullpadel-premier-padel-tour-crudo-2026?_pos=1&_psq=bullpadel+Tour+BPP26015&_psid=a0dd10ed9&_ss=e,yes,,yes,/images/padel/bags/bullpadel-tour-bpp26015-hero.jpg,KEEP
prod-bullpadel-trolley-bpp26011,bullpadel-trolley-bpp26011,bags,bullpadel,draft,/images/padel/products/bag.svg,,no,not_authentic_photograph,no,,STAY_DRAFT
prod-bullpadel-vertex-bpp26001,bullpadel-vertex-bpp26001,bags,bullpadel,draft,/images/padel/products/bag.svg,,no,not_authentic_photograph,no,,STAY_DRAFT
prod-bullpadel-vertex-geo-premier-bpm26008,bullpadel-vertex-geo-premier-bpm26008,bags,bullpadel,draft,/images/padel/products/bag.svg,,no,not_authentic_photograph,no,,STAY_DRAFT
prod-bullpadel-wonder-bpp26024,bullpadel-wonder-bpp26024,bags,bullpadel,published,/images/padel/bags/bullpadel-wonder-bpp26024-hero.jpg,https://www.padelmq.com/products/bullpadel-wonder-2026-kopie?_pos=1&_psq=bullpadel+Wonder+BPP26024&_psid=b2f00312e&_ss=e,yes,,yes,/images/padel/bags/bullpadel-wonder-bpp26024-hero.jpg,KEEP
prod-bullpadel-xplo-bpp26022,bullpadel-xplo-bpp26022,bags,bullpadel,published,/images/padel/bags/bullpadel-xplo-bpp26022-hero.jpg,https://www.padelmq.com/products/bullpadel-xplo-2025-volledig-nieuw-model?_pos=1&_psq=bullpadel+Xplo+BPP26022&_psid=6f8a09136&_ss=e,yes,,yes,/images/padel/bags/bullpadel-xplo-bpp26022-hero.jpg,KEEP
prod-bullpadel-flow-bpp26006,bullpadel-flow-bpp26006,bags,bullpadel,draft,/images/padel/products/bag.svg,,no,not_authentic_photograph,no,,STAY_DRAFT
prod-bullpadel-bpm26002-hack,bullpadel-bpm26002-hack,bags,bullpadel,published,/images/padel/bags/bullpadel-bpm26002-hack-hero.jpg,https://www.padelmq.com/nl-nl/products/bullpadel-hack-rugzak-grijsgroen-2026,yes,,yes,/images/padel/bags/bullpadel-bpm26002-hack-hero.jpg,KEEP
prod-bullpadel-hack-bpp26012,bullpadel-hack-bpp26012,bags,bullpadel,draft,/images/padel/products/bag.svg,,no,not_authentic_photograph,no,,STAY_DRAFT
prod-bullpadel-bpp26005-ionic,bullpadel-bpp26005-ionic,bags,bullpadel,draft,/images/padel/products/bag.svg,,no,not_authentic_photograph,no,,STAY_DRAFT
prod-bullpadel-bpm26007-bpm26008-vertex,bullpadel-bpm26007-bpm26008-vertex,bags,bullpadel,published,/images/padel/bags/bullpadel-bpm26007-bpm26008-vertex-hero.jpg,https://padelshop.com/products/bullpadel-bpm26008-vertex-backpack,yes,,yes,/images/padel/bags/bullpadel-bpm26007-bpm26008-vertex-hero.jpg,KEEP
prod-bullpadel-bpp26001-vertex,bullpadel-bpp26001-vertex,bags,bullpadel,published,/images/padel/bags/bullpadel-bpp26001-vertex-hero.jpg,https://padelmarket.com/en-eu/products/bullpadel-bpp-26001-vertex-black-2026-juan-tello-racket-bag,yes,,yes,/images/padel/bags/bullpadel-bpp26001-vertex-hero.jpg,KEEP
prod-bullpadel-bpm26022-xplo,bullpadel-bpm26022-xplo,bags,bullpadel,draft,/images/padel/products/bag.svg,,no,not_authentic_photograph,no,,STAY_DRAFT
prod-bullpadel-bpp26022-xplo,bullpadel-bpp26022-xplo,bags,bullpadel,published,/images/padel/bags/bullpadel-bpp26022-xplo-hero.jpg,https://www.padelmq.com/nl-nl/products/bullpadel-padeltas-xplo-zwart-2026-martin-di-nenno,yes,,yes,/images/padel/bags/bullpadel-bpp26022-xplo-hero.jpg,KEEP
prod-drop-shot-axion-backpack,drop-shot-axion-backpack,bags,drop-shot,draft,/images/padel/products/bag.svg,,no,not_authentic_photograph,no,,STAY_DRAFT
prod-drop-shot-axion,drop-shot-axion,bags,drop-shot,draft,/images/padel/products/bag.svg,,no,not_authentic_photograph,no,,STAY_DRAFT
prod-drop-shot-blitz,drop-shot-blitz,bags,drop-shot,published,/images/padel/bags/drop-shot-blitz-hero.jpg,https://padelmarket.com/en-worldwide/products/drop-shot-blitz-2025-mochila,yes,,yes,/images/padel/bags/drop-shot-blitz-hero.jpg,KEEP
prod-drop-shot-fenix,drop-shot-fenix,bags,drop-shot,draft,/images/padel/products/bag.svg,,no,not_authentic_photograph,no,,STAY_DRAFT
prod-drop-shot-lcp,drop-shot-lcp,bags,drop-shot,draft,/images/padel/products/bag.svg,,no,not_authentic_photograph,no,,STAY_DRAFT
prod-head-coello-pro-x-backpack,head-coello-pro-x-backpack,bags,head,published,/images/padel/bags/head-coello-pro-x-backpack-hero.jpg,https://www.padelmq.com/products/head-backpack-coello-pro-x-grijs-2026?_pos=1&_psq=head+Coello+Pro+X+Backpack&_psid=816c83831&_ss=e,yes,,yes,/images/padel/bags/head-coello-pro-x-backpack-hero.jpg,KEEP
prod-head-coello-pro-x-duffle-l,head-coello-pro-x-duffle-l,bags,head,published,/images/padel/bags/head-coello-pro-x-duffle-l-hero.jpg,https://www.padelmq.com/products/head-padeltas-coello-pro-x-duffle-zwart-2026?_pos=1&_psq=head+Coello+Pro+X+Duffle+L&_psid=91f98567c&_ss=e,yes,,yes,/images/padel/bags/head-coello-pro-x-duffle-l-hero.jpg,KEEP
prod-head-coello-tour-backpack,head-coello-tour-backpack,bags,head,published,/images/padel/bags/head-coello-tour-backpack-hero.jpg,https://www.padelmq.com/products/head-backpack-coello-tour-grijs-2026?_pos=1&_psq=head+Coello+Tour+Backpack&_psid=fd2bc902b&_ss=e,yes,,yes,/images/padel/bags/head-coello-tour-backpack-hero.jpg,KEEP
prod-head-coello-tour-bag,head-coello-tour-bag,bags,head,published,/images/padel/bags/head-coello-tour-bag-hero.jpg,https://elpadel.ae/product/head-coello-tour-padel-bag-2026/,yes,,yes,/images/padel/bags/head-coello-tour-bag-hero.jpg,KEEP
prod-head-elite-supercombi,head-elite-supercombi,bags,head,draft,/images/padel/products/bag.svg,,no,not_authentic_photograph,no,,STAY_DRAFT
prod-head-tour-backpack-25l,head-tour-backpack-25l,bags,head,published,/images/padel/bags/head-tour-backpack-25l-hero.jpg,https://padelmarket.com/en-gb/products/head-tour-backpack-25l-2026-black-backpack,yes,,yes,/images/padel/bags/head-tour-backpack-25l-hero.jpg,KEEP
prod-head-tour-team-cb-2026,head-tour-team-cb-2026,bags,head,draft,/images/padel/products/bag.svg,,no,not_authentic_photograph,no,,STAY_DRAFT
prod-head-pro-x-bag-l,head-pro-x-bag-l,bags,head,published,/images/padel/bags/head-pro-x-bag-l-hero.jpg,https://www.padelmq.com/products/head-pro-x-tote-bag-22l-lichtgrijs?_pos=1&_psq=head+Pro+X+Bag+L&_psid=2df23c526&_ss=e,yes,,yes,/images/padel/bags/head-pro-x-bag-l-hero.jpg,KEEP
prod-head-pro-x-duffle-l,head-pro-x-duffle-l,bags,head,draft,/images/padel/products/bag.svg,,no,not_authentic_photograph,no,,STAY_DRAFT
prod-head-tour-padel-bag-l,head-tour-padel-bag-l,bags,head,draft,/images/padel/products/bag.svg,,no,not_authentic_photograph,no,,STAY_DRAFT
prod-head-tour-team-elite,head-tour-team-elite,bags,head,draft,/images/padel/products/bag.svg,,no,not_authentic_photograph,no,,STAY_DRAFT
prod-joma-pro,joma-pro,bags,joma,draft,/images/padel/products/bag.svg,,no,not_authentic_photograph,no,,STAY_DRAFT
prod-kuikma-pl-900-elite,kuikma-pl-900-elite,bags,kuikma,published,/images/padel/bags/kuikma-pl-900-elite-hero.jpg,https://padelmad.co.uk/equipment/accessories/kuikma-insulated-padel-bag-elite-review/,yes,,yes,/images/padel/bags/kuikma-pl-900-elite-hero.jpg,KEEP
prod-kuikma-backpack,kuikma-backpack,bags,kuikma,draft,/images/padel/products/bag.svg,,no,not_authentic_photograph,no,,STAY_DRAFT
prod-kuikma-pbp-elite,kuikma-pbp-elite,bags,kuikma,draft,/images/padel/products/bag.svg,,no,not_authentic_photograph,no,,STAY_DRAFT
prod-lok-aventure-gen-2,lok-aventure-gen-2,bags,lok,published,/images/padel/bags/lok-aventure-gen-2-hero.jpg,https://padelmarket.com/en-worldwide/products/lok-aventure-gen-2-2026-backpack,yes,,yes,/images/padel/bags/lok-aventure-gen-2-hero.jpg,KEEP
prod-lok-maxx-gen-2,lok-maxx-gen-2-paletero,bags,lok,published,/images/padel/bags/lok-maxx-gen-2-hero.jpg,https://padelmarket.com/en-eu/products/lok-maxx-gen-2-black-orange-2026-backpack,yes,,yes,/images/padel/bags/lok-maxx-gen-2-hero.jpg,KEEP
prod-nox-at10-competition-trolley,nox-at10-competition-trolley,bags,nox,published,/images/padel/bags/nox-at10-competition-trolley-hero.jpg,https://noxsport.com/en/products/paletero-at10-competition-trolley-2024,yes,,yes,/images/padel/bags/nox-at10-competition-trolley-hero.jpg,KEEP
prod-nox-at10-team-backpack,nox-at10-team-backpack,bags,nox,draft,/images/padel/products/bag.svg,,no,not_authentic_photograph,no,,STAY_DRAFT
prod-nox-at10-team,nox-at10-team,bags,nox,published,/images/padel/bags/nox-at10-team-hero.jpg,https://noxsport.com/en/products/paletero-at10-team-grey-black,yes,,yes,/images/padel/bags/nox-at10-team-hero.jpg,KEEP
prod-nox-luxury-master-backpack,nox-luxury-master-backpack,bags,nox,published,/images/padel/bags/nox-luxury-master-backpack-hero.jpg,https://noxsport.com/en/products/backpack-luxury-master-series,yes,,yes,/images/padel/bags/nox-luxury-master-backpack-hero.jpg,KEEP
prod-nox-luxury-master-series,nox-luxury-master-series,bags,nox,published,/images/padel/bags/nox-luxury-master-series-hero.jpg,https://www.padelmq.com/nl-nl/products/nox-luxury-master-series-padeltas-zwart-wit-agustin-tapia,yes,,yes,/images/padel/bags/nox-luxury-master-series-hero.jpg,KEEP
prod-nox-luxury-open-backpack,nox-luxury-open-backpack,bags,nox,published,/images/padel/bags/nox-luxury-open-backpack-hero.jpg,https://noxsport.com/en/products/backpack-luxury-open-series-black-red,yes,,yes,/images/padel/bags/nox-luxury-open-backpack-hero.jpg,KEEP
prod-nox-luxury-open-series,nox-luxury-open-series,bags,nox,published,/images/padel/bags/nox-luxury-open-series-hero.jpg,https://www.padelmq.com/nl-nl/products/nox-luxury-open-series-padeltas-zwart-rood-agustin-tapia,yes,,yes,/images/padel/bags/nox-luxury-open-series-hero.jpg,KEEP
prod-nox-ml10-competition-xl-compact,nox-ml10-competition-xl-compact,bags,nox,draft,/images/padel/products/bag.svg,,no,not_authentic_photograph,no,,STAY_DRAFT
prod-nox-ml10-team-backpack,nox-ml10-team-backpack,bags,nox,draft,/images/padel/products/bag.svg,,no,not_authentic_photograph,no,,STAY_DRAFT
prod-nox-ml10-team,nox-ml10-team,bags,nox,draft,/images/padel/products/bag.svg,,no,not_authentic_photograph,no,,STAY_DRAFT
prod-nox-at10-competition-xl-compact,nox-at10-competition-xl-compact,bags,nox,draft,/images/padel/products/bag.svg,,no,not_authentic_photograph,no,,STAY_DRAFT
prod-nox-pro-series-backpack,nox-pro-series-backpack,bags,nox,published,/images/padel/bags/nox-pro-series-backpack-hero.jpg,https://padelshop.com/products/nox-pro-series-white-backpack,yes,,yes,/images/padel/bags/nox-pro-series-backpack-hero.jpg,KEEP
prod-nox-pro-series,nox-pro-series,bags,nox,draft,/images/padel/products/bag.svg,,no,not_authentic_photograph,no,,STAY_DRAFT
prod-nox-street-series,nox-street-series,bags,nox,draft,/images/padel/products/bag.svg,,no,not_authentic_photograph,no,,STAY_DRAFT
prod-oxdog-cube,oxdog-cube,bags,oxdog,draft,/images/padel/products/bag.svg,,no,not_authentic_photograph,no,,STAY_DRAFT
prod-oxdog-hyper-pro-thermo,oxdog-hyper-pro-thermo,bags,oxdog,draft,/images/padel/products/bag.svg,,no,not_authentic_photograph,no,,STAY_DRAFT
prod-oxdog-hyper-tour-thermo-backpack,oxdog-hyper-tour-thermo-backpack,bags,oxdog,published,/images/padel/bags/oxdog-hyper-tour-thermo-backpack-hero.jpg,https://www.padelmq.com/products/hyper-pro-thermo-padel-bag?_pos=1&_psq=oxdog+Hyper+Tour+Thermo+Backpack&_psid=31fe543a0&_ss=e,yes,,yes,/images/padel/bags/oxdog-hyper-tour-thermo-backpack-hero.jpg,KEEP
prod-oxdog-x-padel-pro-thermo,oxdog-x-padel-pro-thermo,bags,oxdog,draft,/images/padel/products/bag.svg,,no,not_authentic_photograph,no,,STAY_DRAFT
prod-royal-padel-force,royal-padel-force,bags,royal-padel,published,/images/padel/bags/royal-padel-force-hero.jpg,https://www.padelmq.com/nl-nl/products/royal-padel-force-zwarte-padeltas-2026,yes,,yes,/images/padel/bags/royal-padel-force-hero.jpg,KEEP
prod-siux-nomad,siux-nomad,bags,siux,published,/images/padel/bags/siux-nomad-hero.jpg,https://www.padelmq.com/nl-nl/products/siux-nomad-rugzak-zwart-blauw-2026,yes,,yes,/images/padel/bags/siux-nomad-hero.jpg,KEEP
prod-siux-electra-stupa-2026,siux-electra-stupa-2026,bags,siux,published,/images/padel/bags/siux-electra-stupa-2026-hero.jpg,https://www.siuxpadel.com/products/paletero-siux-electra-stupa-2026,yes,,yes,/images/padel/bags/siux-electra-stupa-2026-hero.jpg,KEEP
prod-siux-tour,siux-tour,bags,siux,published,/images/padel/bags/siux-tour-hero.jpg,https://www.padelmq.com/nl-nl/products/siux-tour-rugzak-zwart-2026,yes,,yes,/images/padel/bags/siux-tour-hero.jpg,KEEP
prod-siux-trail,siux-trail,bags,siux,published,/images/padel/bags/siux-trail-hero.jpg,https://www.padelmq.com/nl-nl/products/siux-trail-rugzak-grijs-2026,yes,,yes,/images/padel/bags/siux-trail-hero.jpg,KEEP
prod-starvie-hard-eva,starvie-hard-eva,bags,starvie,published,/images/padel/bags/starvie-hard-eva-hero.jpg,https://starvie.com/en/products/hard-eva-black,yes,,yes,/images/padel/bags/starvie-hard-eva-hero.jpg,KEEP
prod-starvie-hard-eva-backpack,starvie-hard-eva-backpack,bags,starvie,published,/images/padel/bags/starvie-hard-eva-backpack-hero.jpg,https://www.padelmq.com/products/starvie-hard-eva-zwarte-rugzak?_pos=1&_psq=starvie+Hard+Eva+Backpack&_psid=b8736d2d8&_ss=e,yes,,yes,/images/padel/bags/starvie-hard-eva-backpack-hero.jpg,KEEP
prod-starvie-pro-master,starvie-pro-master,bags,starvie,published,/images/padel/bags/starvie-pro-master-hero.jpg,https://www.padelmq.com/nl-nl/products/starvie-pro-master-padel-tas,yes,,yes,/images/padel/bags/starvie-pro-master-hero.jpg,KEEP
prod-starvie-tactic-pro,starvie-tactic-pro,bags,starvie,published,/images/padel/bags/starvie-tactic-pro-hero.jpg,https://www.padelmq.com/products/starvie-tactic-pro-padel-tas?_pos=1&_psq=starvie+Tactic+Pro&_psid=cf84a6d9c&_ss=e,yes,,yes,/images/padel/bags/starvie-tactic-pro-hero.jpg,KEEP
prod-tecnifibre-tour-endurance-bag,tecnifibre-tour-endurance-bag,bags,tecnifibre-padel,published,/images/padel/bags/tecnifibre-tour-endurance-bag-hero.jpg,https://www.padelmq.com/products/tecnifibre-tour-endurance-sporttas-wit-blauw?_pos=1&_psq=tecnifibre+Tour+Endurance+Bag&_psid=3eedab0eb&_ss=e,yes,,yes,/images/padel/bags/tecnifibre-tour-endurance-bag-hero.jpg,KEEP
prod-tecnifibre-tour-endurance-ultra,tecnifibre-tour-endurance-ultra,bags,tecnifibre-padel,draft,/images/padel/products/bag.svg,,no,not_authentic_photograph,no,,STAY_DRAFT
prod-varlion-ambassador,varlion-ambassador,bags,varlion,draft,/images/padel/products/bag.svg,,no,not_authentic_photograph,no,,STAY_DRAFT
prod-varlion-summum-backpack,varlion-summum-backpack,bags,varlion,draft,/images/padel/products/bag.svg,,no,not_authentic_photograph,no,,STAY_DRAFT
prod-varlion-summum-pro,varlion-summum-pro,bags,varlion,published,/images/padel/bags/varlion-summum-pro-hero.jpg,https://www.varlion.com/gb/padel/bags/padel-racket-bags/padel-bag-summum-pro-.html,yes,,yes,/images/padel/bags/varlion-summum-pro-hero.jpg,KEEP
prod-wilson-bela-super-tour-backpack,wilson-bela-super-tour-backpack,bags,wilson,published,/images/padel/bags/wilson-bela-super-tour-backpack-hero.jpg,https://tennisshot.gr/en-gb/wilson-bela-super-tour-padel-backpack,yes,,yes,/images/padel/bags/wilson-bela-super-tour-backpack-hero.jpg,KEEP
prod-wilson-bela-backpack,wilson-bela-backpack,bags,wilson,draft,/images/padel/products/bag.svg,,no,not_authentic_photograph,no,,STAY_DRAFT
prod-wilson-super-tour-2026,wilson-super-tour-2026,bags,wilson,published,/images/padel/bags/wilson-super-tour-2026-hero.jpg,https://www.padelshack.com/product/wilson-tour-super-red-padel-racket-bag-2026/,yes,,yes,/images/padel/bags/wilson-super-tour-2026-hero.jpg,KEEP
prod-adidas-pro-bounce,adidas-pro-bounce,balls,adidas-padel,draft,/images/padel/products/balls.svg,,no,not_authentic_photograph,no,,STAY_DRAFT
prod-adidas-serie-tour,adidas-serie-tour,balls,adidas-padel,draft,/images/padel/products/balls.svg,,no,not_authentic_photograph,no,,STAY_DRAFT
prod-babolat-ace,babolat-ace,balls,babolat,draft,/images/padel/products/balls.svg,,no,not_authentic_photograph,no,,STAY_DRAFT
prod-babolat-court,babolat-court,balls,babolat,published,/images/padel/balls/babolat-court-hero.jpg,https://www.babolat.com/gb/court-x3/501098.html,yes,,yes,/images/padel/balls/babolat-court-hero.jpg,KEEP
prod-babolat-short,babolat-short,balls,babolat,draft,/images/padel/products/balls.svg,,no,not_authentic_photograph,no,,STAY_DRAFT
prod-black-crown-one,black-crown-one,balls,black-crown,published,/images/padel/balls/black-crown-one-hero.jpg,https://www.padelmq.com/en/products/black-crown-one-padel-ball-box,yes,,yes,/images/padel/balls/black-crown-one-hero.jpg,KEEP
prod-black-crown-pro,black-crown-pro,balls,black-crown,published,/images/padel/balls/black-crown-pro-hero.jpg,https://www.padelmq.com/en-nl/products/black-crown-pro-padel-balls-tube,yes,,yes,/images/padel/balls/black-crown-pro-hero.jpg,KEEP
prod-bullpadel-fip-next,bullpadel-fip-next,balls,bullpadel,draft,/images/padel/products/balls.svg,,no,not_authentic_photograph,no,,STAY_DRAFT
prod-bullpadel-fip-next-pro,bullpadel-fip-next-pro,balls,bullpadel,published,/images/padel/balls/bullpadel-fip-next-pro-hero.jpg,https://padelmarket.com/en-gb/products/bullpadel-next-pro-tube-of-3-balls,yes,,yes,/images/padel/balls/bullpadel-fip-next-pro-hero.jpg,KEEP
prod-bullpadel-next,bullpadel-next,balls,bullpadel,published,/images/padel/balls/bullpadel-next-hero.jpg,https://mrhsport.com/blogs/the-clubhouse-blog/bullpadel-padel-balls-explained-premium-pro-next-next-pro,yes,,yes,/images/padel/balls/bullpadel-next-hero.jpg,KEEP
prod-bullpadel-next-pro,bullpadel-next-pro,balls,bullpadel,draft,/images/padel/products/balls.svg,,no,not_authentic_photograph,no,,STAY_DRAFT
prod-drop-shot-speed-tech,drop-shot-speed-tech,balls,drop-shot,published,/images/padel/balls/drop-shot-speed-tech-hero.jpg,https://www.padelmq.com/products/drop-shot-jon-sanz-axion-attack-1-5-2025?_pos=1&_psq=drop-shot+Speed+Tech&_psid=dcf6c5764&_ss=e,yes,,yes,/images/padel/balls/drop-shot-speed-tech-hero.jpg,KEEP
prod-drop-shot-tournament-speed-pro,drop-shot-tournament-speed-pro,balls,drop-shot,draft,/images/padel/products/balls.svg,,no,not_authentic_photograph,no,,STAY_DRAFT
prod-drop-shot-tournament-tech,drop-shot-tournament-tech,balls,drop-shot,published,/images/padel/balls/drop-shot-tournament-tech-hero.jpg,https://padelproshop.com/en-mtcy/products/can-of-drop-shot-padel-balls-tournament-pro,yes,,yes,/images/padel/balls/drop-shot-tournament-tech-hero.jpg,KEEP
prod-drop-shot-training-tech,drop-shot-training-tech,balls,drop-shot,published,/images/padel/balls/drop-shot-training-tech-hero.jpg,https://www.padelmq.com/products/drop-shot-quantum-soft-w-2026?_pos=1&_psq=drop-shot+Training+Tech&_psid=33da30369&_ss=e,yes,,yes,/images/padel/balls/drop-shot-training-tech-hero.jpg,KEEP
prod-dunlop-eco,dunlop-eco,balls,dunlop-padel,published,/images/padel/balls/dunlop-eco-hero.jpg,https://padelgearpro.nl/dunlop-eco-padel-24x3-review/,yes,,yes,/images/padel/balls/dunlop-eco-hero.jpg,KEEP
prod-dunlop-pro,dunlop-pro,balls,dunlop-padel,published,/images/padel/balls/dunlop-pro-hero.jpg,https://www.padelmq.com/en/products/dunlop-pro-padel-ball-tube,yes,,yes,/images/padel/balls/dunlop-pro-hero.jpg,KEEP
prod-dunlop-team,dunlop-team,balls,dunlop-padel,draft,/images/padel/products/balls.svg,,no,not_authentic_photograph,no,,STAY_DRAFT
prod-fila-premium,fila-premium,balls,fila-padel,draft,/images/padel/products/balls.svg,,no,not_authentic_photograph,no,,STAY_DRAFT
prod-fila-premium-pro,fila-premium-pro,balls,fila-padel,published,/images/padel/balls/fila-premium-pro-hero.jpg,https://www.padelmq.com/products/premium-pro-tube?_pos=1&_psq=fila+Premium+Pro&_psid=ceaed0e8a&_ss=e,yes,,yes,/images/padel/balls/fila-premium-pro-hero.jpg,KEEP
prod-nox-nerbo,nox-nerbo,balls,nox,published,/images/padel/balls/nox-nerbo-hero.jpg,https://noxsport.com/en/products/nerbo-balls-3,yes,,yes,/images/padel/balls/nox-nerbo-hero.jpg,KEEP
prod-nox-nerbo-speed,nox-nerbo-speed,balls,nox,published,/images/padel/balls/nox-nerbo-speed-hero.jpg,https://funpadel.pt/nox-nerbo-speed-balls-tube,yes,,yes,/images/padel/balls/nox-nerbo-speed-hero.jpg,KEEP
prod-nox-pro-titanium,nox-pro-titanium,balls,nox,published,/images/padel/balls/nox-pro-titanium-hero.jpg,https://noxsport.com/en/collections/padel-balls-pro-titanium,yes,,yes,/images/padel/balls/nox-pro-titanium-hero.jpg,KEEP
prod-osaka-pro-tour,osaka-pro-tour,balls,osaka-padel,published,/images/padel/balls/osaka-pro-tour-hero.jpg,https://osakaworld.com/en-us/products/osaka-pro-tour-padel-ball-3-ball-can-no-color-1,yes,,yes,/images/padel/balls/osaka-pro-tour-hero.jpg,KEEP
prod-osaka-vision,osaka-vision,balls,osaka-padel,published,/images/padel/balls/osaka-vision-hero.jpg,https://osakaworld.com/en-gb/products/osaka-vision-padel-ball-3-ball-can-no-color,yes,,yes,/images/padel/balls/osaka-vision-hero.jpg,KEEP
prod-oxdog-boost,oxdog-boost,balls,oxdog,published,/images/padel/balls/oxdog-boost-hero.jpg,https://www.padelmq.com/en/products/oxdog-boost-padel-ball-tube,yes,,yes,/images/padel/balls/oxdog-boost-hero.jpg,KEEP
prod-pallap-competition-01,pallap-competition-01,balls,pallap,draft,/images/padel/products/balls.svg,,no,not_authentic_photograph,no,,STAY_DRAFT
prod-rs-champions-choice,rs-champions-choice,balls,rs-padel,published,/images/padel/balls/rs-champions-choice-hero.jpg,https://rs-sports.com/en-us/products/rs-champions-choice-x-1,yes,,yes,/images/padel/balls/rs-champions-choice-hero.jpg,KEEP
prod-rs-nova-x,rs-nova-x,balls,rs-padel,published,/images/padel/balls/rs-nova-x-hero.jpg,https://rs-sports.com/en-global/products/rs-padel-nova-x,yes,,yes,/images/padel/balls/rs-nova-x-hero.jpg,KEEP
prod-siux-neo,siux-neo,balls,siux,published,/images/padel/balls/siux-neo-hero.jpg,https://www.siuxpadel.com/en/blogs/press/nace-siux-neo-las-nuevas-pelotas-de-padel-disenadas-para-cada-tipo-de-jugador,yes,,yes,/images/padel/balls/siux-neo-hero.jpg,KEEP
prod-siux-neo-speed,siux-neo-speed,balls,siux,draft,/images/padel/products/balls.svg,,no,not_authentic_photograph,no,,STAY_DRAFT
prod-siux-neo-speed-neo-s,siux-neo-speed-neo-s,balls,siux,published,/images/padel/balls/siux-neo-speed-neo-s-hero.jpg,https://padel-magazine.co.uk/siux-obtains-approval-from-the-fip-for-its-neo-and-neo-speed-balls/,yes,,yes,/images/padel/balls/siux-neo-speed-neo-s-hero.jpg,KEEP
prod-slazenger-challenge-no-1,slazenger-challenge-no-1,balls,slazenger-padel,draft,/images/padel/products/balls.svg,,no,not_authentic_photograph,no,,STAY_DRAFT
prod-tecnifibre-padel-tour,tecnifibre-padel-tour,balls,tecnifibre-padel,published,/images/padel/balls/tecnifibre-padel-tour-hero.jpg,https://www.squashgearpro.com/shop/140-padel-tennis-balls/1907-tecnifibre-padel-tour-padel-balls---1-tube/,yes,,yes,/images/padel/balls/tecnifibre-padel-tour-hero.jpg,KEEP
prod-tecnifibre-x-one,tecnifibre-x-one,balls,tecnifibre-padel,draft,/images/padel/products/balls.svg,,no,not_authentic_photograph,no,,STAY_DRAFT
prod-tretorn-serie-padel-control,tretorn-serie-padel-control,balls,tretorn-padel,published,/images/padel/balls/tretorn-serie-padel-control-hero.jpg,https://www.tretorn.eu/gb/serie-padel-control-padel-ball-men-women-474481070,yes,,yes,/images/padel/balls/tretorn-serie-padel-control-hero.jpg,KEEP
prod-tretorn-serie-padel-tour,tretorn-serie-padel-tour,balls,tretorn-padel,published,/images/padel/balls/tretorn-serie-padel-tour-hero.jpg,https://www.tretorn.eu/gb/serie-padel-tour-padel-ball-men-women-474470070,yes,,yes,/images/padel/balls/tretorn-serie-padel-tour-hero.jpg,KEEP
prod-varlion-summum-pro-s,varlion-summum-pro-s,balls,varlion,published,/images/padel/balls/varlion-summum-pro-s-hero.jpg,https://www.varlion.com/gb/padel/balls/summum-pro-s-ball-box-24-units.html,yes,,yes,/images/padel/balls/varlion-summum-pro-s-hero.jpg,KEEP
prod-varlion-summum-pro-w,varlion-summum-pro-w,balls,varlion,published,/images/padel/balls/varlion-summum-pro-w-hero.jpg,https://www.varlion.com/gb/padel/balls/summum-pro-w-ball-box-24-units.html,yes,,yes,/images/padel/balls/varlion-summum-pro-w-hero.jpg,KEEP
prod-volt-premium,volt-premium,balls,volt-padel,published,/images/padel/balls/volt-premium-hero.jpg,https://www.padelmq.com/products/premium-pro-doos-24-tubes-72-ballen?_pos=1&_psq=volt+Premium&_psid=341f8b154&_ss=e,yes,,yes,/images/padel/balls/volt-premium-hero.jpg,KEEP
prod-wilson-premier-padel,wilson-premier-padel,balls,wilson,published,/images/padel/balls/wilson-premier-padel-hero.jpg,https://padelshop.com/nl/products/wilson-premier-padel-balls-1-can,yes,,yes,/images/padel/balls/wilson-premier-padel-hero.jpg,KEEP
prod-wilson-rush-100,wilson-rush-100,balls,wilson,published,/images/padel/balls/wilson-rush-100-hero.jpg,https://www.padelmq.com/products/wilson-rush-pro-5-clay-schoenen-zwart-wit?_pos=1&_psq=wilson+Rush+100&_psid=cc476955b&_ss=e,yes,,yes,/images/padel/balls/wilson-rush-100-hero.jpg,KEEP
prod-adidas-perforated-ac2ba1wh,adidas-perforated-ac2ba1wh,grips,adidas-padel,draft,/images/padel/products/grips.svg,,no,not_authentic_photograph,no,,STAY_DRAFT
prod-adidas-tacky-feeling,adidas-tacky-feeling,grips,adidas-padel,draft,/images/padel/products/grips.svg,,no,not_authentic_photograph,no,,STAY_DRAFT
prod-babolat-pro-tour,babolat-pro-tour,grips,babolat,draft,/images/padel/products/grips.svg,,no,not_authentic_photograph,no,,STAY_DRAFT
prod-babolat-syntec-team,babolat-syntec-team,grips,babolat,draft,/images/padel/products/grips.svg,,no,not_authentic_photograph,no,,STAY_DRAFT
prod-babolat-vs-original,babolat-vs-original,grips,babolat,published,/images/padel/grips/babolat-vs-original-hero.jpg,https://tennisshot.gr/en-gb/babolat-vs-original-white-x1-padel,yes,,yes,/images/padel/grips/babolat-vs-original-hero.jpg,KEEP
prod-black-crown-black-crown-perforated,black-crown-black-crown-perforated,grips,black-crown,published,/images/padel/grips/black-crown-black-crown-perforated-hero.jpg,https://www.padelmq.com/products/black-crown-patron-xtrem-2025?_pos=1&_psq=black-crown+Black+Crown+Perforated&_psid=c033de535&_ss=e,yes,,yes,/images/padel/grips/black-crown-black-crown-perforated-hero.jpg,KEEP
prod-bullpadel-comfort-overgrip,bullpadel-comfort-overgrip,grips,bullpadel,published,/images/padel/grips/bullpadel-comfort-overgrip-hero.jpg,https://www.padelmq.com/products/bullpadel-overgrips-geel?_pos=1&_psq=bullpadel+Comfort+Overgrip&_psid=d32335c4b&_ss=e,yes,,yes,/images/padel/grips/bullpadel-comfort-overgrip-hero.jpg,KEEP
prod-bullpadel-gb-1705,bullpadel-gb-1705,grips,bullpadel,draft,/images/padel/products/grips.svg,,no,not_authentic_photograph,no,,STAY_DRAFT
prod-bullpadel-gb1201,bullpadel-gb1201,grips,bullpadel,draft,/images/padel/products/grips.svg,,no,not_authentic_photograph,no,,STAY_DRAFT
prod-bullpadel-gb1200-hac,bullpadel-gb1200-hac,grips,bullpadel,draft,/images/padel/products/grips.svg,,no,not_authentic_photograph,no,,STAY_DRAFT
prod-drop-shot-club,drop-shot-club,grips,drop-shot,published,/images/padel/grips/drop-shot-club-hero.jpg,https://www.padelnuestro.com/int/3-pack-of-drop-shot-club-overgrips,yes,,yes,/images/padel/grips/drop-shot-club-hero.jpg,KEEP
prod-drop-shot-super-dry,drop-shot-super-dry,grips,drop-shot,draft,/images/padel/products/grips.svg,,no,not_authentic_photograph,no,,STAY_DRAFT
prod-drop-shot-super-tacky,drop-shot-super-tacky,grips,drop-shot,published,/images/padel/grips/drop-shot-super-tacky-hero.jpg,https://www.padelnuestro.com/uk/tub-of-drop-shot-super-tacky-x60-overgrips-30041-p,yes,,yes,/images/padel/grips/drop-shot-super-tacky-hero.jpg,KEEP
prod-enebe-enebe-smooth,enebe-enebe-smooth,grips,enebe,draft,/images/padel/products/grips.svg,,no,not_authentic_photograph,no,,STAY_DRAFT
prod-head-prestige-pro,head-prestige-pro,grips,head,draft,/images/padel/products/grips.svg,,no,not_authentic_photograph,no,,STAY_DRAFT
prod-head-hydrosorb-comfort,head-hydrosorb-comfort,grips,head,draft,/images/padel/products/grips.svg,,no,not_authentic_photograph,no,,STAY_DRAFT
prod-head-hydrosorb-family,head-hydrosorb-family,grips,head,draft,/images/padel/products/grips.svg,,no,not_authentic_photograph,no,,STAY_DRAFT
prod-head-padel-pro,head-padel-pro,grips,head,draft,/images/padel/products/grips.svg,,no,not_authentic_photograph,no,,STAY_DRAFT
prod-head-padel-pro-perforated,head-padel-pro-perforated,grips,head,draft,/images/padel/products/grips.svg,,no,not_authentic_photograph,no,,STAY_DRAFT
prod-head-xtreme-soft-xtremesoft,head-xtreme-soft-xtremesoft,grips,head,published,/images/padel/grips/head-xtreme-soft-xtremesoft-hero.jpg,https://padel.how/equipment/overgrip/head-xtremesoft-overgrip-review/,yes,,yes,/images/padel/grips/head-xtreme-soft-xtremesoft-hero.jpg,KEEP
prod-hesacore-carbon,hesacore-carbon,grips,hesacore,draft,/images/padel/products/grips.svg,,no,not_authentic_photograph,no,,STAY_DRAFT
prod-hesacore-gel,hesacore-gel,grips,hesacore,draft,/images/padel/products/grips.svg,,no,not_authentic_photograph,no,,STAY_DRAFT
prod-hesacore-pro-carbon,hesacore-pro-carbon,grips,hesacore,published,/images/padel/grips/hesacore-pro-carbon-hero.jpg,https://www.padelmq.com/products/hesacore-tour-grip-carbon?_pos=1&_psq=hesacore+Pro+Carbon&_psid=695c97206&_ss=e,yes,,yes,/images/padel/grips/hesacore-pro-carbon-hero.jpg,KEEP
prod-hesacore-tour,hesacore-tour,grips,hesacore,draft,/images/padel/products/grips.svg,,no,not_authentic_photograph,no,,STAY_DRAFT
prod-hesacore-tour-w,hesacore-tour-w,grips,hesacore,draft,/images/padel/products/grips.svg,,no,not_authentic_photograph,no,,STAY_DRAFT
prod-hesacore-pink-w,hesacore-pink-w,grips,hesacore,draft,/images/padel/products/grips.svg,,no,not_authentic_photograph,no,,STAY_DRAFT
prod-hesacore-tour-original,hesacore-tour-original,grips,hesacore,published,/images/padel/grips/hesacore-tour-original-hero.jpg,https://eu.hesacore.com/products/padel-hesacore-tour-grip,yes,,yes,/images/padel/grips/hesacore-tour-original-hero.jpg,KEEP
prod-joma-club-cushion,joma-club-cushion,grips,joma,draft,/images/padel/products/grips.svg,,no,not_authentic_photograph,no,,STAY_DRAFT
prod-kuikma-antislip,kuikma-antislip,grips,kuikma,draft,/images/padel/products/grips.svg,,no,not_authentic_photograph,no,,STAY_DRAFT
prod-kuikma-overgrip-pro-adherence,kuikma-overgrip-pro-adherence,grips,kuikma,draft,/images/padel/products/grips.svg,,no,not_authentic_photograph,no,,STAY_DRAFT
prod-nox-custom-grip,nox-custom-grip,grips,nox,draft,/images/padel/products/grips.svg,,no,not_authentic_photograph,no,,STAY_DRAFT
prod-nox-luxury-pro,nox-luxury-pro,grips,nox,draft,/images/padel/products/grips.svg,,no,not_authentic_photograph,no,,STAY_DRAFT
prod-nox-h-dri,nox-h-dri,grips,nox,draft,/images/padel/products/grips.svg,,no,not_authentic_photograph,no,,STAY_DRAFT
prod-shockout-shockout-overgrip,shockout-shockout-overgrip,grips,shockout,draft,/images/padel/products/grips.svg,,no,not_authentic_photograph,no,,STAY_DRAFT
prod-shockout-100-0062-combo,shockout-100-0062-combo,grips,shockout,draft,/images/padel/products/grips.svg,,no,not_authentic_photograph,no,,STAY_DRAFT
prod-shockout-shockout,shockout-shockout,grips,shockout,draft,/images/padel/products/grips.svg,,no,not_authentic_photograph,no,,STAY_DRAFT
prod-siux-elite,siux-elite,grips,siux,draft,/images/padel/products/grips.svg,,no,not_authentic_photograph,no,,STAY_DRAFT
prod-siux-elite-overgrip,siux-elite-overgrip,grips,siux,published,/images/padel/grips/siux-elite-overgrip-hero.jpg,https://www.padelmq.com/products/siux-trilogy-elite-2026?_pos=1&_psq=siux+Elite+Overgrip&_psid=38bd99a29&_ss=e,yes,,yes,/images/padel/grips/siux-elite-overgrip-hero.jpg,KEEP
prod-starvie-premier-soft,starvie-premier-soft,grips,starvie,published,/images/padel/grips/starvie-premier-soft-hero.jpg,https://www.padelmq.com/products/starvie-brava-soft-2025?_pos=1&_psq=starvie+Premier+Soft&_psid=68e1ab262&_ss=e,yes,,yes,/images/padel/grips/starvie-premier-soft-hero.jpg,KEEP
prod-starvie-tacky-touch,starvie-tacky-touch,grips,starvie,draft,/images/padel/products/grips.svg,,no,not_authentic_photograph,no,,STAY_DRAFT
prod-tecnifibre-contact-pro,tecnifibre-contact-pro,grips,tecnifibre-padel,draft,/images/padel/products/grips.svg,,no,not_authentic_photograph,no,,STAY_DRAFT
prod-tecnifibre-players-pro-feel,tecnifibre-players-pro-feel,grips,tecnifibre-padel,published,/images/padel/grips/tecnifibre-players-pro-feel-hero.jpg,https://www.padelnuestro.com/pt/pack-30-overgrips-tecnifibre-players-pro-feel,yes,,yes,/images/padel/grips/tecnifibre-players-pro-feel-hero.jpg,KEEP
prod-tecnifibre-pro-contact,tecnifibre-pro-contact,grips,tecnifibre-padel,draft,/images/padel/products/grips.svg,,no,not_authentic_photograph,no,,STAY_DRAFT
prod-tourna-tourna-grip-ii,tourna-tourna-grip-ii,grips,tourna,draft,/images/padel/products/grips.svg,,no,not_authentic_photograph,no,,STAY_DRAFT
prod-tourna-tourna-grip-original-xl,tourna-tourna-grip-original-xl,grips,tourna,draft,/images/padel/products/grips.svg,,no,not_authentic_photograph,no,,STAY_DRAFT
prod-tourna-grip-xl,tourna-grip-xl,grips,tourna,draft,/images/padel/products/grips.svg,,no,not_authentic_photograph,no,,STAY_DRAFT
prod-tourna-mega-tac,tourna-mega-tac,grips,tourna,draft,/images/padel/products/grips.svg,,no,not_authentic_photograph,no,,STAY_DRAFT
prod-wilson-wilson-replacement-grip,wilson-wilson-replacement-grip,grips,wilson,published,/images/padel/grips/wilson-wilson-replacement-grip-hero.jpg,https://www.padelmq.com/products/wilson-pro-overgrip-perforated-wit?_pos=1&_psq=wilson+Wilson+Replacement+Grip&_psid=ba663ef1a&_ss=e,yes,,yes,/images/padel/grips/wilson-wilson-replacement-grip-hero.jpg,KEEP
prod-wilson-pro-overgrip-perforated,wilson-pro-overgrip-perforated,grips,wilson,draft,/images/padel/products/grips.svg,,no,not_authentic_photograph,no,,STAY_DRAFT
prod-wilson-profile-padel,wilson-profile-padel,grips,wilson,published,/images/padel/grips/wilson-profile-padel-hero.jpg,https://www.tradeinn.com/smashinn/en/wilson-profile-padel-overgrip/139879280/p,yes,,yes,/images/padel/grips/wilson-profile-padel-hero.jpg,KEEP
prod-yonex-super-grap,yonex-super-grap,grips,yonex-padel,published,/images/padel/grips/yonex-super-grap-hero.jpg,https://www.totalpadel.com/Yonex_Super_Grap_Overgrip_Black/descpageYONEX-YSOG-EN.html,yes,,yes,/images/padel/grips/yonex-super-grap-hero.jpg,KEEP
prod-kuikma-insulated-backpack-pro-40-l,kuikma-insulated-backpack-pro-40-l,bags,kuikma,draft,/images/padel/products/bag.svg,,no,not_authentic_photograph,no,,STAY_DRAFT
prod-adidas-weekend-bag-martita-ortega-2026,adidas-weekend-bag-martita-ortega-2026,bags,adidas-padel,draft,/images/padel/products/bag.svg,,no,not_authentic_photograph,no,,STAY_DRAFT
prod-adidas-accessory-pouch-2026,adidas-accessory-pouch-2026,accessories,adidas-padel,published,/images/padel/accessories/adidas-accessory-pouch-2026-hero.jpg,https://padelmarket.com/en/products/adidas-accessory-bag-red-black-2026-ale-galan-toiletry-bag,yes,,yes,/images/padel/accessories/adidas-accessory-pouch-2026-hero.jpg,KEEP
prod-adidas-shoe-bag-ale-gal-n,adidas-shoe-bag-ale-gal-n,accessories,adidas-padel,published,/images/padel/accessories/adidas-shoe-bag-ale-gal-n-hero.jpg,https://www.padelmq.com/products/adidas-ale-galan-3-5-schoentas-zwart-rood?_pos=1&_psq=adidas+Shoe+Bag+Ale+Gal%C3%A1n&_psid=65fb4f4fa&_ss=e,yes,,yes,/images/padel/accessories/adidas-shoe-bag-ale-gal-n-hero.jpg,KEEP
prod-dunlop-elite-thermo,dunlop-elite-thermo,bags,dunlop-padel,draft,/images/padel/products/bag.svg,,no,not_authentic_photograph,no,,STAY_DRAFT
prod-dunlop-tour-pro,dunlop-tour-pro,grips,dunlop-padel,draft,/images/padel/products/grips.svg,,no,not_authentic_photograph,no,,STAY_DRAFT
prod-dunlop-tour-dry,dunlop-tour-dry,grips,dunlop-padel,draft,/images/padel/products/grips.svg,,no,not_authentic_photograph,no,,STAY_DRAFT
prod-dunlop-protection-tape,dunlop-protection-tape,accessories,dunlop-padel,draft,/images/catalog/fallbacks/accessory.svg,,no,not_authentic_photograph,no,,STAY_DRAFT
prod-joma-vero-virseda-2026,joma-vero-virseda-2026,bags,joma,draft,/images/padel/products/bag.svg,,no,not_authentic_photograph,no,,STAY_DRAFT
prod-babolat-rh-perf-padel,babolat-rh-perf-padel,bags,babolat,draft,/images/padel/products/bag.svg,,no,not_authentic_photograph,no,,STAY_DRAFT
prod-bullpadel-gb-1201-perforated,bullpadel-gb-1201-perforated,grips,bullpadel,draft,/images/padel/products/grips.svg,,no,not_authentic_photograph,no,,STAY_DRAFT
prod-bullpadel-gb-1202-fixogrip-pro,bullpadel-gb-1202-fixogrip-pro,grips,bullpadel,draft,/images/padel/products/grips.svg,,no,not_authentic_photograph,no,,STAY_DRAFT
prod-bullpadel-gb-1705-sensogrip-pro,bullpadel-gb-1705-sensogrip-pro,grips,bullpadel,draft,/images/padel/products/grips.svg,,no,not_authentic_photograph,no,,STAY_DRAFT
prod-nox-pro-overgrip-perforated,nox-pro-overgrip-perforated,grips,nox,draft,/images/padel/products/grips.svg,,no,not_authentic_photograph,no,,STAY_DRAFT
prod-wilson-profile-padel-overgrip,wilson-profile-padel-overgrip,grips,wilson,draft,/images/padel/products/grips.svg,,no,not_authentic_photograph,no,,STAY_DRAFT
prod-oxdog-gold-pro,oxdog-gold-pro,grips,oxdog,published,/images/padel/grips/oxdog-gold-pro-hero.jpg,https://oxdogpadel.com/en-us/products/gold-pro-overgrip-x3,yes,,yes,/images/padel/grips/oxdog-gold-pro-hero.jpg,KEEP
prod-oxdog-gold-sticky,oxdog-gold-sticky,grips,oxdog,published,/images/padel/grips/oxdog-gold-sticky-hero.jpg,https://oxdogpadel.com/en-us/products/gold-sticky-overgrip-x3,yes,,yes,/images/padel/grips/oxdog-gold-sticky-hero.jpg,KEEP
prod-oxdog-no1,oxdog-no1,accessories,oxdog,draft,/images/catalog/fallbacks/accessory.svg,,no,not_authentic_photograph,no,,STAY_DRAFT
prod-black-crown-plus,black-crown-plus,bags,black-crown,published,/images/padel/bags/black-crown-plus-hero.jpg,https://www.padelmq.com/en/products/black-crown-plus-black-padel-bag,yes,,yes,/images/padel/bags/black-crown-plus-hero.jpg,KEEP
prod-lok-one-gen-2,lok-one-gen-2,bags,lok,published,/images/padel/bags/lok-one-gen-2-hero.jpg,https://www.padelshack.com/product/lok-racket-bag-one-gen-2-blackorange-2026/,yes,,yes,/images/padel/bags/lok-one-gen-2-hero.jpg,KEEP
prod-lok-accessory-bag-gen-2,lok-accessory-bag-gen-2,bags,lok,published,/images/padel/bags/lok-accessory-bag-gen-2-hero.jpg,https://padelmarket.com/en/products/lok-gen-2-black-orange-2026-toiletry-bag,yes,,yes,/images/padel/bags/lok-accessory-bag-gen-2-hero.jpg,KEEP
prod-sane-nitro,sane-nitro,balls,sane,draft,/images/padel/products/balls.svg,,no,not_authentic_photograph,no,,STAY_DRAFT
prod-sane-core,sane-core,balls,sane,draft,/images/padel/products/balls.svg,,no,not_authentic_photograph,no,,STAY_DRAFT
prod-sane-spin-premium,sane-spin-premium,balls,sane,draft,/images/padel/products/balls.svg,,no,not_authentic_photograph,no,,STAY_DRAFT
prod-sane-feel,sane-feel,grips,sane,draft,/images/padel/products/grips.svg,,no,not_authentic_photograph,no,,STAY_DRAFT
prod-sane-pro-elegance,sane-pro-elegance,bags,sane,draft,/images/padel/products/bag.svg,,no,not_authentic_photograph,no,,STAY_DRAFT
prod-sane-pro-sport,sane-pro-sport,bags,sane,draft,/images/padel/products/bag.svg,,no,not_authentic_photograph,no,,STAY_DRAFT
prod-sane-everyday,sane-everyday,bags,sane,draft,/images/padel/products/bag.svg,,no,not_authentic_photograph,no,,STAY_DRAFT
prod-volt-volt-padelbag,volt-volt-padelbag,bags,volt-padel,published,/images/padel/bags/volt-volt-padelbag-hero.jpg,https://padelshop.com/products/volt-padel-bag-black,yes,,yes,/images/padel/bags/volt-volt-padelbag-hero.jpg,KEEP
prod-volt-volt-premium,volt-volt-premium,grips,volt-padel,published,/images/padel/grips/volt-volt-premium-hero.jpg,https://padelpop.lt/produktas/volt-premium-padelio-overgripai/,yes,,yes,/images/padel/grips/volt-volt-premium-hero.jpg,KEEP
prod-osaka-sports-padel-bag,osaka-sports-padel-bag,bags,osaka-padel,draft,/images/padel/products/bag.svg,,no,not_authentic_photograph,no,,STAY_DRAFT
prod-osaka-sports-backpack,osaka-sports-backpack,bags,osaka-padel,draft,/images/padel/products/bag.svg,,no,not_authentic_photograph,no,,STAY_DRAFT
prod-osaka-pro-tour-duffel,osaka-pro-tour-duffel,bags,osaka-padel,draft,/images/padel/products/bag.svg,,no,not_authentic_photograph,no,,STAY_DRAFT
prod-osaka-osaka-overgrip,osaka-osaka-overgrip,grips,osaka-padel,draft,/images/padel/products/grips.svg,,no,not_authentic_photograph,no,,STAY_DRAFT
prod-royal-padel-royal-overgrip,royal-padel-royal-overgrip,grips,royal-padel,published,/images/padel/grips/royal-padel-royal-overgrip-hero.jpg,https://royalpadel.com/en/product/bobina-overgrips-royal-padel-60/,yes,,yes,/images/padel/grips/royal-padel-royal-overgrip-hero.jpg,KEEP
prod-rs-pro-padel-bag,rs-pro-padel-bag,bags,rs-padel,draft,/images/padel/products/bag.svg,,no,not_authentic_photograph,no,,STAY_DRAFT
prod-rs-pro-tour-overgrip,rs-pro-tour-overgrip,grips,rs-padel,draft,/images/padel/products/grips.svg,,no,not_authentic_photograph,no,,STAY_DRAFT
prod-bounce-filtertech-padel,bounce-filtertech-padel,accessories,bounce-tube,draft,/images/catalog/fallbacks/accessory.svg,,no,not_authentic_photograph,no,,STAY_DRAFT
prod-4on-totalgrip-paste,4on-totalgrip-paste,accessories,4on,published,/images/padel/accessories/4on-totalgrip-paste-hero.jpg,https://www.4on.store/products/totalgrip/4on-totalgrip-paste,yes,,yes,/images/padel/accessories/4on-totalgrip-paste-hero.jpg,KEEP
prod-4on-totaldry,4on-totaldry,accessories,4on,draft,/images/catalog/fallbacks/accessory.svg,,no,not_authentic_photograph,no,,STAY_DRAFT
prod-4on-swiftgrip,4on-swiftgrip,grips,4on,published,/images/padel/grips/4on-swiftgrip-hero.jpg,https://www.padelmq.com/products/swiftgrip?_pos=1&_psq=4on+SwiftGrip&_psid=ee76e615a&_ss=e,yes,,yes,/images/padel/grips/4on-swiftgrip-hero.jpg,KEEP
prod-4on-premium-comfort,4on-premium-comfort,grips,4on,draft,/images/padel/products/grips.svg,,no,not_authentic_photograph,no,,STAY_DRAFT
prod-4on-pro-t1,4on-pro-t1,balls,4on,published,/images/padel/balls/4on-pro-t1-hero.jpg,https://www.4on.store/products/padelballs/4on-pro-t1-padel-balls-3p-tube,yes,,yes,/images/padel/balls/4on-pro-t1-hero.jpg,KEEP
prod-shockout-dual-pro,shockout-dual-pro,grips,shockout,draft,/images/padel/products/grips.svg,,no,not_authentic_photograph,no,,STAY_DRAFT
prod-shockout-shockout-perforated,shockout-shockout-perforated,grips,shockout,draft,/images/padel/products/grips.svg,,no,not_authentic_photograph,no,,STAY_DRAFT
prod-tourna-tourna-tac-xl,tourna-tourna-tac-xl,grips,tourna,draft,/images/padel/products/grips.svg,,no,not_authentic_photograph,no,,STAY_DRAFT
prod-tourna-tourna-tuff,tourna-tourna-tuff,grips,tourna,draft,/images/padel/products/grips.svg,,no,not_authentic_photograph,no,,STAY_DRAFT
prod-sane-core-overgrip,sane-core-overgrip,grips,sane,draft,/images/padel/products/grips.svg,,no,not_authentic_photograph,no,,STAY_DRAFT
prod-noene-anti-shock-grip-padel,noene-anti-shock-grip-padel,grips,noene,draft,/images/padel/products/grips.svg,,no,not_authentic_photograph,no,,STAY_DRAFT
prod-noene-undergrip-anti-shock,noene-undergrip-anti-shock,grips,noene,draft,/images/padel/products/grips.svg,,no,not_authentic_photograph,no,,STAY_DRAFT
prod-head-prime-tour,head-prime-tour,grips,head,published,/images/padel/grips/head-prime-tour-hero.jpg,https://www.padelnuestro.com/bolsa-30-uds-overgrip-head-prime-tour-285641-bk,yes,,yes,/images/padel/grips/head-prime-tour-hero.jpg,KEEP
prod-bullpadel-vertex-w,bullpadel-vertex-w,shoes,bullpadel,published,/images/padel/products/bullpadel-vertex-w-hero.jpg,https://www.bullpadel.com,yes,,yes,/images/padel/products/bullpadel-vertex-w-hero.jpg,KEEP
