sourceProductId,targetId,relation,label
prod-bullpadel-vertex-05,review-bullpadel-vertex-05,review,Bullpadel Vertex 05 2026 Review
prod-bullpadel-vertex-05,prod-bullpadel-vertex-05-hybrid,alternative,review-alt:review-bullpadel-vertex-05
prod-bullpadel-vertex-05,prod-adidas-metalbone-3-5-2026,alternative,review-alt:review-bullpadel-vertex-05
prod-bullpadel-hack-04,review-bullpadel-hack-04,review,Bullpadel Hack 04 2026 Review
prod-bullpadel-hack-04,prod-bullpadel-xplo,alternative,review-alt:review-bullpadel-hack-04
prod-bullpadel-hack-04,prod-adidas-metalbone-hrd,alternative,review-alt:review-bullpadel-hack-04
prod-bullpadel-vertex-05-hybrid,review-bullpadel-vertex-05-hybrid,review,Bullpadel Vertex 05 Hybrid 2026 Review
prod-bullpadel-vertex-05-hybrid,prod-bullpadel-vertex-05,alternative,review-alt:review-bullpadel-vertex-05-hybrid
prod-bullpadel-vertex-05-hybrid,prod-bullpadel-hack-04-hybrid,alternative,review-alt:review-bullpadel-vertex-05-hybrid
prod-bullpadel-indiga-ctr,review-bullpadel-indiga-ctr,review,Bullpadel Indiga CTR 26 Review
prod-bullpadel-indiga-ctr,prod-kuikma-pr-soft-500,alternative,review-alt:review-bullpadel-indiga-ctr
prod-bullpadel-indiga-ctr,prod-head-one-ultralight,alternative,review-alt:review-bullpadel-indiga-ctr
prod-nox-at10-18k-2026,review-nox-at10-18k-2026,review,Nox AT10 Genius 18K Alum 2026 Review
prod-nox-at10-18k-2026,prod-nox-at10-attack-18k-2026,alternative,review-alt:review-nox-at10-18k-2026
prod-nox-at10-18k-2026,prod-bullpadel-vertex-05,alternative,review-alt:review-nox-at10-18k-2026
prod-nox-at10-12k-2026,review-nox-at10-12k-2026,review,Nox AT10 Genius 12K Alum XTREM 2026 Review
prod-nox-at10-12k-2026,prod-nox-at10-18k-2026,alternative,review-alt:review-nox-at10-12k-2026
prod-nox-at10-12k-2026,prod-nox-at10-attack-18k-2026,alternative,review-alt:review-nox-at10-12k-2026
prod-nox-ml10-pro-cup,review-nox-ml10-pro-cup,review,Nox ML10 Pro Cup Review
prod-nox-ml10-pro-cup,prod-nox-equation-soft-2026,alternative,review-alt:review-nox-ml10-pro-cup
prod-nox-ml10-pro-cup,prod-oxdog-sense-pro-2026,alternative,review-alt:review-nox-ml10-pro-cup
prod-adidas-metalbone-3-5-2026,review-adidas-metalbone-3-5-2026,review,Adidas Metalbone 3.5 2026 Review
prod-adidas-metalbone-3-5-2026,prod-adidas-metalbone-hrd,alternative,review-alt:review-adidas-metalbone-3-5-2026
prod-adidas-metalbone-3-5-2026,prod-bullpadel-vertex-05,alternative,review-alt:review-adidas-metalbone-3-5-2026
prod-head-coello-pro,review-head-coello-pro,review,HEAD Coello Pro 2026 Review
prod-head-coello-pro,prod-bullpadel-xplo,alternative,review-alt:review-head-coello-pro
prod-head-coello-pro,prod-adidas-metalbone-hrd,alternative,review-alt:review-head-coello-pro
prod-head-gravity-pro,review-head-gravity-pro,review,HEAD Gravity Pro Review
prod-head-gravity-pro,prod-head-gravity-motion,alternative,review-alt:review-head-gravity-pro
prod-head-gravity-pro,prod-babolat-counter-viper,alternative,review-alt:review-head-gravity-pro
prod-babolat-technical-viper,review-babolat-technical-viper,review,Babolat Technical Viper 3.0 Review
prod-babolat-technical-viper,prod-head-coello-pro,alternative,review-alt:review-babolat-technical-viper
prod-babolat-technical-viper,prod-bullpadel-hack-04,alternative,review-alt:review-babolat-technical-viper
prod-kuikma-pr-comfort-soft,review-kuikma-pr-comfort-soft,review,Kuikma PR Comfort Soft Review
prod-kuikma-pr-comfort-soft,prod-kuikma-pr-soft-500,alternative,review-alt:review-kuikma-pr-comfort-soft
prod-kuikma-pr-comfort-soft,prod-bullpadel-indiga-ctr,alternative,review-alt:review-kuikma-pr-comfort-soft
prod-asics-gel-resolution-padel,review-asics-gel-resolution-padel,review,ASICS Gel-Resolution Padel Review
prod-asics-gel-resolution-padel,prod-joma-t-slam,alternative,review-alt:review-asics-gel-resolution-padel
prod-asics-gel-resolution-padel,prod-babolat-jet-premura,alternative,review-alt:review-asics-gel-resolution-padel
prod-asics-gel-resolution-padel,prod-adidas-crazyquick-boost-m,alternative,review-alt:review-asics-gel-resolution-padel
prod-adidas-crazyquick-boost-m,review-adidas-crazyquick-boost-m,review,Adidas Crazyquick Boost Padel Review
prod-adidas-crazyquick-boost-m,prod-adidas-courtstabil,alternative,review-alt:review-adidas-crazyquick-boost-m
prod-adidas-crazyquick-boost-m,prod-asics-gel-resolution-padel,alternative,review-alt:review-adidas-crazyquick-boost-m
prod-adidas-crazyquick-boost-m,prod-babolat-jet-premura,alternative,review-alt:review-adidas-crazyquick-boost-m
prod-adidas-courtstabil,review-adidas-courtstabil,review,Adidas Courtquick Padel Review
prod-adidas-courtstabil,prod-adidas-crazyquick-boost-m,alternative,review-alt:review-adidas-courtstabil
prod-adidas-courtstabil,prod-joma-t-slam,alternative,review-alt:review-adidas-courtstabil
prod-adidas-courtstabil,prod-asics-gel-resolution-padel,alternative,review-alt:review-adidas-courtstabil
prod-joma-t-slam,review-joma-t-slam,review,Joma T.Slam Review
prod-joma-t-slam,prod-kuikma-ps-990,alternative,review-alt:review-joma-t-slam
prod-joma-t-slam,prod-adidas-courtstabil,alternative,review-alt:review-joma-t-slam
prod-joma-t-slam,prod-asics-gel-resolution-padel,alternative,review-alt:review-joma-t-slam
prod-babolat-jet-premura,review-babolat-jet-premura,review,Babolat Jet Premura Review
prod-babolat-jet-premura,prod-head-sprint-pro-4-padel,alternative,review-alt:review-babolat-jet-premura
prod-babolat-jet-premura,prod-asics-gel-resolution-padel,alternative,review-alt:review-babolat-jet-premura
prod-babolat-jet-premura,prod-joma-t-slam,alternative,review-alt:review-babolat-jet-premura
prod-nox-at10-lux,review-nox-at10-lux,review,Nox AT10 Lux Review
prod-nox-at10-lux,prod-joma-t-slam,alternative,review-alt:review-nox-at10-lux
prod-nox-at10-lux,prod-asics-gel-resolution-padel,alternative,review-alt:review-nox-at10-lux
prod-nox-at10-lux,prod-adidas-crazyquick-boost-m,alternative,review-alt:review-nox-at10-lux
prod-head-sprint-pro-4-padel,review-head-sprint-pro-4-padel,review,HEAD Sprint Pro 4.0 Padel Review
prod-head-sprint-pro-4-padel,prod-babolat-jet-premura,alternative,review-alt:review-head-sprint-pro-4-padel
prod-head-sprint-pro-4-padel,prod-asics-gel-resolution-padel,alternative,review-alt:review-head-sprint-pro-4-padel
prod-head-sprint-pro-4-padel,prod-joma-t-slam,alternative,review-alt:review-head-sprint-pro-4-padel
prod-kuikma-ps-990,review-kuikma-ps-990,review,Kuikma PS 990 Review
prod-kuikma-ps-990,prod-joma-t-slam,alternative,review-alt:review-kuikma-ps-990
prod-kuikma-ps-990,prod-adidas-courtstabil,alternative,review-alt:review-kuikma-ps-990
prod-kuikma-ps-990,prod-asics-gel-dedicate-8-padel,alternative,review-alt:review-kuikma-ps-990
prod-wilson-overgrip,review-wilson-overgrip,review,Wilson Pro Padel Overgrip 3-Pack Review
prod-wilson-overgrip,prod-bullpadel-gb1200,alternative,review-alt:review-wilson-overgrip
prod-wilson-overgrip,prod-nox-pro-overgrip,alternative,review-alt:review-wilson-overgrip
prod-wilson-overgrip,prod-hesacore-padel,alternative,review-alt:review-wilson-overgrip
prod-hesacore-padel,review-hesacore-padel,review,Hesacore Padel Grip Review
prod-hesacore-padel,prod-wilson-overgrip,alternative,review-alt:review-hesacore-padel
prod-hesacore-padel,prod-head-hydrosorb,alternative,review-alt:review-hesacore-padel
prod-bullpadel-gb1200,review-bullpadel-hac-overgrip,review,Bullpadel HaC Overgrip Review
prod-bullpadel-gb1200,prod-wilson-overgrip,alternative,review-alt:review-bullpadel-hac-overgrip
prod-bullpadel-gb1200,prod-nox-pro-overgrip,alternative,review-alt:review-bullpadel-hac-overgrip
prod-bullpadel-gb1200,prod-kuikma-overgrip,alternative,review-alt:review-bullpadel-hac-overgrip
prod-head-padel-pro-s,review-head-padel-pro-s,review,HEAD Padel Pro S+ Review
prod-head-padel-pro-s,prod-head-padel-pro-plus,alternative,review-alt:review-head-padel-pro-s
prod-head-padel-pro-s,prod-kuikma-pb-speed,alternative,review-alt:review-head-padel-pro-s
prod-head-padel-pro-s,prod-wilson-padel-premier-speed,alternative,review-alt:review-head-padel-pro-s
prod-nox-at10-team-bag,review-nox-at10-team-bag,review,Nox AT10 Team Bag Review
prod-nox-at10-team-bag,prod-babolat-rh-pro-padel,alternative,review-alt:review-nox-at10-team-bag
prod-nox-at10-team-bag,prod-tecnifibre-tour-endurance-backpack,alternative,review-alt:review-nox-at10-team-bag
prod-nox-at10-team-bag,prod-nox-at10-xxl-bag,alternative,review-alt:review-nox-at10-team-bag
prod-bullpadel-pascal-box,review-bullpadel-pascal-box,review,Bullpadel Pascal Box 3B Review
prod-bullpadel-pascal-box,prod-head-x3-pressurizer,alternative,review-alt:review-bullpadel-pascal-box
prod-bullpadel-pascal-box,prod-head-padel-pro-s,alternative,review-alt:review-bullpadel-pascal-box
prod-bullpadel-vertex-05,best-padel-rackets,best-guide,Best Padel Rackets#1
prod-bullpadel-indiga-ctr,best-padel-rackets,best-guide,Best Padel Rackets#2
prod-nox-ml10-pro-cup,best-padel-rackets,best-guide,Best Padel Rackets#3
prod-bullpadel-hack-04,best-padel-rackets,best-guide,Best Padel Rackets#4
prod-bullpadel-vertex-05-hybrid,best-padel-rackets,best-guide,Best Padel Rackets#5
prod-kuikma-pr-comfort-soft,best-padel-rackets,best-guide,Best Padel Rackets#6
prod-adidas-metalbone-3-5-2026,best-padel-rackets,best-guide,Best Padel Rackets#7
prod-bullpadel-vertex-04,best-padel-rackets,best-guide,considered:previous-pick
prod-bullpadel-hack-03,best-padel-rackets,best-guide,considered:previous-pick
prod-adidas-metalbone-3-3-2026,best-padel-rackets,best-guide,considered:previous-pick
prod-starvie-titania-kepler,best-padel-rackets,best-guide,considered:previous-pick
prod-starvie-basalto-osiris,best-padel-rackets,best-guide,considered:previous-pick
prod-nox-at10-attack-12k-2026,best-padel-rackets,best-guide,considered:rejected
prod-kuikma-pr-soft-500,best-padel-rackets,best-guide,considered:rejected
prod-drop-shot-canyon-pro,best-padel-rackets,best-guide,considered:rejected
prod-black-crown-special-one-soft,best-padel-rackets,best-guide,considered:rejected
prod-siux-diablo,best-padel-rackets,best-guide,considered:rejected
prod-head-coello-pro,best-padel-rackets,best-guide,considered:shortlisted
prod-adidas-metalbone-hrd,best-padel-rackets,best-guide,considered:rejected
prod-nox-at10-12k-2026,best-padel-rackets,best-guide,considered:shortlisted
prod-babolat-counter-viper,best-padel-rackets,best-guide,considered:shortlisted
prod-nox-at10-18k-2026,best-padel-rackets,best-guide,considered:shortlisted
prod-babolat-technical-viper,best-padel-rackets,best-guide,considered:shortlisted
prod-wilson-blade-pro-padel,best-padel-rackets,best-guide,considered:considered
prod-bullpadel-indiga-ctr,best-padel-rackets-beginners,best-guide,Best Padel Rackets for Beginners#1
prod-kuikma-pr-comfort-soft,best-padel-rackets-beginners,best-guide,Best Padel Rackets for Beginners#2
prod-nox-equation-soft-2026,best-padel-rackets-beginners,best-guide,Best Padel Rackets for Beginners#3
prod-adidas-match-light,best-padel-rackets-beginners,best-guide,Best Padel Rackets for Beginners#4
prod-siux-diablo,best-padel-rackets-beginners,best-guide,considered:rejected
prod-head-coello-pro,best-padel-rackets-beginners,best-guide,considered:rejected
prod-bullpadel-vertex-05,best-padel-rackets-beginners,best-guide,considered:rejected
prod-kuikma-pr-soft-500,best-padel-rackets-beginners,best-guide,considered:rejected
prod-head-one-ultralight,best-padel-rackets-beginners,best-guide,considered:shortlisted
prod-head-coello-team,best-padel-rackets-beginners,best-guide,considered:considered
prod-bullpadel-ionic-light,best-padel-rackets-intermediate,best-guide,Best Padel Rackets for Intermediate Players#1
prod-kuikma-pr-hybrid-carbon,best-padel-rackets-intermediate,best-guide,Best Padel Rackets for Intermediate Players#2
prod-babolat-air-veron,best-padel-rackets-intermediate,best-guide,Best Padel Rackets for Intermediate Players#3
prod-head-coello-team,best-padel-rackets-intermediate,best-guide,Best Padel Rackets for Intermediate Players#4
prod-bullpadel-vertex-advance,best-padel-rackets-intermediate,best-guide,Best Padel Rackets for Intermediate Players#5
prod-bullpadel-indiga-ctr,best-padel-rackets-intermediate,best-guide,considered:rejected
prod-head-coello-pro,best-padel-rackets-intermediate,best-guide,considered:rejected
prod-bullpadel-vertex-05,best-padel-rackets-intermediate,best-guide,considered:rejected
prod-siux-diablo,best-padel-rackets-intermediate,best-guide,considered:rejected
prod-bullpadel-vertex-05,best-padel-rackets-advanced,best-guide,Best Padel Rackets for Advanced Players#1
prod-nox-at10-18k-2026,best-padel-rackets-advanced,best-guide,Best Padel Rackets for Advanced Players#2
prod-head-gravity-pro,best-padel-rackets-advanced,best-guide,Best Padel Rackets for Advanced Players#3
prod-siux-diablo,best-padel-rackets-advanced,best-guide,Best Padel Rackets for Advanced Players#4
prod-bullpadel-hack-04-hybrid,best-padel-rackets-advanced,best-guide,Best Padel Rackets for Advanced Players#5
prod-bullpadel-hack-04,best-padel-rackets-advanced,best-guide,considered:shortlisted
prod-head-coello-pro,best-padel-rackets-advanced,best-guide,considered:shortlisted
prod-bullpadel-indiga-ctr,best-padel-rackets-advanced,best-guide,considered:rejected
prod-bullpadel-vertex-04,best-padel-rackets-advanced,best-guide,considered:previous-pick
prod-nox-ml10-pro-cup,best-padel-rackets-control,best-guide,Best Control Padel Rackets#1
prod-head-gravity-pro,best-padel-rackets-control,best-guide,Best Control Padel Rackets#2
prod-nox-equation-soft-2026,best-padel-rackets-control,best-guide,Best Control Padel Rackets#3
prod-wilson-blade-pro-padel,best-padel-rackets-control,best-guide,Best Control Padel Rackets#4
prod-babolat-counter-viper,best-padel-rackets-control,best-guide,Best Control Padel Rackets#5
prod-bullpadel-hack-04,best-padel-rackets-control,best-guide,considered:rejected
prod-adidas-metalbone-3-5-2026,best-padel-rackets-control,best-guide,considered:rejected
prod-babolat-technical-viper,best-padel-rackets-control,best-guide,considered:rejected
prod-siux-diablo,best-padel-rackets-control,best-guide,considered:rejected
prod-bullpadel-hack-04,best-padel-rackets-power,best-guide,Best Power Padel Rackets#1
prod-adidas-metalbone-3-5-2026,best-padel-rackets-power,best-guide,Best Power Padel Rackets#2
prod-babolat-technical-viper,best-padel-rackets-power,best-guide,Best Power Padel Rackets#3
prod-head-coello-pro,best-padel-rackets-power,best-guide,Best Power Padel Rackets#4
prod-nox-at10-attack-18k-2026,best-padel-rackets-power,best-guide,Best Power Padel Rackets#5
prod-nox-at10-12k-2026,best-padel-rackets-power,best-guide,considered:rejected
prod-adidas-metalbone-3-3-2026,best-padel-rackets-power,best-guide,considered:previous-pick
prod-nox-at10-attack-12k-2026,best-padel-rackets-power,best-guide,considered:rejected
prod-bullpadel-indiga-ctr,best-padel-rackets-power,best-guide,considered:rejected
prod-bullpadel-vertex-05-hybrid,best-padel-rackets-all-round,best-guide,Best All-Round Padel Rackets#1
prod-nox-at10-12k-2026,best-padel-rackets-all-round,best-guide,Best All-Round Padel Rackets#2
prod-nox-at10-18k-2026,best-padel-rackets-all-round,best-guide,Best All-Round Padel Rackets#3
prod-siux-diablo,best-padel-rackets-all-round,best-guide,Best All-Round Padel Rackets#4
prod-head-speed-pro,best-padel-rackets-all-round,best-guide,Best All-Round Padel Rackets#5
prod-bullpadel-vertex-05,best-padel-rackets-all-round,best-guide,considered:rejected
prod-bullpadel-hack-04,best-padel-rackets-all-round,best-guide,considered:rejected
prod-nox-at10-attack-18k-2026,best-padel-rackets-all-round,best-guide,considered:rejected
prod-head-one-ultralight,best-padel-rackets-lightweight,best-guide,Best Lightweight Padel Rackets#1
prod-bullpadel-vertex-05-w,best-padel-rackets-lightweight,best-guide,Best Lightweight Padel Rackets#2
prod-bullpadel-ionic-light,best-padel-rackets-lightweight,best-guide,Best Lightweight Padel Rackets#3
prod-babolat-air-veron,best-padel-rackets-lightweight,best-guide,Best Lightweight Padel Rackets#4
prod-bullpadel-vertex-05,best-padel-rackets-lightweight,best-guide,considered:rejected
prod-kuikma-pr-comfort-soft,best-padel-rackets-lightweight,best-guide,considered:rejected
prod-adidas-match-light,best-padel-rackets-lightweight,best-guide,considered:shortlisted
prod-kuikma-pr-comfort-soft,best-padel-rackets-comfort,best-guide,Best Padel Rackets for Comfort#1
prod-nox-equation-soft-2026,best-padel-rackets-comfort,best-guide,Best Padel Rackets for Comfort#2
prod-bullpadel-indiga-ctr,best-padel-rackets-comfort,best-guide,Best Padel Rackets for Comfort#3
prod-bullpadel-hack-04-comfort,best-padel-rackets-comfort,best-guide,Best Padel Rackets for Comfort#4
prod-head-coello-team,best-padel-rackets-comfort,best-guide,Best Padel Rackets for Comfort#5
prod-bullpadel-hack-04,best-padel-rackets-comfort,best-guide,considered:rejected
prod-adidas-metalbone-hrd,best-padel-rackets-comfort,best-guide,considered:rejected
prod-bullpadel-ionic-light,best-padel-rackets-maneuverability,best-guide,Best Padel Rackets for Maneuverability#1
prod-babolat-air-viper,best-padel-rackets-maneuverability,best-guide,Best Padel Rackets for Maneuverability#2
prod-head-coello-motion,best-padel-rackets-maneuverability,best-guide,Best Padel Rackets for Maneuverability#3
prod-head-gravity-motion,best-padel-rackets-maneuverability,best-guide,Best Padel Rackets for Maneuverability#4
prod-head-extreme-motion-2026,best-padel-rackets-maneuverability,best-guide,Best Padel Rackets for Maneuverability#5
prod-head-one-ultralight,best-padel-rackets-maneuverability,best-guide,considered:shortlisted
prod-bullpadel-vertex-05-w,best-padel-rackets-maneuverability,best-guide,considered:shortlisted
prod-head-coello-pro,best-padel-rackets-maneuverability,best-guide,considered:rejected
prod-bullpadel-vertex-05-w,best-padel-rackets-women,best-guide,Best Padel Rackets for Women#1
prod-bullpadel-ionic-light,best-padel-rackets-women,best-guide,Best Padel Rackets for Women#2
prod-head-one-ultralight,best-padel-rackets-women,best-guide,considered:rejected
prod-bullpadel-vertex-05,best-padel-rackets-women,best-guide,considered:rejected
prod-kuikma-pr-comfort-soft,best-padel-rackets-women,best-guide,considered:rejected
prod-siux-comodo-woman,best-padel-rackets-women,best-guide,considered:rejected
prod-kuikma-pr-comfort-soft,best-padel-rackets-value,best-guide,Best Value Padel Rackets#1
prod-bullpadel-indiga-ctr,best-padel-rackets-value,best-guide,Best Value Padel Rackets#2
prod-nox-equation-soft-2026,best-padel-rackets-value,best-guide,Best Value Padel Rackets#3
prod-adidas-match-light,best-padel-rackets-value,best-guide,Best Value Padel Rackets#4
prod-kuikma-pr-hybrid-carbon,best-padel-rackets-value,best-guide,Best Value Padel Rackets#5
prod-kuikma-pr-soft-500,best-padel-rackets-value,best-guide,considered:rejected
prod-head-coello-pro,best-padel-rackets-value,best-guide,considered:rejected
prod-bullpadel-hack-04,best-padel-rackets-value,best-guide,considered:rejected
prod-adidas-metalbone-3-5-2026,best-padel-rackets-value,best-guide,considered:rejected
prod-bullpadel-ionic-light,best-padel-rackets-value,best-guide,considered:shortlisted
prod-head-one-ultralight,best-padel-rackets-value,best-guide,considered:shortlisted
prod-bullpadel-hack-04-comfort,best-padel-rackets-value,best-guide,considered:shortlisted
prod-asics-gel-resolution-padel,best-padel-shoes,best-guide,Best Padel Shoes#1
prod-adidas-courtstabil,best-padel-shoes,best-guide,Best Padel Shoes#2
prod-joma-t-slam,best-padel-shoes,best-guide,Best Padel Shoes#3
prod-adidas-crazyquick-boost-m,best-padel-shoes,best-guide,Best Padel Shoes#4
prod-babolat-jet-premura,best-padel-shoes,best-guide,Best Padel Shoes#5
prod-kuikma-ps-990,best-padel-shoes,best-guide,Best Padel Shoes#6
prod-head-revolt-pro-court,best-padel-shoes,best-guide,considered:rejected
prod-nox-at10-lux,best-padel-shoes,best-guide,considered:shortlisted
prod-head-sprint-pro-4-padel,best-padel-shoes,best-guide,considered:shortlisted
prod-adidas-courtstabil,best-padel-shoes-men,best-guide,Best Padel Shoes for Men#1
prod-adidas-crazyquick-boost-m,best-padel-shoes-men,best-guide,Best Padel Shoes for Men#2
prod-joma-t-slam,best-padel-shoes-men,best-guide,Best Padel Shoes for Men#3
prod-babolat-jet-premura,best-padel-shoes-men,best-guide,Best Padel Shoes for Men#4
prod-head-sprint-pro-4-padel,best-padel-shoes-men,best-guide,Best Padel Shoes for Men#5
prod-head-revolt-pro-court,best-padel-shoes-men,best-guide,considered:rejected
prod-adidas-courtquick-w,best-padel-shoes-men,best-guide,considered:rejected
prod-asics-gel-resolution-padel,best-padel-shoes-men,best-guide,considered:shortlisted
prod-adidas-courtquick-w,best-padel-shoes-women,best-guide,Best Padel Shoes for Women#1
prod-adidas-crazyquick-boost-w,best-padel-shoes-women,best-guide,Best Padel Shoes for Women#2
prod-asics-gel-resolution-padel-w,best-padel-shoes-women,best-guide,Best Padel Shoes for Women#3
prod-joma-slam-lady,best-padel-shoes-women,best-guide,Best Padel Shoes for Women#4
prod-babolat-sensa-women,best-padel-shoes-women,best-guide,Best Padel Shoes for Women#5
prod-bullpadel-ionic-woman,best-padel-shoes-women,best-guide,Best Padel Shoes for Women#6
prod-adidas-courtstabil,best-padel-shoes-women,best-guide,considered:rejected
prod-adidas-crazyquick-boost-m,best-padel-shoes-women,best-guide,considered:rejected
prod-joma-t-slam,best-padel-shoes-women,best-guide,considered:rejected
prod-siux-comodo-woman,best-padel-shoes-women,best-guide,considered:rejected
prod-asics-gel-resolution-padel,best-padel-shoes-stability,best-guide,Best Padel Shoes for Stability#1
prod-joma-t-slam,best-padel-shoes-stability,best-guide,Best Padel Shoes for Stability#2
prod-adidas-courtstabil,best-padel-shoes-stability,best-guide,Best Padel Shoes for Stability#3
prod-nox-at10-lux,best-padel-shoes-stability,best-guide,Best Padel Shoes for Stability#4
prod-head-revolt-pro-court,best-padel-shoes-stability,best-guide,considered:rejected
prod-adidas-crazyquick-boost-m,best-padel-shoes-stability,best-guide,considered:rejected
prod-babolat-jet-premura,best-padel-shoes-stability,best-guide,considered:rejected
prod-adidas-crazyquick-boost-m,best-padel-shoes-comfort,best-guide,Best Padel Shoes for Comfort#1
prod-asics-gel-resolution-padel,best-padel-shoes-comfort,best-guide,Best Padel Shoes for Comfort#2
prod-nox-at10-lux,best-padel-shoes-comfort,best-guide,Best Padel Shoes for Comfort#3
prod-babolat-jet-premura,best-padel-shoes-comfort,best-guide,considered:rejected
prod-joma-t-slam,best-padel-shoes-comfort,best-guide,considered:rejected
prod-babolat-jet-premura,best-padel-shoes-lightweight,best-guide,Best Lightweight Padel Shoes#1
prod-head-sprint-pro-4-padel,best-padel-shoes-lightweight,best-guide,Best Lightweight Padel Shoes#2
prod-adidas-courtstabil,best-padel-shoes-lightweight,best-guide,Best Lightweight Padel Shoes#3
prod-head-revolt-pro-court,best-padel-shoes-lightweight,best-guide,considered:rejected
prod-asics-gel-resolution-padel,best-padel-shoes-lightweight,best-guide,considered:rejected
prod-adidas-crazyquick-boost-m,best-padel-shoes-lightweight,best-guide,considered:rejected
prod-kuikma-ps-990,best-padel-shoes-lightweight,best-guide,considered:shortlisted
prod-joma-t-slam,best-padel-shoes-lightweight,best-guide,considered:shortlisted
prod-kuikma-ps-990,best-padel-shoes-value,best-guide,Best Value Padel Shoes#1
prod-joma-t-slam,best-padel-shoes-value,best-guide,Best Value Padel Shoes#2
prod-adidas-courtstabil,best-padel-shoes-value,best-guide,Best Value Padel Shoes#3
prod-head-revolt-pro-court,best-padel-shoes-value,best-guide,considered:rejected
prod-adidas-crazyquick-boost-m,best-padel-shoes-value,best-guide,considered:rejected
prod-asics-gel-resolution-padel,best-padel-shoes-value,best-guide,considered:rejected
prod-babolat-jet-premura,best-padel-shoes-value,best-guide,considered:shortlisted
prod-adidas-courtquick-w,best-padel-shoes-value,best-guide,considered:rejected
prod-head-padel-pro-s,best-padel-balls,best-guide,Best Padel Balls#1
prod-head-padel-pro-plus,best-padel-balls,best-guide,Best Padel Balls#2
prod-wilson-padel-premier-speed,best-padel-balls,best-guide,Best Padel Balls#3
prod-kuikma-pb-speed,best-padel-balls,best-guide,Best Padel Balls#4
prod-tecnifibre-padel-team,best-padel-balls,best-guide,Best Padel Balls#5
prod-wilson-padel-premier,best-padel-balls,best-guide,considered:shortlisted
prod-bullpadel-premium-pro,best-padel-balls,best-guide,considered:shortlisted
prod-dunlop-pro-padel,best-padel-balls,best-guide,considered:shortlisted
prod-adidas-aditour-padel,best-padel-balls,best-guide,considered:rejected
prod-bullpadel-premium-gold,best-padel-balls,best-guide,considered:rejected
prod-kuikma-pb-control,best-padel-balls,best-guide,considered:shortlisted
prod-head-padel-team,best-padel-balls,best-guide,considered:shortlisted
prod-head-padel-one,best-padel-balls,best-guide,considered:shortlisted
prod-babolat-ace,best-padel-balls,best-guide,considered:shortlisted
prod-bullpadel-next-pro,best-padel-balls,best-guide,considered:shortlisted
prod-bullpadel-next,best-padel-balls,best-guide,considered:shortlisted
prod-adidas-serie-tour,best-padel-balls,best-guide,considered:shortlisted
prod-nox-pro-titanium,best-padel-balls,best-guide,considered:shortlisted
prod-tretorn-serie-padel-tour,best-padel-balls,best-guide,considered:shortlisted
prod-siux-neo,best-padel-balls,best-guide,considered:shortlisted
prod-siux-neo-speed,best-padel-balls,best-guide,considered:shortlisted
prod-tecnifibre-padel-tour,best-padel-balls,best-guide,considered:shortlisted
prod-head-padel-pro-s,best-padel-competition-balls,best-guide,Best Competition Padel Balls#1
prod-head-padel-pro-plus,best-padel-competition-balls,best-guide,Best Competition Padel Balls#2
prod-wilson-padel-premier-speed,best-padel-competition-balls,best-guide,Best Competition Padel Balls#3
prod-bullpadel-premium-pro,best-padel-competition-balls,best-guide,Best Competition Padel Balls#4
prod-adidas-speed-rx,best-padel-competition-balls,best-guide,Best Competition Padel Balls#5
prod-wilson-padel-premier,best-padel-competition-balls,best-guide,considered:shortlisted
prod-babolat-court-padel-balls,best-padel-competition-balls,best-guide,considered:shortlisted
prod-kuikma-pb-speed,best-padel-competition-balls,best-guide,considered:shortlisted
prod-varlion-summum-pro-w,best-padel-competition-balls,best-guide,considered:shortlisted
prod-varlion-summum-pro-s,best-padel-competition-balls,best-guide,considered:shortlisted
prod-tecnifibre-padel-team,best-padel-competition-balls,best-guide,considered:rejected
prod-head-padel-team,best-padel-competition-balls,best-guide,considered:rejected
prod-bullpadel-premium-gold,best-padel-competition-balls,best-guide,considered:rejected
prod-adidas-aditour-padel,best-padel-competition-balls,best-guide,considered:rejected
prod-drop-shot-tournament-tech,best-padel-competition-balls,best-guide,considered:shortlisted
prod-slazenger-challenge-no-1,best-padel-competition-balls,best-guide,considered:considered
prod-dunlop-pro-padel,best-padel-competition-balls,best-guide,considered:shortlisted
prod-nox-pro-titanium,best-padel-competition-balls,best-guide,considered:shortlisted
prod-black-crown-pro,best-padel-competition-balls,best-guide,considered:shortlisted
prod-4on-pro-t1,best-padel-competition-balls,best-guide,considered:shortlisted
prod-tecnifibre-padel-team,best-padel-training-balls,best-guide,Best Training Padel Balls#1
prod-head-padel-team,best-padel-training-balls,best-guide,Best Training Padel Balls#2
prod-kuikma-pb-control,best-padel-training-balls,best-guide,Best Training Padel Balls#3
prod-kuikma-pb-speed,best-padel-training-balls,best-guide,considered:shortlisted
prod-kuikma-pb-club,best-padel-training-balls,best-guide,considered:shortlisted
prod-head-padel-pro-s,best-padel-training-balls,best-guide,considered:rejected
prod-head-padel-pro-plus,best-padel-training-balls,best-guide,considered:rejected
prod-wilson-padel-premier,best-padel-training-balls,best-guide,considered:rejected
prod-dunlop-team,best-padel-training-balls,best-guide,considered:shortlisted
prod-head-padel-pro-s,best-padel-fast-balls,best-guide,Best Fast Padel Balls#1
prod-wilson-padel-premier-speed,best-padel-fast-balls,best-guide,Best Fast Padel Balls#2
prod-kuikma-pb-speed,best-padel-fast-balls,best-guide,Best Fast Padel Balls#3
prod-adidas-speed-rx,best-padel-fast-balls,best-guide,Best Fast Padel Balls#4
prod-head-padel-pro-plus,best-padel-fast-balls,best-guide,considered:rejected
prod-wilson-padel-premier,best-padel-fast-balls,best-guide,considered:rejected
prod-kuikma-pb-control,best-padel-fast-balls,best-guide,considered:rejected
prod-varlion-summum-pro-w,best-padel-fast-balls,best-guide,considered:shortlisted
prod-kuikma-pb-speed,best-padel-value-balls,best-guide,Best Value / Bulk Padel Balls#1
prod-kuikma-pb-control,best-padel-value-balls,best-guide,Best Value / Bulk Padel Balls#2
prod-tecnifibre-padel-team,best-padel-value-balls,best-guide,Best Value / Bulk Padel Balls#3
prod-head-padel-team,best-padel-value-balls,best-guide,considered:shortlisted
prod-head-padel-pro-s,best-padel-value-balls,best-guide,considered:rejected
prod-wilson-padel-premier-speed,best-padel-value-balls,best-guide,considered:rejected
prod-dunlop-team,best-padel-value-balls,best-guide,considered:shortlisted
prod-wilson-overgrip,best-padel-overgrips,best-guide,Best Padel Overgrips#1
prod-bullpadel-gb1200,best-padel-overgrips,best-guide,Best Padel Overgrips#2
prod-hesacore-padel,best-padel-overgrips,best-guide,considered:rejected
prod-nox-pro-overgrip,best-padel-overgrips,best-guide,considered:shortlisted
prod-head-xtreme-soft,best-padel-overgrips,best-guide,considered:shortlisted
prod-babolat-pro-response,best-padel-overgrips,best-guide,considered:shortlisted
prod-kuikma-overgrip,best-padel-overgrips,best-guide,considered:shortlisted
prod-tourna-grip-xl,best-padel-overgrips,best-guide,considered:shortlisted
prod-tourna-mega-tac,best-padel-overgrips,best-guide,considered:shortlisted
prod-hesacore-gel,best-padel-overgrips,best-guide,considered:rejected
prod-bullpadel-gb1200,best-padel-overgrips-sweaty,best-guide,Best Padel Overgrips for Sweaty Hands#1
prod-nox-pro-overgrip,best-padel-overgrips-sweaty,best-guide,Best Padel Overgrips for Sweaty Hands#2
prod-tourna-grip-xl,best-padel-overgrips-sweaty,best-guide,considered:shortlisted
prod-tourna-tourna-grip-original-xl,best-padel-overgrips-sweaty,best-guide,considered:shortlisted
prod-wilson-overgrip,best-padel-overgrips-sweaty,best-guide,considered:rejected
prod-hesacore-padel,best-padel-overgrips-sweaty,best-guide,considered:rejected
prod-head-xtreme-soft,best-padel-overgrips-sweaty,best-guide,considered:rejected
prod-kuikma-overgrip,best-padel-overgrips-sweaty,best-guide,considered:shortlisted
prod-wilson-overgrip,best-padel-tacky-overgrips,best-guide,Best Tacky Padel Overgrips#1
prod-head-xtreme-soft,best-padel-tacky-overgrips,best-guide,Best Tacky Padel Overgrips#2
prod-babolat-pro-response,best-padel-tacky-overgrips,best-guide,Best Tacky Padel Overgrips#3
prod-tourna-mega-tac,best-padel-tacky-overgrips,best-guide,considered:shortlisted
prod-bullpadel-gb1200,best-padel-tacky-overgrips,best-guide,considered:rejected
prod-nox-pro-overgrip,best-padel-tacky-overgrips,best-guide,considered:rejected
prod-hesacore-padel,best-padel-tacky-overgrips,best-guide,considered:rejected
prod-bullpadel-gb1200,best-padel-dry-feel-overgrips,best-guide,Best Dry-Feel Padel Overgrips#1
prod-nox-pro-overgrip,best-padel-dry-feel-overgrips,best-guide,Best Dry-Feel Padel Overgrips#2
prod-head-hydrosorb,best-padel-dry-feel-overgrips,best-guide,considered:shortlisted
prod-hesacore-padel,best-padel-dry-feel-overgrips,best-guide,considered:rejected
prod-wilson-overgrip,best-padel-dry-feel-overgrips,best-guide,considered:rejected
prod-tourna-grip-xl,best-padel-dry-feel-overgrips,best-guide,considered:shortlisted
prod-kuikma-overgrip,best-padel-value-overgrips,best-guide,Best Value Padel Overgrips#1
prod-wilson-overgrip,best-padel-value-overgrips,best-guide,Best Value Padel Overgrips#2
prod-nox-pro-overgrip,best-padel-value-overgrips,best-guide,Best Value Padel Overgrips#3
prod-head-xtreme-soft,best-padel-value-overgrips,best-guide,considered:shortlisted
prod-bullpadel-gb1200,best-padel-value-overgrips,best-guide,considered:shortlisted
prod-hesacore-padel,best-padel-value-overgrips,best-guide,considered:rejected
prod-hesacore-padel,best-padel-ergonomic-grips,best-guide,Best Ergonomic Padel Grip Systems#1
prod-hesacore-tour-original,best-padel-ergonomic-grips,best-guide,Best Ergonomic Padel Grip Systems#2
prod-hesacore-pro-carbon,best-padel-ergonomic-grips,best-guide,Best Ergonomic Padel Grip Systems#3
prod-hesacore-gel,best-padel-ergonomic-grips,best-guide,considered:shortlisted
prod-hesacore-carbon,best-padel-ergonomic-grips,best-guide,considered:shortlisted
prod-wilson-overgrip,best-padel-ergonomic-grips,best-guide,considered:shortlisted
prod-bullpadel-gb1200,best-padel-ergonomic-grips,best-guide,considered:rejected
prod-nox-pro-overgrip,best-padel-ergonomic-grips,best-guide,considered:rejected
prod-head-hydrosorb,best-padel-ergonomic-grips,best-guide,considered:rejected
prod-nox-at10-team-bag,best-padel-bags,best-guide,Best Padel Bags#1
prod-babolat-rh-pro-padel,best-padel-bags,best-guide,Best Padel Bags#2
prod-tecnifibre-tour-endurance-backpack,best-padel-bags,best-guide,Best Padel Bags#3
prod-nox-bag-10,best-padel-bags,best-guide,considered:rejected
prod-bullpadel-vertex-backpack,best-padel-bags,best-guide,considered:shortlisted
prod-nox-at10-xxl-bag,best-padel-bags,best-guide,considered:shortlisted
prod-wilson-super-tour-padel,best-padel-bags,best-guide,considered:shortlisted
prod-nox-at10-competition-trolley,best-padel-bags,best-guide,considered:shortlisted
prod-bullpadel-hack-bpp26012,best-padel-bags,best-guide,considered:shortlisted
prod-bullpadel-hack-bpm26002,best-padel-bags,best-guide,considered:shortlisted
prod-head-tour-backpack-25l,best-padel-bags,best-guide,considered:shortlisted
prod-wilson-bela-backpack,best-padel-bags,best-guide,considered:shortlisted
prod-nox-pro-series-bag,best-padel-bags,best-guide,considered:shortlisted
prod-tecnifibre-tour-endurance-backpack,best-padel-backpacks,best-guide,Best Padel Backpacks#1
prod-bullpadel-vertex-backpack,best-padel-backpacks,best-guide,Best Padel Backpacks#2
prod-head-tour-backpack-25l,best-padel-backpacks,best-guide,Best Padel Backpacks#3
prod-bullpadel-bpm26002-hack,best-padel-backpacks,best-guide,considered:shortlisted
prod-wilson-bela-backpack,best-padel-backpacks,best-guide,considered:shortlisted
prod-babolat-court-backpack,best-padel-backpacks,best-guide,considered:shortlisted
prod-head-elite-backpack,best-padel-backpacks,best-guide,considered:shortlisted
prod-nox-at10-team-bag,best-padel-backpacks,best-guide,considered:rejected
prod-babolat-rh-pro-padel,best-padel-backpacks,best-guide,considered:rejected
prod-nox-bag-10,best-padel-backpacks,best-guide,considered:rejected
prod-babolat-rh-pro-padel,best-large-padel-bags,best-guide,Best Large Padel Bags#1
prod-nox-at10-xxl-bag,best-large-padel-bags,best-guide,Best Large Padel Bags#2
prod-wilson-super-tour-padel,best-large-padel-bags,best-guide,Best Large Padel Bags#3
prod-nox-at10-competition-trolley,best-large-padel-bags,best-guide,considered:shortlisted
prod-nox-at10-team-bag,best-large-padel-bags,best-guide,considered:rejected
prod-tecnifibre-tour-endurance-backpack,best-large-padel-bags,best-guide,considered:rejected
prod-adidas-protour-padel,best-large-padel-bags,best-guide,considered:shortlisted
prod-black-crown-spartan,best-large-padel-bags,best-guide,considered:shortlisted
prod-head-tour-backpack-25l,best-compact-padel-bags,best-guide,Best Compact Padel Bags#1
prod-tecnifibre-tour-endurance-backpack,best-compact-padel-bags,best-guide,Best Compact Padel Bags#2
prod-nox-at10-team-bag,best-compact-padel-bags,best-guide,Best Compact Padel Bags#3
prod-babolat-rh-pro-padel,best-compact-padel-bags,best-guide,considered:rejected
prod-nox-at10-xxl-bag,best-compact-padel-bags,best-guide,considered:rejected
prod-bullpadel-vertex-backpack,best-compact-padel-bags,best-guide,considered:shortlisted
prod-nox-at10-team-bag,best-padel-bags-shoe-compartment,best-guide,Best Padel Bags with Shoe Compartments#1
prod-babolat-rh-pro-padel,best-padel-bags-shoe-compartment,best-guide,Best Padel Bags with Shoe Compartments#2
prod-tecnifibre-tour-endurance-backpack,best-padel-bags-shoe-compartment,best-guide,Best Padel Bags with Shoe Compartments#3
prod-bullpadel-vertex-backpack,best-padel-bags-shoe-compartment,best-guide,considered:shortlisted
prod-nox-at10-xxl-bag,best-padel-bags-shoe-compartment,best-guide,considered:shortlisted
prod-nox-bag-10,best-padel-bags-shoe-compartment,best-guide,considered:rejected
prod-babolat-rh-pro-padel,best-padel-tournament-bags,best-guide,Best Tournament Padel Bags#1
prod-nox-at10-xxl-bag,best-padel-tournament-bags,best-guide,Best Tournament Padel Bags#2
prod-wilson-super-tour-padel,best-padel-tournament-bags,best-guide,Best Tournament Padel Bags#3
prod-nox-at10-competition-trolley,best-padel-tournament-bags,best-guide,considered:shortlisted
prod-tecnifibre-tour-endurance-backpack,best-padel-tournament-bags,best-guide,considered:rejected
prod-nox-at10-team-bag,best-padel-tournament-bags,best-guide,considered:shortlisted
prod-tecnifibre-tour-endurance-backpack,best-padel-bags-commuting,best-guide,Best Padel Bags for Commuting#1
prod-bullpadel-vertex-backpack,best-padel-bags-commuting,best-guide,Best Padel Bags for Commuting#2
prod-head-tour-backpack-25l,best-padel-bags-commuting,best-guide,Best Padel Bags for Commuting#3
prod-nox-at10-team-bag,best-padel-bags-commuting,best-guide,considered:shortlisted
prod-babolat-rh-pro-padel,best-padel-bags-commuting,best-guide,considered:rejected
prod-nox-at10-xxl-bag,best-padel-bags-commuting,best-guide,considered:rejected
prod-bullpadel-bpm26002-hack,best-padel-bags-commuting,best-guide,considered:shortlisted
prod-bullpadel-pascal-box,best-padel-ball-pressurizers,best-guide,Best Padel Ball Pressurizers#1
prod-head-x3-pressurizer,best-padel-ball-pressurizers,best-guide,Best Padel Ball Pressurizers#2
prod-bullpadel-pascal-box-pro,best-padel-ball-pressurizers,best-guide,considered:shortlisted
prod-bullpadel-pascal-box-4b,best-padel-ball-pressurizers,best-guide,considered:shortlisted
prod-bullpadel-pascal-box-switch,best-padel-ball-pressurizers,best-guide,considered:shortlisted
prod-head-padel-pro-plus,best-padel-ball-pressurizers,best-guide,considered:rejected
prod-bullpadel-frame-protector,best-padel-racket-protectors,best-guide,Best Padel Racket Protectors#1
prod-nox-frame-protector,best-padel-racket-protectors,best-guide,Best Padel Racket Protectors#2
prod-bullpadel-frame-protector-uni,best-padel-racket-protectors,best-guide,considered:shortlisted
prod-bullpadel-custom-weight,best-padel-racket-protectors,best-guide,considered:rejected
prod-bullpadel-indiga-ctr,guide-choose-padel-racket,buying-guide,How to Choose a Padel Racket
prod-nox-ml10-pro-cup,guide-choose-padel-racket,buying-guide,How to Choose a Padel Racket
prod-bullpadel-vertex-05,guide-choose-padel-racket,buying-guide,How to Choose a Padel Racket
prod-bullpadel-hack-04,guide-choose-padel-racket,buying-guide,How to Choose a Padel Racket
prod-bullpadel-indiga-ctr,guide-padel-racket-shapes,buying-guide,Padel Racket Shapes Explained
prod-bullpadel-vertex-05-hybrid,guide-padel-racket-shapes,buying-guide,Padel Racket Shapes Explained
prod-bullpadel-hack-04,guide-padel-racket-shapes,buying-guide,Padel Racket Shapes Explained
prod-nox-at10-12k-2026,guide-padel-racket-shapes,buying-guide,Padel Racket Shapes Explained
prod-bullpadel-indiga-ctr,guide-round-vs-teardrop-vs-diamond,buying-guide,Round vs Teardrop vs Diamond Padel Rackets
prod-nox-at10-12k-2026,guide-round-vs-teardrop-vs-diamond,buying-guide,Round vs Teardrop vs Diamond Padel Rackets
prod-bullpadel-hack-04,guide-round-vs-teardrop-vs-diamond,buying-guide,Round vs Teardrop vs Diamond Padel Rackets
prod-bullpadel-indiga-ctr,guide-padel-racket-balance,buying-guide,Padel Racket Balance Explained
prod-head-extreme-motion-2026,guide-padel-racket-balance,buying-guide,Padel Racket Balance Explained
prod-bullpadel-hack-04,guide-padel-racket-balance,buying-guide,Padel Racket Balance Explained
prod-adidas-metalbone-3-5-2026,guide-padel-racket-balance,buying-guide,Padel Racket Balance Explained
prod-bullpadel-ionic-light,guide-padel-racket-weight,buying-guide,Padel Racket Weight Explained
prod-head-extreme-motion-2026,guide-padel-racket-weight,buying-guide,Padel Racket Weight Explained
prod-bullpadel-vertex-05,guide-padel-racket-weight,buying-guide,Padel Racket Weight Explained
prod-adidas-metalbone-3-5-2026,guide-padel-racket-weight,buying-guide,Padel Racket Weight Explained
prod-kuikma-pr-comfort-soft,guide-padel-racket-materials,buying-guide,Padel Racket Materials Explained
prod-bullpadel-hack-04-comfort,guide-padel-racket-materials,buying-guide,Padel Racket Materials Explained
prod-nox-at10-12k-2026,guide-padel-racket-materials,buying-guide,Padel Racket Materials Explained
prod-bullpadel-hack-04,guide-padel-racket-materials,buying-guide,Padel Racket Materials Explained
prod-kuikma-pr-comfort-soft,guide-carbon-vs-fiberglass-padel,buying-guide,Carbon vs Fiberglass Padel Rackets
prod-nox-equation-soft-2026,guide-carbon-vs-fiberglass-padel,buying-guide,Carbon vs Fiberglass Padel Rackets
prod-nox-at10-12k-2026,guide-carbon-vs-fiberglass-padel,buying-guide,Carbon vs Fiberglass Padel Rackets
prod-babolat-technical-viper,guide-carbon-vs-fiberglass-padel,buying-guide,Carbon vs Fiberglass Padel Rackets
prod-nox-equation-soft-2026,guide-padel-racket-cores-eva,buying-guide,Padel Racket Cores / EVA Foam Explained
prod-kuikma-pr-comfort-soft,guide-padel-racket-cores-eva,buying-guide,Padel Racket Cores / EVA Foam Explained
prod-bullpadel-vertex-05,guide-padel-racket-cores-eva,buying-guide,Padel Racket Cores / EVA Foam Explained
prod-bullpadel-hack-04,guide-padel-racket-cores-eva,buying-guide,Padel Racket Cores / EVA Foam Explained
prod-nox-equation-soft-2026,guide-soft-vs-hard-padel-rackets,buying-guide,Soft vs Hard Padel Rackets
prod-kuikma-pr-comfort-soft,guide-soft-vs-hard-padel-rackets,buying-guide,Soft vs Hard Padel Rackets
prod-bullpadel-hack-04,guide-soft-vs-hard-padel-rackets,buying-guide,Soft vs Hard Padel Rackets
prod-adidas-metalbone-3-5-2026,guide-soft-vs-hard-padel-rackets,buying-guide,Soft vs Hard Padel Rackets
prod-bullpadel-indiga-ctr,guide-padel-racket-sweet-spots,buying-guide,How Padel Racket Sweet Spots Work
prod-nox-ml10-pro-cup,guide-padel-racket-sweet-spots,buying-guide,How Padel Racket Sweet Spots Work
prod-bullpadel-vertex-05,guide-padel-racket-sweet-spots,buying-guide,How Padel Racket Sweet Spots Work
prod-bullpadel-hack-04,guide-padel-racket-sweet-spots,buying-guide,How Padel Racket Sweet Spots Work
prod-asics-gel-resolution-padel,guide-choose-padel-shoes,buying-guide,How to Choose Padel Shoes
prod-adidas-courtstabil,guide-choose-padel-shoes,buying-guide,How to Choose Padel Shoes
prod-babolat-jet-premura,guide-choose-padel-shoes,buying-guide,How to Choose Padel Shoes
prod-joma-t-slam,guide-choose-padel-shoes,buying-guide,How to Choose Padel Shoes
prod-asics-gel-resolution-padel,guide-padel-vs-tennis-shoes,buying-guide,Padel vs Tennis Shoes
prod-head-revolt-pro-court,guide-padel-vs-tennis-shoes,buying-guide,Padel vs Tennis Shoes
prod-adidas-courtstabil,guide-padel-vs-tennis-shoes,buying-guide,Padel vs Tennis Shoes
prod-babolat-jet-premura,guide-padel-vs-tennis-shoes,buying-guide,Padel vs Tennis Shoes
prod-adidas-courtstabil,guide-padel-shoe-outsoles,buying-guide,Padel Shoe Outsoles Explained
prod-asics-gel-resolution-padel,guide-padel-shoe-outsoles,buying-guide,Padel Shoe Outsoles Explained
prod-babolat-jet-premura,guide-padel-shoe-outsoles,buying-guide,Padel Shoe Outsoles Explained
prod-joma-t-slam,guide-padel-shoe-outsoles,buying-guide,Padel Shoe Outsoles Explained
prod-head-padel-pro-s,guide-how-long-padel-balls-last,buying-guide,How Long Do Padel Balls Last?
prod-kuikma-pb-speed,guide-how-long-padel-balls-last,buying-guide,How Long Do Padel Balls Last?
prod-head-padel-pro-s,guide-choose-padel-balls,buying-guide,How to Choose Padel Balls
prod-head-padel-pro-plus,guide-choose-padel-balls,buying-guide,How to Choose Padel Balls
prod-kuikma-pb-speed,guide-choose-padel-balls,buying-guide,How to Choose Padel Balls
prod-wilson-padel-premier-speed,guide-choose-padel-balls,buying-guide,How to Choose Padel Balls
prod-head-padel-pro-s,guide-fast-vs-standard-padel-balls,buying-guide,Fast vs Standard Padel Balls
prod-head-padel-pro-plus,guide-fast-vs-standard-padel-balls,buying-guide,Fast vs Standard Padel Balls
prod-kuikma-pb-speed,guide-fast-vs-standard-padel-balls,buying-guide,Fast vs Standard Padel Balls
prod-kuikma-pb-control,guide-fast-vs-standard-padel-balls,buying-guide,Fast vs Standard Padel Balls
prod-wilson-padel-premier-speed,guide-fast-vs-standard-padel-balls,buying-guide,Fast vs Standard Padel Balls
prod-bullpadel-pascal-box,guide-padel-ball-pressurizers,buying-guide,Padel Ball Pressurizers
prod-head-x3-pressurizer,guide-padel-ball-pressurizers,buying-guide,Padel Ball Pressurizers
prod-head-padel-pro-s,guide-padel-ball-pressurizers,buying-guide,Padel Ball Pressurizers
prod-nox-at10-team-bag,guide-choose-padel-bag,buying-guide,How to Choose a Padel Bag
prod-babolat-rh-pro-padel,guide-choose-padel-bag,buying-guide,How to Choose a Padel Bag
prod-tecnifibre-tour-endurance-backpack,guide-choose-padel-bag,buying-guide,How to Choose a Padel Bag
prod-nox-at10-xxl-bag,guide-choose-padel-bag,buying-guide,How to Choose a Padel Bag
prod-nox-at10-team-bag,guide-padel-bag-vs-backpack,buying-guide,Padel Bag vs Backpack
prod-tecnifibre-tour-endurance-backpack,guide-padel-bag-vs-backpack,buying-guide,Padel Bag vs Backpack
prod-bullpadel-vertex-backpack,guide-padel-bag-vs-backpack,buying-guide,Padel Bag vs Backpack
prod-babolat-rh-pro-padel,guide-padel-bag-vs-backpack,buying-guide,Padel Bag vs Backpack
prod-bullpadel-frame-protector,guide-padel-racket-protection,buying-guide,Padel Racket Protection (Frame Protectors)
prod-nox-frame-protector,guide-padel-racket-protection,buying-guide,Padel Racket Protection (Frame Protectors)
prod-bullpadel-custom-weight,guide-padel-racket-protection,buying-guide,Padel Racket Protection (Frame Protectors)
prod-bullpadel-custom-weight,guide-padel-racket-customization,buying-guide,Padel Racket Customization
prod-hesacore-padel,guide-padel-racket-customization,buying-guide,Padel Racket Customization
prod-bullpadel-frame-protector,guide-padel-racket-customization,buying-guide,Padel Racket Customization
prod-wilson-overgrip,guide-padel-racket-customization,buying-guide,Padel Racket Customization
prod-wilson-overgrip,guide-padel-grips,buying-guide,Padel Grips & Overgrips Explained
prod-bullpadel-gb1200,guide-padel-grips,buying-guide,Padel Grips & Overgrips Explained
prod-wilson-overgrip,guide-padel-grips,buying-guide,Padel Grips & Overgrips Explained
prod-wilson-overgrip,guide-padel-grip-vs-overgrip,buying-guide,Padel Grip vs Overgrip
prod-bullpadel-gb1200,guide-padel-grip-vs-overgrip,buying-guide,Padel Grip vs Overgrip
prod-wilson-overgrip,guide-padel-grip-vs-overgrip,buying-guide,Padel Grip vs Overgrip
prod-wilson-overgrip,guide-how-often-replace-padel-overgrip,buying-guide,How Often Should You Replace a Padel Overgrip?
prod-bullpadel-gb1200,guide-how-often-replace-padel-overgrip,buying-guide,How Often Should You Replace a Padel Overgrip?
prod-wilson-overgrip,guide-how-often-replace-padel-overgrip,buying-guide,How Often Should You Replace a Padel Overgrip?
prod-bullpadel-indiga-ctr,guide-beginner-padel-gear,buying-guide,Beginner Padel Gear Guide
prod-adidas-courtstabil,guide-beginner-padel-gear,buying-guide,Beginner Padel Gear Guide
prod-head-padel-pro-s,guide-beginner-padel-gear,buying-guide,Beginner Padel Gear Guide
prod-wilson-overgrip,guide-beginner-padel-gear,buying-guide,Beginner Padel Gear Guide
prod-bullpadel-indiga-ctr,guide-complete-padel-gear-checklist,buying-guide,Complete Padel Gear Checklist
prod-asics-gel-resolution-padel,guide-complete-padel-gear-checklist,buying-guide,Complete Padel Gear Checklist
prod-nox-at10-team-bag,guide-complete-padel-gear-checklist,buying-guide,Complete Padel Gear Checklist
prod-wilson-overgrip,guide-complete-padel-gear-checklist,buying-guide,Complete Padel Gear Checklist
prod-bullpadel-vertex-05,cmp-vertex05-vs-hack04,comparison,Bullpadel Vertex 05 vs Hack 04
prod-bullpadel-hack-04,cmp-vertex05-vs-hack04,comparison,Bullpadel Vertex 05 vs Hack 04
prod-bullpadel-vertex-05,cmp-vertex05-vs-at10-12k,comparison,Bullpadel Vertex 05 vs Nox AT10 Genius 12K
prod-nox-at10-12k-2026,cmp-vertex05-vs-at10-12k,comparison,Bullpadel Vertex 05 vs Nox AT10 Genius 12K
prod-nox-at10-12k-2026,cmp-at10-12k-vs-metalbone,comparison,Nox AT10 Genius 12K vs Adidas Metalbone 3.5
prod-adidas-metalbone-3-5-2026,cmp-at10-12k-vs-metalbone,comparison,Nox AT10 Genius 12K vs Adidas Metalbone 3.5
prod-nox-at10-18k-2026,cmp-nox-babolat,comparison,Nox AT10 Genius 18K vs Babolat Technical Viper
prod-babolat-technical-viper,cmp-nox-babolat,comparison,Nox AT10 Genius 18K vs Babolat Technical Viper
prod-babolat-technical-viper,cmp-technical-vs-counter-viper,comparison,Babolat Technical Viper vs Counter Viper
prod-babolat-counter-viper,cmp-technical-vs-counter-viper,comparison,Babolat Technical Viper vs Counter Viper
prod-nox-at10-12k-2026,cmp-at10-genius-vs-attack,comparison,Nox AT10 Genius 12K vs AT10 Attack 18K
prod-nox-at10-attack-18k-2026,cmp-at10-genius-vs-attack,comparison,Nox AT10 Genius 12K vs AT10 Attack 18K
prod-bullpadel-vertex-05,cmp-vertex05-vs-hybrid,comparison,Bullpadel Vertex 05 vs Vertex 05 Hybrid
prod-bullpadel-vertex-05-hybrid,cmp-vertex05-vs-hybrid,comparison,Bullpadel Vertex 05 vs Vertex 05 Hybrid
prod-bullpadel-vertex-04,cmp-vertex04-vs-vertex05,comparison,Bullpadel Vertex 04 vs Vertex 05
prod-bullpadel-vertex-05,cmp-vertex04-vs-vertex05,comparison,Bullpadel Vertex 04 vs Vertex 05
prod-nox-ml10-pro-cup,cmp-ml10-vs-indiga,comparison,Nox ML10 Pro Cup vs Bullpadel Indiga CTR
prod-bullpadel-indiga-ctr,cmp-ml10-vs-indiga,comparison,Nox ML10 Pro Cup vs Bullpadel Indiga CTR
prod-head-coello-pro,cmp-coello-vs-technical-viper,comparison,HEAD Coello Pro vs Babolat Technical Viper
prod-babolat-technical-viper,cmp-coello-vs-technical-viper,comparison,HEAD Coello Pro vs Babolat Technical Viper
prod-bullpadel-hack-04,cmp-hack04-vs-metalbone35,comparison,Bullpadel Hack 04 vs Adidas Metalbone 3.5
prod-adidas-metalbone-3-5-2026,cmp-hack04-vs-metalbone35,comparison,Bullpadel Hack 04 vs Adidas Metalbone 3.5
prod-babolat-technical-viper,cmp-babolat-wilson,comparison,Babolat Technical Viper vs Wilson Bela Pro
prod-wilson-bela-pro,cmp-babolat-wilson,comparison,Babolat Technical Viper vs Wilson Bela Pro
prod-head-padel-pro-s,cmp-head-pro-s-vs-pro-plus,comparison,HEAD Padel Pro S+ vs Pro+
prod-head-padel-pro-plus,cmp-head-pro-s-vs-pro-plus,comparison,HEAD Padel Pro S+ vs Pro+
prod-wilson-padel-premier,cmp-wilson-premier-vs-speed,comparison,Wilson Premier vs Premier Padel Speed
prod-wilson-padel-premier-speed,cmp-wilson-premier-vs-speed,comparison,Wilson Premier vs Premier Padel Speed
prod-wilson-overgrip,cmp-wilson-vs-hac-overgrip,comparison,Wilson Pro vs Bullpadel HaC Overgrip
prod-bullpadel-gb1200,cmp-wilson-vs-hac-overgrip,comparison,Wilson Pro vs Bullpadel HaC Overgrip
prod-nox-at10-team-bag,cmp-at10-team-vs-rh-pro,comparison,Nox AT10 Team vs Babolat RH Pro
prod-babolat-rh-pro-padel,cmp-at10-team-vs-rh-pro,comparison,Nox AT10 Team vs Babolat RH Pro
prod-bullpadel-pascal-box,cmp-pascal-box-vs-head-x3,comparison,Pascal Box 3B vs HEAD X3 Pressurizer
prod-head-x3-pressurizer,cmp-pascal-box-vs-head-x3,comparison,Pascal Box 3B vs HEAD X3 Pressurizer
prod-tecnifibre-tour-endurance-backpack,cmp-tour-endurance-vs-at10-team,comparison,Tecnifibre Tour Endurance Backpack vs Nox AT10 Team
prod-nox-at10-team-bag,cmp-tour-endurance-vs-at10-team,comparison,Tecnifibre Tour Endurance Backpack vs Nox AT10 Team
prod-babolat-rh-pro-padel,cmp-rh-pro-vs-at10-xxl,comparison,Babolat RH Pro vs Nox AT10 XXL
prod-nox-at10-xxl-bag,cmp-rh-pro-vs-at10-xxl,comparison,Babolat RH Pro vs Nox AT10 XXL
prod-kuikma-pb-speed,cmp-kuikma-speed-vs-head-pro-s,comparison,Kuikma PB Speed vs HEAD Padel Pro S
prod-head-padel-pro-s,cmp-kuikma-speed-vs-head-pro-s,comparison,Kuikma PB Speed vs HEAD Padel Pro S
prod-bullpadel-frame-protector,cmp-bullpadel-vs-nox-protector,comparison,Bullpadel vs Nox Frame Protector
prod-nox-frame-protector,cmp-bullpadel-vs-nox-protector,comparison,Bullpadel vs Nox Frame Protector
prod-bullpadel-vertex-05,prod-bullpadel-vertex-04,alternative,better-value
prod-bullpadel-hack-04,prod-bullpadel-hack-03,alternative,better-value
prod-bullpadel-vertex-05,prod-bullpadel-hack-04,alternative,faster
prod-bullpadel-hack-04,prod-bullpadel-vertex-05,alternative,more-stable
prod-nox-at10-12k-2026,prod-adidas-metalbone-3-5-2026,alternative,faster
prod-adidas-metalbone-3-5-2026,prod-nox-at10-12k-2026,alternative,more-stable
prod-adidas-metalbone-3-5-2026,prod-adidas-metalbone-3-3-2026,alternative,better-value
prod-bullpadel-vertex-05,prod-nox-at10-12k-2026,alternative,faster
prod-nox-at10-12k-2026,prod-bullpadel-vertex-05,alternative,more-stable
prod-nox-at10-18k-2026,prod-nox-at10-12k-2026,alternative,premium
prod-adidas-metalbone-hrd,prod-adidas-metalbone-3-3-2026,alternative,beginner-friendly
prod-royal-padel-rp-m27-2026,prod-oxdog-sense-pro-2026,alternative,more-stable
prod-kuikma-pr-soft-500,prod-black-crown-special-one-soft,alternative,beginner-friendly
prod-black-crown-special-one-soft,prod-lok-maxx-flow,alternative,faster
prod-asics-gel-resolution-padel,prod-asics-gel-challenger-court,alternative,cheaper
prod-asics-gel-challenger-court,prod-asics-gel-resolution-padel,alternative,more-cushioned
prod-babolat-jet-premura,prod-joma-t-slam,alternative,better-value
prod-joma-t-slam,prod-babolat-jet-premura,alternative,premium
prod-adidas-courtstabil,prod-joma-t-slam,alternative,better-value
prod-nox-at10-18k-2026,prod-nox-at10-attack-18k-2026,alternative,faster
prod-nox-at10-18k-2026,prod-bullpadel-vertex-05,alternative,better-value
prod-nox-at10-12k-2026,prod-nox-at10-18k-2026,alternative,better-value
prod-nox-at10-12k-2026,prod-nox-at10-attack-18k-2026,alternative,faster
prod-nox-at10-attack-18k-2026,prod-nox-at10-18k-2026,alternative,faster
prod-nox-at10-attack-18k-2026,prod-head-coello-pro,alternative,faster
prod-nox-equation-soft-2026,prod-bullpadel-indiga-ctr,alternative,beginner-friendly
prod-nox-equation-soft-2026,prod-kuikma-pr-soft-500,alternative,beginner-friendly
prod-nox-ml10-pro-cup,prod-nox-equation-soft-2026,alternative,beginner-friendly
prod-nox-ml10-pro-cup,prod-oxdog-sense-pro-2026,alternative,beginner-friendly
prod-bullpadel-vertex-05,prod-bullpadel-vertex-05-hybrid,alternative,lighter
prod-bullpadel-vertex-05,prod-adidas-metalbone-3-5-2026,alternative,faster
prod-bullpadel-vertex-05-hybrid,prod-bullpadel-vertex-05,alternative,beginner-friendly
prod-bullpadel-vertex-05-hybrid,prod-bullpadel-hack-04-hybrid,alternative,lighter
prod-bullpadel-vertex-05-w,prod-bullpadel-vertex-05,alternative,better-value
prod-bullpadel-vertex-05-w,prod-head-coello-motion,alternative,lighter
prod-bullpadel-hack-04,prod-bullpadel-xplo,alternative,faster
prod-bullpadel-hack-04,prod-adidas-metalbone-hrd,alternative,faster
prod-bullpadel-hack-04-hybrid,prod-bullpadel-hack-04,alternative,faster
prod-bullpadel-hack-04-hybrid,prod-bullpadel-vertex-05-hybrid,alternative,lighter
prod-bullpadel-hack-04-comfort,prod-bullpadel-hack-04,alternative,faster
prod-bullpadel-hack-04-comfort,prod-bullpadel-vertex-05-w,alternative,faster
prod-bullpadel-neuron-02,prod-bullpadel-neuron-02-edge,alternative,beginner-friendly
prod-bullpadel-neuron-02,prod-bullpadel-hack-04-hybrid,alternative,lighter
prod-bullpadel-neuron-02-edge,prod-bullpadel-neuron-02,alternative,faster
prod-bullpadel-neuron-02-edge,prod-bullpadel-hack-04,alternative,faster
prod-bullpadel-xplo,prod-bullpadel-hack-04,alternative,faster
prod-bullpadel-xplo,prod-head-coello-pro,alternative,faster
prod-bullpadel-xplo-comfort,prod-bullpadel-xplo,alternative,faster
prod-bullpadel-xplo-comfort,prod-bullpadel-hack-04-comfort,alternative,faster
prod-bullpadel-ionic-light,prod-bullpadel-indiga-ctr,alternative,beginner-friendly
prod-bullpadel-ionic-light,prod-bullpadel-vertex-05-w,alternative,better-value
prod-bullpadel-indiga-ctr,prod-kuikma-pr-soft-500,alternative,beginner-friendly
prod-bullpadel-indiga-ctr,prod-head-one-ultralight,alternative,lighter
prod-bullpadel-vertex-advance,prod-bullpadel-vertex-05,alternative,faster
prod-bullpadel-vertex-advance,prod-bullpadel-hack-03,alternative,faster
prod-bullpadel-vertex-04,prod-bullpadel-vertex-05,alternative,faster
prod-bullpadel-vertex-04,prod-bullpadel-vertex-advance,alternative,faster
prod-bullpadel-hack-03,prod-bullpadel-hack-04,alternative,faster
prod-bullpadel-hack-03,prod-adidas-metalbone-3-3-2026,alternative,faster
prod-adidas-metalbone-3-5-2026,prod-adidas-metalbone-hrd,alternative,faster
prod-adidas-metalbone-3-5-2026,prod-bullpadel-vertex-05,alternative,faster
prod-adidas-metalbone-hrd,prod-adidas-metalbone-3-5-2026,alternative,faster
prod-adidas-metalbone-hrd,prod-bullpadel-hack-04,alternative,faster
prod-adidas-metalbone-ctrl,prod-adidas-metalbone-3-5-2026,alternative,faster
prod-adidas-metalbone-ctrl,prod-adidas-arrow-hit-ctrl,alternative,beginner-friendly
prod-adidas-metalbone-team-light,prod-adidas-cross-it-light,alternative,lighter
prod-adidas-metalbone-team-light,prod-adidas-match-light,alternative,beginner-friendly
prod-adidas-cross-it-light,prod-adidas-cross-it-ctrl,alternative,beginner-friendly
prod-adidas-cross-it-light,prod-head-coello-motion,alternative,lighter
prod-adidas-cross-it-ctrl,prod-adidas-cross-it-light,alternative,lighter
prod-adidas-cross-it-ctrl,prod-adidas-metalbone-ctrl,alternative,beginner-friendly
prod-adidas-arrow-hit-ctrl,prod-adidas-arrow-hit-attk,alternative,beginner-friendly
prod-adidas-arrow-hit-ctrl,prod-adidas-metalbone-ctrl,alternative,beginner-friendly
prod-adidas-arrow-hit-attk,prod-adidas-arrow-hit-ctrl,alternative,beginner-friendly
prod-adidas-arrow-hit-attk,prod-adidas-metalbone-3-5-2026,alternative,faster
prod-adidas-match-light,prod-bullpadel-indiga-ctr,alternative,beginner-friendly
prod-adidas-match-light,prod-kuikma-pr-soft-500,alternative,better-value
prod-adidas-metalbone-3-3-2026,prod-adidas-metalbone-3-5-2026,alternative,faster
prod-adidas-metalbone-3-3-2026,prod-bullpadel-hack-03,alternative,faster
prod-head-coello-pro,prod-bullpadel-xplo,alternative,faster
prod-head-coello-pro,prod-adidas-metalbone-hrd,alternative,faster
prod-head-coello-motion,prod-head-coello-pro,alternative,faster
prod-head-coello-motion,prod-head-coello-team,alternative,faster
prod-head-coello-team,prod-head-coello-motion,alternative,lighter
prod-head-coello-team,prod-adidas-match-light,alternative,beginner-friendly
prod-head-extreme-pro-padel,prod-head-extreme-motion-2026,alternative,lighter
prod-head-extreme-pro-padel,prod-head-coello-pro,alternative,faster
prod-head-extreme-motion-2026,prod-head-extreme-pro-padel,alternative,faster
prod-head-extreme-motion-2026,prod-head-gravity-motion,alternative,beginner-friendly
prod-head-gravity-pro,prod-head-gravity-motion,alternative,beginner-friendly
prod-head-gravity-pro,prod-babolat-counter-viper,alternative,beginner-friendly
prod-head-gravity-motion,prod-head-gravity-pro,alternative,beginner-friendly
prod-head-gravity-motion,prod-head-one-ultralight,alternative,lighter
prod-head-speed-pro,prod-head-extreme-pro-padel,alternative,better-value
prod-head-speed-pro,prod-head-coello-pro,alternative,faster
prod-head-one-ultralight,prod-adidas-match-light,alternative,beginner-friendly
prod-head-one-ultralight,prod-kuikma-pr-soft-500,alternative,better-value
prod-babolat-technical-viper,prod-head-coello-pro,alternative,faster
prod-babolat-technical-viper,prod-bullpadel-hack-04,alternative,faster
prod-babolat-counter-viper,prod-babolat-air-veron,alternative,lighter
prod-babolat-counter-viper,prod-head-gravity-pro,alternative,beginner-friendly
prod-babolat-air-viper,prod-babolat-air-veron,alternative,lighter
prod-babolat-air-viper,prod-head-coello-motion,alternative,lighter
prod-babolat-air-veron,prod-babolat-air-viper,alternative,lighter
prod-babolat-air-veron,prod-head-coello-team,alternative,faster
prod-siux-diablo,prod-siux-electra,alternative,beginner-friendly
prod-siux-diablo,prod-bullpadel-vertex-05-hybrid,alternative,lighter
prod-siux-electra,prod-siux-diablo,alternative,faster
prod-siux-electra,prod-siux-fenix,alternative,faster
prod-siux-fenix,prod-siux-electra,alternative,faster
prod-siux-fenix,prod-bullpadel-hack-04,alternative,faster
prod-wilson-bela-pro,prod-wilson-blade-pro-padel,alternative,faster
prod-wilson-bela-pro,prod-head-coello-pro,alternative,faster
prod-wilson-blade-pro-padel,prod-wilson-bela-pro,alternative,faster
prod-wilson-blade-pro-padel,prod-drop-shot-canyon-pro,alternative,beginner-friendly
prod-starvie-titania-kepler,prod-starvie-astrum,alternative,beginner-friendly
prod-starvie-titania-kepler,prod-adidas-metalbone-team-light,alternative,lighter
prod-starvie-basalto-osiris,prod-starvie-astrum,alternative,faster
prod-starvie-basalto-osiris,prod-adidas-metalbone-hrd,alternative,faster
prod-starvie-astrum,prod-bullpadel-vertex-05-hybrid,alternative,lighter
prod-starvie-astrum,prod-siux-diablo,alternative,better-value
prod-tecnifibre-wall-breaker-365-2026,prod-head-extreme-pro-padel,alternative,faster
prod-tecnifibre-wall-breaker-365-2026,prod-adidas-metalbone-3-5-2026,alternative,faster
prod-kuikma-pr-soft-500,prod-bullpadel-indiga-ctr,alternative,beginner-friendly
prod-kuikma-pr-soft-500,prod-adidas-match-light,alternative,beginner-friendly
prod-drop-shot-canyon-pro,prod-starvie-titania-kepler,alternative,beginner-friendly
prod-drop-shot-canyon-pro,prod-wilson-blade-pro-padel,alternative,beginner-friendly
prod-varlion-lw-carbon-difusor,prod-oxdog-sense-pro-2026,alternative,beginner-friendly
prod-varlion-lw-carbon-difusor,prod-babolat-counter-viper,alternative,beginner-friendly
prod-oxdog-sense-pro-2026,prod-varlion-lw-carbon-difusor,alternative,beginner-friendly
prod-oxdog-sense-pro-2026,prod-siux-diablo,alternative,beginner-friendly
prod-royal-padel-rp-m27-2026,prod-kuikma-pr-soft-500,alternative,beginner-friendly
prod-royal-padel-rp-m27-2026,prod-varlion-lw-carbon-difusor,alternative,beginner-friendly
prod-black-crown-special-one-soft,prod-kuikma-pr-soft-500,alternative,beginner-friendly
prod-black-crown-special-one-soft,prod-bullpadel-indiga-ctr,alternative,beginner-friendly
prod-lok-maxx-flow,prod-siux-diablo,alternative,better-value
prod-lok-maxx-flow,prod-head-coello-team,alternative,faster
prod-nox-at10-attack-12k-2026,prod-nox-at10-attack-18k-2026,alternative,faster
prod-nox-at10-attack-12k-2026,prod-bullpadel-hack-04,alternative,faster
prod-kuikma-pr-hybrid-carbon,prod-kuikma-pr-soft-500,alternative,better-value
prod-kuikma-pr-hybrid-carbon,prod-bullpadel-vertex-advance,alternative,better-value
prod-kuikma-pr-comfort-soft,prod-kuikma-pr-soft-500,alternative,beginner-friendly
prod-kuikma-pr-comfort-soft,prod-bullpadel-indiga-ctr,alternative,beginner-friendly
prod-head-padel-pro-s,prod-head-padel-pro-plus,alternative,more-stable
prod-head-padel-pro-plus,prod-head-padel-pro-s,alternative,faster
prod-head-padel-pro-s,prod-kuikma-pb-speed,alternative,cheaper
prod-kuikma-pb-speed,prod-head-padel-pro-s,alternative,premium
prod-kuikma-pb-speed,prod-kuikma-pb-control,alternative,more-stable
prod-kuikma-pb-control,prod-kuikma-pb-speed,alternative,faster
prod-head-padel-pro-s,prod-head-padel-team,alternative,cheaper
prod-head-padel-pro-s,prod-wilson-padel-premier-speed,alternative,faster
prod-kuikma-pb-speed,prod-kuikma-pb-club,alternative,better-value
prod-nox-at10-team-bag,prod-tecnifibre-tour-endurance-backpack,alternative,lighter
prod-tecnifibre-tour-endurance-backpack,prod-nox-at10-team-bag,alternative,premium
prod-nox-at10-team-bag,prod-babolat-rh-pro-padel,alternative,premium
prod-babolat-rh-pro-padel,prod-nox-at10-team-bag,alternative,lighter
prod-babolat-rh-pro-padel,prod-nox-at10-xxl-bag,alternative,premium
prod-nox-at10-xxl-bag,prod-babolat-rh-pro-padel,alternative,lighter
prod-nox-at10-team-bag,prod-kuikma-paletero,alternative,cheaper
prod-wilson-overgrip,prod-bullpadel-gb1200,alternative,more-cushioned
prod-bullpadel-gb1200,prod-wilson-overgrip,alternative,lighter
prod-wilson-overgrip,prod-kuikma-overgrip,alternative,cheaper
prod-wilson-overgrip,prod-hesacore-padel,alternative,more-cushioned
prod-hesacore-padel,prod-wilson-overgrip,alternative,cheaper
prod-bullpadel-pascal-box,prod-head-padel-pro-s,alternative,better-value
prod-head-x3-pressurizer,prod-kuikma-pb-speed,alternative,cheaper
prod-bullpadel-frame-protector,prod-nox-frame-protector,alternative,lighter
prod-nox-frame-protector,prod-bullpadel-frame-protector,alternative,better-value
prod-bullpadel-frame-protector,prod-bullpadel-custom-weight,alternative,premium
prod-bullpadel-indiga-ctr,setup-padel-starter,gear-setup,Padel Essentials Starter Kit:Padel Racket
prod-adidas-courtstabil,setup-padel-starter,gear-setup,Padel Essentials Starter Kit:Padel Shoes
prod-head-padel-pro-s,setup-padel-starter,gear-setup,Padel Essentials Starter Kit:Padel Balls
prod-wilson-overgrip,setup-padel-starter,gear-setup,Padel Essentials Starter Kit:Overgrips
prod-bullpadel-indiga-ctr,setup-padel-beginner,gear-setup,Beginner Padel Kit:Padel Racket
prod-adidas-courtstabil,setup-padel-beginner,gear-setup,Beginner Padel Kit:Padel Shoes
prod-head-padel-pro-s,setup-padel-beginner,gear-setup,Beginner Padel Kit:Competition Balls
prod-kuikma-pb-speed,setup-padel-beginner,gear-setup,Beginner Padel Kit:Training / Value Balls
prod-wilson-overgrip,setup-padel-beginner,gear-setup,Beginner Padel Kit:Overgrips
prod-nox-at10-team-bag,setup-padel-beginner,gear-setup,Beginner Padel Kit:Club Bag
prod-nox-at10-12k-2026,setup-padel-club,gear-setup,Regular Club Player Kit:Padel Racket
prod-asics-gel-resolution-padel,setup-padel-club,gear-setup,Regular Club Player Kit:Padel Shoes
prod-head-padel-pro-s,setup-padel-club,gear-setup,Regular Club Player Kit:Padel Balls
prod-wilson-overgrip,setup-padel-club,gear-setup,Regular Club Player Kit:Overgrips
prod-nox-at10-team-bag,setup-padel-club,gear-setup,Regular Club Player Kit:Club Bag
prod-bullpadel-vertex-05,setup-padel-competitive,gear-setup,Competitive Player Kit:Padel Racket
prod-asics-gel-resolution-padel,setup-padel-competitive,gear-setup,Competitive Player Kit:Padel Shoes
prod-head-padel-pro-s,setup-padel-competitive,gear-setup,Competitive Player Kit:Padel Balls
prod-wilson-overgrip,setup-padel-competitive,gear-setup,Competitive Player Kit:Overgrips
prod-babolat-rh-pro-padel,setup-padel-competitive,gear-setup,Competitive Player Kit:Tournament Bag
prod-bullpadel-frame-protector,setup-padel-competitive,gear-setup,Competitive Player Kit:Frame Protector
prod-bullpadel-vertex-05,setup-padel-tournament-day,gear-setup,Tournament Day Kit:Primary Racket
prod-asics-gel-resolution-padel,setup-padel-tournament-day,gear-setup,Tournament Day Kit:Padel Shoes
prod-head-padel-pro-s,setup-padel-tournament-day,gear-setup,Tournament Day Kit:Competition Balls
prod-wilson-overgrip,setup-padel-tournament-day,gear-setup,Tournament Day Kit:Spare Overgrips
prod-nox-at10-xxl-bag,setup-padel-tournament-day,gear-setup,Tournament Day Kit:Tournament Bag
prod-bullpadel-frame-protector,setup-padel-tournament-day,gear-setup,Tournament Day Kit:Frame Protector
prod-head-x3-pressurizer,setup-padel-tournament-day,gear-setup,Tournament Day Kit:Pressurizer
prod-bullpadel-indiga-ctr,setup-padel-commuter,gear-setup,Padel Commuter Kit:Padel Racket
prod-adidas-courtstabil,setup-padel-commuter,gear-setup,Padel Commuter Kit:Padel Shoes
prod-head-padel-pro-s,setup-padel-commuter,gear-setup,Padel Commuter Kit:Padel Balls
prod-wilson-overgrip,setup-padel-commuter,gear-setup,Padel Commuter Kit:Overgrips
prod-tecnifibre-tour-endurance-backpack,setup-padel-commuter,gear-setup,Padel Commuter Kit:Backpack
prod-kuikma-pr-comfort-soft,setup-padel-budget,gear-setup,Budget Starter Kit:Padel Racket
prod-kuikma-ps-990,setup-padel-budget,gear-setup,Budget Starter Kit:Padel Shoes
prod-kuikma-pb-speed,setup-padel-budget,gear-setup,Budget Starter Kit:Padel Balls
prod-kuikma-overgrip,setup-padel-budget,gear-setup,Budget Starter Kit:Overgrips
prod-kuikma-paletero,setup-padel-budget,gear-setup,Budget Starter Kit:Bag
prod-head-padel-pro-s,prod-head-padel-pro-plus,compatible-accessory,Padel Pro+
prod-head-padel-pro-s,prod-wilson-padel-premier-speed,compatible-accessory,Premier Padel Speed
prod-wilson-overgrip,prod-head-xtreme-soft,compatible-accessory,Xtreme Soft
prod-wilson-overgrip,prod-bullpadel-gb1200,compatible-accessory,HaC
prod-head-padel-pro-plus,prod-head-padel-pro-s,compatible-accessory,Padel Pro S+
prod-head-padel-pro-plus,prod-wilson-padel-premier,compatible-accessory,Padel Premier
prod-head-padel-team,prod-tecnifibre-padel-team,compatible-accessory,Padel Team
prod-head-padel-team,prod-head-padel-one,compatible-accessory,Padel One
prod-head-padel-one,prod-head-padel-team,compatible-accessory,Padel Team
prod-head-padel-one,prod-head-padel-pro-plus,compatible-accessory,Padel Pro+
prod-kuikma-pb-speed,prod-kuikma-pb-control,compatible-accessory,PB Control
prod-kuikma-pb-speed,prod-kuikma-pb-club,compatible-accessory,PB Club
prod-kuikma-pb-control,prod-kuikma-pb-speed,compatible-accessory,Padel Speed
prod-kuikma-pb-control,prod-head-padel-pro-plus,compatible-accessory,Padel Pro+
prod-kuikma-pb-club,prod-tecnifibre-padel-team,compatible-accessory,Padel Team
prod-kuikma-pb-club,prod-head-padel-team,compatible-accessory,Padel Team
prod-wilson-padel-premier,prod-wilson-padel-premier-speed,compatible-accessory,Premier Padel Speed
prod-wilson-padel-premier,prod-head-padel-pro-plus,compatible-accessory,Padel Pro+
prod-wilson-padel-premier-speed,prod-wilson-padel-premier,compatible-accessory,Padel Premier
prod-wilson-padel-premier-speed,prod-head-padel-pro-s,compatible-accessory,Padel Pro S+
prod-bullpadel-premium-pro,prod-head-padel-pro-plus,compatible-accessory,Padel Pro+
prod-bullpadel-premium-pro,prod-dunlop-pro-padel,compatible-accessory,Fort Padel
prod-bullpadel-premium-gold,prod-bullpadel-premium-pro,compatible-accessory,Premium Pro
prod-adidas-aditour-padel,prod-adidas-speed-rx,compatible-accessory,Speed RX
prod-adidas-speed-rx,prod-head-padel-pro-s,compatible-accessory,Padel Pro S+
prod-adidas-speed-rx,prod-wilson-padel-premier-speed,compatible-accessory,Premier Padel Speed
prod-babolat-court-padel-balls,prod-head-padel-pro-plus,compatible-accessory,Padel Pro+
prod-babolat-court-padel-balls,prod-bullpadel-premium-pro,compatible-accessory,Premium Pro
prod-dunlop-pro-padel,prod-head-padel-pro-plus,compatible-accessory,Padel Pro+
prod-dunlop-pro-padel,prod-bullpadel-premium-pro,compatible-accessory,Premium Pro
prod-tecnifibre-padel-team,prod-head-padel-team,compatible-accessory,Padel Team
prod-tecnifibre-padel-team,prod-kuikma-pb-club,compatible-accessory,PB Club
prod-nox-at10-team-bag,prod-nox-bag-10,compatible-accessory,Thermo Bag 10
prod-nox-at10-team-bag,prod-babolat-rh-pro-padel,compatible-accessory,RH Pro Padel
prod-babolat-rh-pro-padel,prod-babolat-court-backpack,compatible-accessory,Court S
prod-babolat-rh-pro-padel,prod-nox-at10-team-bag,compatible-accessory,AT10 Team Paletero
prod-bullpadel-vertex-backpack,prod-tecnifibre-tour-endurance-backpack,compatible-accessory,Tour Endurance Backpack
prod-bullpadel-vertex-backpack,prod-nox-at10-team-bag,compatible-accessory,AT10 Team Paletero
prod-tecnifibre-tour-endurance-backpack,prod-bullpadel-vertex-backpack,compatible-accessory,Vertex Geo Backpack
prod-tecnifibre-tour-endurance-backpack,prod-babolat-court-backpack,compatible-accessory,Court S
prod-babolat-court-backpack,prod-babolat-rh-pro-padel,compatible-accessory,RH Pro Padel
prod-adidas-protour-padel,prod-nox-at10-team-bag,compatible-accessory,AT10 Team Paletero
prod-adidas-protour-padel,prod-wilson-super-tour-padel,compatible-accessory,Bela Super Tour
prod-head-tour-team-padel,prod-head-elite-backpack,compatible-accessory,Elite Backpack
prod-head-elite-backpack,prod-head-tour-team-padel,compatible-accessory,Tour Team Padel
prod-wilson-super-tour-padel,prod-babolat-rh-pro-padel,compatible-accessory,RH Pro Padel
prod-wilson-super-tour-padel,prod-nox-at10-xxl-bag,compatible-accessory,AT10 XXL
prod-kuikma-paletero,prod-nox-at10-team-bag,compatible-accessory,AT10 Team Paletero
prod-nox-pro-series-bag,prod-nox-at10-team-bag,compatible-accessory,AT10 Team Paletero
prod-nox-pro-series-bag,prod-nox-at10-xxl-bag,compatible-accessory,AT10 XXL
prod-nox-at10-xxl-bag,prod-nox-at10-team-bag,compatible-accessory,AT10 Team Paletero
prod-nox-at10-xxl-bag,prod-babolat-rh-pro-padel,compatible-accessory,RH Pro Padel
prod-siux-paletero,prod-nox-at10-team-bag,compatible-accessory,AT10 Team Paletero
prod-bullpadel-gb1200,prod-wilson-overgrip,compatible-accessory,Pro Padel Overgrip
prod-bullpadel-gb1200,prod-nox-pro-overgrip,compatible-accessory,Pro Overgrip
prod-nox-pro-overgrip,prod-bullpadel-gb1200,compatible-accessory,HaC
prod-nox-pro-overgrip,prod-wilson-overgrip,compatible-accessory,Pro Padel Overgrip
prod-head-xtreme-soft,prod-wilson-overgrip,compatible-accessory,Pro Padel Overgrip
prod-head-xtreme-soft,prod-nox-pro-overgrip,compatible-accessory,Pro Overgrip
prod-babolat-pro-response,prod-wilson-overgrip,compatible-accessory,Pro Padel Overgrip
prod-kuikma-overgrip,prod-wilson-overgrip,compatible-accessory,Pro Padel Overgrip
prod-head-hydrosorb,prod-head-xtreme-soft,compatible-accessory,Xtreme Soft
prod-babolat-syntec-pro,prod-babolat-pro-response,compatible-accessory,Pro Response
prod-hesacore-padel,prod-head-hydrosorb,compatible-accessory,Hydrosorb
prod-hesacore-padel,prod-wilson-overgrip,compatible-accessory,Pro Padel Overgrip
prod-adidas-padel-overgrip,prod-wilson-overgrip,compatible-accessory,Pro Padel Overgrip
prod-bullpadel-frame-protector,prod-nox-frame-protector,compatible-accessory,Transparent Protector
prod-bullpadel-frame-protector,prod-bullpadel-custom-weight,compatible-accessory,Protector Custom Weight
prod-nox-frame-protector,prod-bullpadel-frame-protector,compatible-accessory,Frame Protector
prod-bullpadel-pascal-box,prod-head-x3-pressurizer,compatible-accessory,X3 Pressurizer
prod-bullpadel-pascal-box,prod-head-padel-pro-plus,compatible-accessory,Padel Pro+
prod-head-x3-pressurizer,prod-bullpadel-pascal-box,compatible-accessory,Pascal Box 3B
prod-bullpadel-custom-weight,prod-bullpadel-frame-protector,compatible-accessory,Frame Protector
prod-head-wristband,prod-wilson-wristband,compatible-accessory,Wilson Wristband
prod-head-wristband,prod-nox-wristband,compatible-accessory,Nox Wristband
prod-wilson-wristband,prod-head-wristband,compatible-accessory,HEAD Wristband
prod-nox-wristband,prod-head-wristband,compatible-accessory,HEAD Wristband
prod-bullpadel-wristband,prod-head-wristband,compatible-accessory,HEAD Wristband
prod-head-smartsorb,prod-bullpadel-frame-protector,compatible-accessory,Frame Protector
